{
  "features": [
    {
      "geometry": {
        "coordinates": [
          [
            [
              -39.322094,
              -7.236594
            ],
            [
              -39.320703,
              -7.236696
            ],
            [
              -39.31889,
              -7.236834
            ],
            [
              -39.316787,
              -7.236855
            ],
            [
              -39.316776,
              -7.236408
            ],
            [
              -39.316089,
              -7.236408
            ],
            [
              -39.316079,
              -7.235929
            ],
            [
              -39.312774,
              -7.235951
            ],
            [
              -39.312495,
              -7.23396
            ],
            [
              -39.312366,
              -7.23246
            ],
            [
              -39.312287,
              -7.229062
            ],
            [
              -39.314828,
              -7.229129
            ],
            [
              -39.317165,
              -7.229171
            ],
            [
              -39.318131,
              -7.229211
            ],
            [
              -39.319821,
              -7.229252
            ],
            [
              -39.320014,
              -7.230184
            ],
            [
              -39.319916,
              -7.23024
            ],
            [
              -39.319959,
              -7.231677
            ],
            [
              -39.321879,
              -7.231634
            ],
            [
              -39.321922,
              -7.232124
            ],
            [
              -39.322566,
              -7.232528
            ],
            [
              -39.322029,
              -7.233592
            ],
            [
              -39.322094,
              -7.236594
            ]
          ]
        ],
        "type": "Polygon"
      },
      "properties": {
        "bairro": "JUAZEIRO DO NORTE",
        "faction": "CV",
        "generated_at": "2026-07-11T17:06:46.105364",
        "geometry_type": "Polygon",
        "is_centroid": false,
        "is_tactical": true,
        "local_street_pressure": 10.478,
        "municipality": "JUAZEIRO DO NORTE",
        "name": "João Cabral",
        "nearby_streets": [
          "JOÃO CABRAL",
          "RUA OZANA PEREIRA",
          "RUA PIO NORÕES"
        ],
        "nearby_streets_count": 27,
        "node_id": 1,
        "parent_area": "JUAZEIRO DO NORTE",
        "parent_risk_level": "crítico",
        "parent_risk_score": 99.2,
        "parent_status": "CRÍTICO",
        "peak_hours": "Entre 18hs e 23hs",
        "rank": 1,
        "region": "interior",
        "risk_score": 92.354,
        "score": 92.354,
        "source_geometry_type": "Polygon"
      },
      "type": "Feature"
    },
    {
      "geometry": {
        "coordinates": [
          [
            [
              -39.332037,
              -7.227806
            ],
            [
              -39.330836,
              -7.237848
            ],
            [
              -39.329431,
              -7.237358
            ],
            [
              -39.327876,
              -7.236028
            ],
            [
              -39.326738,
              -7.235858
            ],
            [
              -39.326898,
              -7.235098
            ],
            [
              -39.325825,
              -7.234843
            ],
            [
              -39.325728,
              -7.235205
            ],
            [
              -39.32517,
              -7.235024
            ],
            [
              -39.325299,
              -7.234268
            ],
            [
              -39.324806,
              -7.234268
            ],
            [
              -39.324934,
              -7.233768
            ],
            [
              -39.324526,
              -7.233672
            ],
            [
              -39.32443,
              -7.233874
            ],
            [
              -39.324012,
              -7.233768
            ],
            [
              -39.324559,
              -7.229936
            ],
            [
              -39.325943,
              -7.230138
            ],
            [
              -39.326061,
              -7.229148
            ],
            [
              -39.326308,
              -7.229212
            ],
            [
              -39.326297,
              -7.229031
            ],
            [
              -39.326812,
              -7.229159
            ],
            [
              -39.326865,
              -7.229063
            ],
            [
              -39.327176,
              -7.229053
            ],
            [
              -39.327338,
              -7.227978
            ],
            [
              -39.327981,
              -7.228084
            ],
            [
              -39.328078,
              -7.227499
            ],
            [
              -39.328679,
              -7.227626
            ],
            [
              -39.332037,
              -7.227806
            ]
          ]
        ],
        "type": "Polygon"
      },
      "properties": {
        "bairro": "JUAZEIRO DO NORTE",
        "faction": "CV",
        "generated_at": "2026-07-11T17:06:46.105364",
        "geometry_type": "Polygon",
        "is_centroid": false,
        "is_tactical": true,
        "local_street_pressure": 9.168,
        "municipality": "JUAZEIRO DO NORTE",
        "name": "Bairro do Triângulo",
        "nearby_streets": [
          "BAIRRO DO TRIÂNGULO",
          "RUA LETÍCIA VASCONCELOS",
          "RUA JOAQUIM DE FIGUEIREDO"
        ],
        "nearby_streets_count": 28,
        "node_id": 2,
        "parent_area": "JUAZEIRO DO NORTE",
        "parent_risk_level": "crítico",
        "parent_risk_score": 99.2,
        "parent_status": "CRÍTICO",
        "peak_hours": "Entre 18hs e 23hs",
        "rank": 2,
        "region": "interior",
        "risk_score": 90.108,
        "score": 90.108,
        "source_geometry_type": "Polygon"
      },
      "type": "Feature"
    },
    {
      "geometry": {
        "coordinates": [
          [
            [
              -39.316841,
              -7.223187
            ],
            [
              -39.316761,
              -7.225085
            ],
            [
              -39.319141,
              -7.225246
            ],
            [
              -39.319821,
              -7.229252
            ],
            [
              -39.312287,
              -7.229062
            ],
            [
              -39.312244,
              -7.228054
            ],
            [
              -39.312296,
              -7.226736
            ],
            [
              -39.312784,
              -7.22514
            ],
            [
              -39.313096,
              -7.224285
            ],
            [
              -39.315481,
              -7.223449
            ],
            [
              -39.316188,
              -7.223236
            ],
            [
              -39.316841,
              -7.223187
            ]
          ]
        ],
        "type": "Polygon"
      },
      "properties": {
        "bairro": "JUAZEIRO DO NORTE",
        "faction": "CV",
        "generated_at": "2026-07-11T17:06:46.105364",
        "geometry_type": "Polygon",
        "is_centroid": false,
        "is_tactical": true,
        "local_street_pressure": 8.124,
        "municipality": "JUAZEIRO DO NORTE",
        "name": "Romeirão",
        "nearby_streets": [
          "ROMEIRÃO",
          "AVENIDA PRESIDENTE CASTELO BRANCO",
          "RUA JOAQUIM DA ROCHA"
        ],
        "nearby_streets_count": 26,
        "node_id": 3,
        "parent_area": "JUAZEIRO DO NORTE",
        "parent_risk_level": "crítico",
        "parent_risk_score": 99.2,
        "parent_status": "CRÍTICO",
        "peak_hours": "Entre 18hs e 23hs",
        "rank": 3,
        "region": "interior",
        "risk_score": 88.113,
        "score": 88.113,
        "source_geometry_type": "Polygon"
      },
      "type": "Feature"
    },
    {
      "geometry": {
        "coordinates": [
          [
            [
              -39.336878,
              -7.239958
            ],
            [
              -39.339167,
              -7.240329
            ],
            [
              -39.33884,
              -7.242455
            ],
            [
              -39.340918,
              -7.242823
            ],
            [
              -39.340444,
              -7.245872
            ],
            [
              -39.340444,
              -7.246142
            ],
            [
              -39.340375,
              -7.24656
            ],
            [
              -39.338232,
              -7.246241
            ],
            [
              -39.337962,
              -7.247833
            ],
            [
              -39.335667,
              -7.247441
            ],
            [
              -39.336878,
              -7.239958
            ]
          ]
        ],
        "type": "Polygon"
      },
      "properties": {
        "bairro": "JUAZEIRO DO NORTE",
        "faction": "PCC",
        "generated_at": "2026-07-11T17:06:46.105364",
        "geometry_type": "Polygon",
        "is_centroid": false,
        "is_tactical": true,
        "local_street_pressure": 7.977,
        "municipality": "JUAZEIRO DO NORTE",
        "name": "Mutirão ll ou Frei Damião",
        "nearby_streets": [
          "MUTIRÃO LL OU FREI DAMIÃO",
          "RUA JOSÉ MAGALHÃES LANDIM",
          "RUA ESTUDANTE JOSÉ DOS SANTOS LOPES"
        ],
        "nearby_streets_count": 20,
        "node_id": 4,
        "parent_area": "JUAZEIRO DO NORTE",
        "parent_risk_level": "crítico",
        "parent_risk_score": 99.2,
        "parent_status": "CRÍTICO",
        "peak_hours": "Entre 18hs e 23hs",
        "rank": 4,
        "region": "interior",
        "risk_score": 87.739,
        "score": 87.739,
        "source_geometry_type": "Polygon"
      },
      "type": "Feature"
    },
    {
      "geometry": {
        "coordinates": [
          [
            [
              -39.322666,
              -7.217931
            ],
            [
              -39.322584,
              -7.21858
            ],
            [
              -39.32238,
              -7.220081
            ],
            [
              -39.320891,
              -7.220475
            ],
            [
              -39.320746,
              -7.219935
            ],
            [
              -39.319826,
              -7.22018
            ],
            [
              -39.31936,
              -7.216938
            ],
            [
              -39.322666,
              -7.217931
            ]
          ]
        ],
        "type": "Polygon"
      },
      "properties": {
        "bairro": "JUAZEIRO DO NORTE",
        "faction": "CV",
        "generated_at": "2026-07-11T17:06:46.105364",
        "geometry_type": "Polygon",
        "is_centroid": false,
        "is_tactical": true,
        "local_street_pressure": 7.424,
        "municipality": "JUAZEIRO DO NORTE",
        "name": "Faixa de Gaza",
        "nearby_streets": [
          "FAIXA DE GAZA",
          "RUA JOSÉ MARROCOS",
          "RUA FISCAL JOSÉ SOARES"
        ],
        "nearby_streets_count": 23,
        "node_id": 5,
        "parent_area": "JUAZEIRO DO NORTE",
        "parent_risk_level": "crítico",
        "parent_risk_score": 99.2,
        "parent_status": "CRÍTICO",
        "peak_hours": "Entre 18hs e 23hs",
        "rank": 5,
        "region": "interior",
        "risk_score": 86.562,
        "score": 86.562,
        "source_geometry_type": "Polygon"
      },
      "type": "Feature"
    },
    {
      "geometry": {
        "coordinates": [
          [
            [
              -39.330208,
              -7.223517
            ],
            [
              -39.330723,
              -7.221026
            ],
            [
              -39.33259,
              -7.221239
            ],
            [
              -39.332762,
              -7.220239
            ],
            [
              -39.333191,
              -7.220004
            ],
            [
              -39.334146,
              -7.219643
            ],
            [
              -39.334822,
              -7.219717
            ],
            [
              -39.334854,
              -7.219557
            ],
            [
              -39.338244,
              -7.219802
            ],
            [
              -39.33745,
              -7.224422
            ],
            [
              -39.33421,
              -7.224145
            ],
            [
              -39.334017,
              -7.225571
            ],
            [
              -39.331764,
              -7.22555
            ],
            [
              -39.332,
              -7.223698
            ],
            [
              -39.330208,
              -7.223517
            ]
          ]
        ],
        "type": "Polygon"
      },
      "properties": {
        "bairro": "JUAZEIRO DO NORTE",
        "faction": "CV",
        "generated_at": "2026-07-11T17:06:46.105364",
        "geometry_type": "Polygon",
        "is_centroid": false,
        "is_tactical": true,
        "local_street_pressure": 6.509,
        "municipality": "JUAZEIRO DO NORTE",
        "name": "Bairro Antonio Vieira",
        "nearby_streets": [
          "BAIRRO ANTONIO VIEIRA",
          "RUA LADISLAU DE ARRUDA CAMPOS",
          "RUA CECÍLIA MEIRELES"
        ],
        "nearby_streets_count": 17,
        "node_id": 6,
        "parent_area": "JUAZEIRO DO NORTE",
        "parent_risk_level": "crítico",
        "parent_risk_score": 99.2,
        "parent_status": "CRÍTICO",
        "peak_hours": "Entre 18hs e 23hs",
        "rank": 6,
        "region": "interior",
        "risk_score": 85.54,
        "score": 85.54,
        "source_geometry_type": "Polygon"
      },
      "type": "Feature"
    },
    {
      "geometry": {
        "coordinates": [
          [
            [
              -39.312358,
              -7.211259
            ],
            [
              -39.313281,
              -7.210851
            ],
            [
              -39.31283,
              -7.215328
            ],
            [
              -39.314199,
              -7.215474
            ],
            [
              -39.314419,
              -7.213444
            ],
            [
              -39.315029,
              -7.213471
            ],
            [
              -39.31466,
              -7.216979
            ],
            [
              -39.311794,
              -7.21681
            ],
            [
              -39.312358,
              -7.211259
            ]
          ]
        ],
        "type": "Polygon"
      },
      "properties": {
        "bairro": "JUAZEIRO DO NORTE",
        "faction": "CV",
        "generated_at": "2026-07-11T17:06:46.105364",
        "geometry_type": "Polygon",
        "is_centroid": false,
        "is_tactical": true,
        "local_street_pressure": 6.164,
        "municipality": "JUAZEIRO DO NORTE",
        "name": "Franciscano",
        "nearby_streets": [
          "FRANCISCANO",
          "RUA DO SEMINÁRIO",
          "PIO 12"
        ],
        "nearby_streets_count": 21,
        "node_id": 7,
        "parent_area": "JUAZEIRO DO NORTE",
        "parent_risk_level": "crítico",
        "parent_risk_score": 99.2,
        "parent_status": "CRÍTICO",
        "peak_hours": "Entre 18hs e 23hs",
        "rank": 7,
        "region": "interior",
        "risk_score": 84.599,
        "score": 84.599,
        "source_geometry_type": "Polygon"
      },
      "type": "Feature"
    },
    {
      "geometry": {
        "coordinates": [
          [
            [
              -39.331409,
              -7.212864
            ],
            [
              -39.331004,
              -7.214848
            ],
            [
              -39.331143,
              -7.214869
            ],
            [
              -39.331054,
              -7.215132
            ],
            [
              -39.331355,
              -7.215196
            ],
            [
              -39.330969,
              -7.217463
            ],
            [
              -39.329831,
              -7.217293
            ],
            [
              -39.329574,
              -7.218943
            ],
            [
              -39.328651,
              -7.218826
            ],
            [
              -39.328662,
              -7.219294
            ],
            [
              -39.328125,
              -7.219155
            ],
            [
              -39.32819,
              -7.218613
            ],
            [
              -39.327739,
              -7.218496
            ],
            [
              -39.328137,
              -7.216206
            ],
            [
              -39.32642,
              -7.215961
            ],
            [
              -39.326646,
              -7.214386
            ],
            [
              -39.327172,
              -7.211661
            ],
            [
              -39.328395,
              -7.211821
            ],
            [
              -39.328963,
              -7.211906
            ],
            [
              -39.329188,
              -7.212108
            ],
            [
              -39.331184,
              -7.212832
            ],
            [
              -39.331409,
              -7.212864
            ]
          ]
        ],
        "type": "Polygon"
      },
      "properties": {
        "bairro": "JUAZEIRO DO NORTE",
        "faction": "CV",
        "generated_at": "2026-07-11T17:06:46.105364",
        "geometry_type": "Polygon",
        "is_centroid": false,
        "is_tactical": true,
        "local_street_pressure": 5.872,
        "municipality": "JUAZEIRO DO NORTE",
        "name": "Santo Antônio- Juazeiro do Norte",
        "nearby_streets": [
          "SANTO ANTÔNIO- JUAZEIRO DO NORTE",
          "RUA APOLO Ⅺ",
          "RUA MONSENHOR LIMA"
        ],
        "nearby_streets_count": 15,
        "node_id": 8,
        "parent_area": "JUAZEIRO DO NORTE",
        "parent_risk_level": "crítico",
        "parent_risk_score": 99.2,
        "parent_status": "CRÍTICO",
        "peak_hours": "Entre 18hs e 23hs",
        "rank": 8,
        "region": "interior",
        "risk_score": 84.401,
        "score": 84.401,
        "source_geometry_type": "Polygon"
      },
      "type": "Feature"
    },
    {
      "geometry": {
        "coordinates": [
          [
            [
              -39.308082,
              -7.208717
            ],
            [
              -39.308182,
              -7.208986
            ],
            [
              -39.308967,
              -7.209392
            ],
            [
              -39.310498,
              -7.209528
            ],
            [
              -39.3093181,
              -7.2201594
            ],
            [
              -39.3056162,
              -7.2198161
            ],
            [
              -39.306093,
              -7.215604
            ],
            [
              -39.305989,
              -7.21441
            ],
            [
              -39.30545,
              -7.212229
            ],
            [
              -39.304312,
              -7.211301
            ],
            [
              -39.303799,
              -7.210552
            ],
            [
              -39.303099,
              -7.209344
            ],
            [
              -39.305402,
              -7.206368
            ],
            [
              -39.308273,
              -7.206833
            ],
            [
              -39.308082,
              -7.208717
            ]
          ]
        ],
        "type": "Polygon"
      },
      "properties": {
        "bairro": "JUAZEIRO DO NORTE",
        "faction": "CV",
        "generated_at": "2026-07-11T17:06:46.105364",
        "geometry_type": "Polygon",
        "is_centroid": false,
        "is_tactical": true,
        "local_street_pressure": 5.294,
        "municipality": "JUAZEIRO DO NORTE",
        "name": "Pio 12",
        "nearby_streets": [
          "PIO 12",
          "RUA SETE DE SETEMBRO",
          "AREA SEM NOME"
        ],
        "nearby_streets_count": 17,
        "node_id": 9,
        "parent_area": "JUAZEIRO DO NORTE",
        "parent_risk_level": "crítico",
        "parent_risk_score": 99.2,
        "parent_status": "CRÍTICO",
        "peak_hours": "Entre 18hs e 23hs",
        "rank": 9,
        "region": "interior",
        "risk_score": 84.093,
        "score": 84.093,
        "source_geometry_type": "Polygon"
      },
      "type": "Feature"
    },
    {
      "geometry": {
        "coordinates": [
          [
            [
              -39.335669,
              -7.247499
            ],
            [
              -39.337962,
              -7.247833
            ],
            [
              -39.338077,
              -7.248143
            ],
            [
              -39.339987,
              -7.248476
            ],
            [
              -39.341139,
              -7.248702
            ],
            [
              -39.340072,
              -7.253531
            ],
            [
              -39.337873,
              -7.253243
            ],
            [
              -39.337669,
              -7.25451
            ],
            [
              -39.337497,
              -7.254499
            ],
            [
              -39.337379,
              -7.25534
            ],
            [
              -39.336875,
              -7.255308
            ],
            [
              -39.336671,
              -7.256798
            ],
            [
              -39.337036,
              -7.256857
            ],
            [
              -39.337551,
              -7.256979
            ],
            [
              -39.337283,
              -7.258858
            ],
            [
              -39.336403,
              -7.25873
            ],
            [
              -39.336275,
              -7.259218
            ],
            [
              -39.334468,
              -7.258969
            ],
            [
              -39.333922,
              -7.258871
            ],
            [
              -39.333924,
              -7.258751
            ],
            [
              -39.335669,
              -7.247499
            ]
          ]
        ],
        "type": "Polygon"
      },
      "properties": {
        "bairro": "JUAZEIRO DO NORTE",
        "faction": "PCC",
        "generated_at": "2026-07-11T17:06:46.105364",
        "geometry_type": "Polygon",
        "is_centroid": false,
        "is_tactical": true,
        "local_street_pressure": 5.112,
        "municipality": "JUAZEIRO DO NORTE",
        "name": "Frei Damião",
        "nearby_streets": [
          "FREI DAMIÃO",
          "RUA MARIA TAVARES NOCA",
          "RUA ANA MARIA DUARTE"
        ],
        "nearby_streets_count": 14,
        "node_id": 10,
        "parent_area": "JUAZEIRO DO NORTE",
        "parent_risk_level": "crítico",
        "parent_risk_score": 99.2,
        "parent_status": "CRÍTICO",
        "peak_hours": "Entre 18hs e 23hs",
        "rank": 10,
        "region": "interior",
        "risk_score": 83.571,
        "score": 83.571,
        "source_geometry_type": "Polygon"
      },
      "type": "Feature"
    },
    {
      "geometry": {
        "coordinates": [
          [
            [
              -39.343743,
              -7.233055
            ],
            [
              -39.343702,
              -7.233366
            ],
            [
              -39.34381,
              -7.233367
            ],
            [
              -39.343654,
              -7.234816
            ],
            [
              -39.343005,
              -7.234774
            ],
            [
              -39.342381,
              -7.234711
            ],
            [
              -39.342128,
              -7.235981
            ],
            [
              -39.341884,
              -7.235923
            ],
            [
              -39.341797,
              -7.236466
            ],
            [
              -39.339789,
              -7.236206
            ],
            [
              -39.33925,
              -7.239959
            ],
            [
              -39.339167,
              -7.240329
            ],
            [
              -39.336809,
              -7.239905
            ],
            [
              -39.337795,
              -7.233211
            ],
            [
              -39.338015,
              -7.231578
            ],
            [
              -39.33981,
              -7.232016
            ],
            [
              -39.3397,
              -7.233154
            ],
            [
              -39.343743,
              -7.233055
            ]
          ]
        ],
        "type": "Polygon"
      },
      "properties": {
        "bairro": "JUAZEIRO DO NORTE",
        "faction": "PCC",
        "generated_at": "2026-07-11T17:06:46.105364",
        "geometry_type": "Polygon",
        "is_centroid": false,
        "is_tactical": true,
        "local_street_pressure": 5.181,
        "municipality": "JUAZEIRO DO NORTE",
        "name": "Mutirão",
        "nearby_streets": [
          "MUTIRÃO",
          "RUA Mᵃ. GENEROSA DE ALMEIDA",
          "RUA JOSÉ ROMEIRO FEIJOEIRO"
        ],
        "nearby_streets_count": 13,
        "node_id": 11,
        "parent_area": "JUAZEIRO DO NORTE",
        "parent_risk_level": "crítico",
        "parent_risk_score": 99.2,
        "parent_status": "CRÍTICO",
        "peak_hours": "Entre 18hs e 23hs",
        "rank": 11,
        "region": "interior",
        "risk_score": 83.389,
        "score": 83.389,
        "source_geometry_type": "Polygon"
      },
      "type": "Feature"
    },
    {
      "geometry": {
        "coordinates": [
          [
            [
              -39.326315,
              -7.211442
            ],
            [
              -39.326723,
              -7.211484
            ],
            [
              -39.327172,
              -7.211661
            ],
            [
              -39.326646,
              -7.214386
            ],
            [
              -39.326058,
              -7.214443
            ],
            [
              -39.324384,
              -7.214613
            ],
            [
              -39.32417,
              -7.214688
            ],
            [
              -39.324288,
              -7.21357
            ],
            [
              -39.32447,
              -7.21356
            ],
            [
              -39.324223,
              -7.211867
            ],
            [
              -39.32285,
              -7.212101
            ],
            [
              -39.322592,
              -7.211282
            ],
            [
              -39.324084,
              -7.210984
            ],
            [
              -39.323869,
              -7.209888
            ],
            [
              -39.322753,
              -7.210132
            ],
            [
              -39.321636,
              -7.207497
            ],
            [
              -39.322806,
              -7.206996
            ],
            [
              -39.322913,
              -7.207209
            ],
            [
              -39.322936,
              -7.207407
            ],
            [
              -39.3227,
              -7.207482
            ],
            [
              -39.322786,
              -7.207833
            ],
            [
              -39.323129,
              -7.207844
            ],
            [
              -39.323204,
              -7.207972
            ],
            [
              -39.323504,
              -7.20794
            ],
            [
              -39.323869,
              -7.207865
            ],
            [
              -39.324258,
              -7.206873
            ],
            [
              -39.3242,
              -7.206549
            ],
            [
              -39.324651,
              -7.20589
            ],
            [
              -39.325063,
              -7.205648
            ],
            [
              -39.325481,
              -7.20551
            ],
            [
              -39.325996,
              -7.206862
            ],
            [
              -39.325385,
              -7.208012
            ],
            [
              -39.326146,
              -7.208097
            ],
            [
              -39.326168,
              -7.208267
            ],
            [
              -39.326618,
              -7.208384
            ],
            [
              -39.327434,
              -7.208331
            ],
            [
              -39.327497,
              -7.208698
            ],
            [
              -39.327283,
              -7.209134
            ],
            [
              -39.327015,
              -7.209134
            ],
            [
              -39.326961,
              -7.209475
            ],
            [
              -39.326757,
              -7.209571
            ],
            [
              -39.326681,
              -7.210166
            ],
            [
              -39.326799,
              -7.210182
            ],
            [
              -39.326804,
              -7.210485
            ],
            [
              -39.326064,
              -7.210607
            ],
            [
              -39.326225,
              -7.211475
            ],
            [
              -39.326315,
              -7.211442
            ]
          ]
        ],
        "type": "Polygon"
      },
      "properties": {
        "bairro": "JUAZEIRO DO NORTE",
        "faction": "CV",
        "generated_at": "2026-07-11T17:06:46.105364",
        "geometry_type": "Polygon",
        "is_centroid": false,
        "is_tactical": true,
        "local_street_pressure": 5.171,
        "municipality": "JUAZEIRO DO NORTE",
        "name": "Salesianos",
        "nearby_streets": [
          "SALESIANOS",
          "AVENIDA PADRE CÍCERO",
          "RUA FISCAL JOSÉ SOARES"
        ],
        "nearby_streets_count": 16,
        "node_id": 12,
        "parent_area": "JUAZEIRO DO NORTE",
        "parent_risk_level": "crítico",
        "parent_risk_score": 99.2,
        "parent_status": "CRÍTICO",
        "peak_hours": "Entre 18hs e 23hs",
        "rank": 12,
        "region": "interior",
        "risk_score": 83.328,
        "score": 83.328,
        "source_geometry_type": "Polygon"
      },
      "type": "Feature"
    },
    {
      "geometry": {
        "coordinates": [
          [
            [
              -39.302446,
              -7.212553
            ],
            [
              -39.30279,
              -7.213106
            ],
            [
              -39.303219,
              -7.212958
            ],
            [
              -39.303412,
              -7.213256
            ],
            [
              -39.30397,
              -7.213032
            ],
            [
              -39.304131,
              -7.213373
            ],
            [
              -39.303551,
              -7.213575
            ],
            [
              -39.304094,
              -7.214583
            ],
            [
              -39.30403,
              -7.215136
            ],
            [
              -39.303762,
              -7.215243
            ],
            [
              -39.30374,
              -7.21553
            ],
            [
              -39.302904,
              -7.215466
            ],
            [
              -39.302796,
              -7.215967
            ],
            [
              -39.303805,
              -7.21602
            ],
            [
              -39.303794,
              -7.216861
            ],
            [
              -39.302657,
              -7.216807
            ],
            [
              -39.302614,
              -7.217159
            ],
            [
              -39.302925,
              -7.217148
            ],
            [
              -39.302861,
              -7.21768
            ],
            [
              -39.303054,
              -7.217734
            ],
            [
              -39.303,
              -7.218127
            ],
            [
              -39.303429,
              -7.218926
            ],
            [
              -39.30329,
              -7.219543
            ],
            [
              -39.297582,
              -7.218436
            ],
            [
              -39.2978,
              -7.217126
            ],
            [
              -39.296926,
              -7.2172
            ],
            [
              -39.296952,
              -7.216487
            ],
            [
              -39.297998,
              -7.21638
            ],
            [
              -39.29809,
              -7.215795
            ],
            [
              -39.298063,
              -7.215492
            ],
            [
              -39.298846,
              -7.215082
            ],
            [
              -39.298605,
              -7.214816
            ],
            [
              -39.299324,
              -7.214066
            ],
            [
              -39.299275,
              -7.213996
            ],
            [
              -39.299066,
              -7.213831
            ],
            [
              -39.300064,
              -7.212559
            ],
            [
              -39.301292,
              -7.213299
            ],
            [
              -39.302446,
              -7.212553
            ]
          ]
        ],
        "type": "Polygon"
      },
      "properties": {
        "bairro": "JUAZEIRO DO NORTE",
        "faction": "PCC",
        "generated_at": "2026-07-11T17:06:46.105364",
        "geometry_type": "Polygon",
        "is_centroid": false,
        "is_tactical": true,
        "local_street_pressure": 4.97,
        "municipality": "JUAZEIRO DO NORTE",
        "name": "Timbaúba",
        "nearby_streets": [
          "TIMBAÚBA",
          "RUA ASSIS DIAS SOBREIRA",
          "AREA SEM NOME"
        ],
        "nearby_streets_count": 15,
        "node_id": 13,
        "parent_area": "JUAZEIRO DO NORTE",
        "parent_risk_level": "crítico",
        "parent_risk_score": 99.2,
        "parent_status": "CRÍTICO",
        "peak_hours": "Entre 18hs e 23hs",
        "rank": 13,
        "region": "interior",
        "risk_score": 83.105,
        "score": 83.105,
        "source_geometry_type": "Polygon"
      },
      "type": "Feature"
    },
    {
      "geometry": {
        "coordinates": [
          [
            [
              -39.333901,
              -7.259044
            ],
            [
              -39.336246,
              -7.259345
            ],
            [
              -39.335807,
              -7.262348
            ],
            [
              -39.335756,
              -7.262417
            ],
            [
              -39.334156,
              -7.262184
            ],
            [
              -39.333463,
              -7.262075
            ],
            [
              -39.333901,
              -7.259044
            ]
          ]
        ],
        "type": "Polygon"
      },
      "properties": {
        "bairro": "JUAZEIRO DO NORTE",
        "faction": "PCC",
        "generated_at": "2026-07-11T17:06:46.105364",
        "geometry_type": "Polygon",
        "is_centroid": false,
        "is_tactical": true,
        "local_street_pressure": 5.013,
        "municipality": "JUAZEIRO DO NORTE",
        "name": "Baixa da Raposa",
        "nearby_streets": [
          "BAIXA DA RAPOSA",
          "RUA ANTÔNIO CORTÊZ DE ALENCAR",
          "RUA RENAN CARVALHO"
        ],
        "nearby_streets_count": 8,
        "node_id": 14,
        "parent_area": "JUAZEIRO DO NORTE",
        "parent_risk_level": "crítico",
        "parent_risk_score": 99.2,
        "parent_status": "CRÍTICO",
        "peak_hours": "Entre 18hs e 23hs",
        "rank": 14,
        "region": "interior",
        "risk_score": 82.75,
        "score": 82.75,
        "source_geometry_type": "Polygon"
      },
      "type": "Feature"
    },
    {
      "geometry": {
        "coordinates": [
          [
            [
              -39.314665,
              -7.202447
            ],
            [
              -39.315688,
              -7.205902
            ],
            [
              -39.31606,
              -7.207312
            ],
            [
              -39.313694,
              -7.207368
            ],
            [
              -39.311363,
              -7.207119
            ],
            [
              -39.310947,
              -7.207038
            ],
            [
              -39.311025,
              -7.206941
            ],
            [
              -39.312,
              -7.206498
            ],
            [
              -39.311654,
              -7.20555
            ],
            [
              -39.312431,
              -7.205252
            ],
            [
              -39.311967,
              -7.20413
            ],
            [
              -39.311234,
              -7.204421
            ],
            [
              -39.311037,
              -7.203788
            ],
            [
              -39.312357,
              -7.203289
            ],
            [
              -39.312843,
              -7.203119
            ],
            [
              -39.314665,
              -7.202447
            ]
          ]
        ],
        "type": "Polygon"
      },
      "properties": {
        "bairro": "JUAZEIRO DO NORTE",
        "faction": "CV",
        "generated_at": "2026-07-11T17:06:46.105364",
        "geometry_type": "Polygon",
        "is_centroid": false,
        "is_tactical": true,
        "local_street_pressure": 4.784,
        "municipality": "JUAZEIRO DO NORTE",
        "name": "Alto",
        "nearby_streets": [
          "ALTO",
          "ERRO_API_KEY",
          "RUA DO SEMINÁRIO"
        ],
        "nearby_streets_count": 15,
        "node_id": 15,
        "parent_area": "JUAZEIRO DO NORTE",
        "parent_risk_level": "crítico",
        "parent_risk_score": 99.2,
        "parent_status": "CRÍTICO",
        "peak_hours": "Entre 18hs e 23hs",
        "rank": 15,
        "region": "interior",
        "risk_score": 82.541,
        "score": 82.541,
        "source_geometry_type": "Polygon"
      },
      "type": "Feature"
    },
    {
      "geometry": {
        "coordinates": [
          [
            [
              -38.911258,
              -3.682817
            ],
            [
              -38.911904,
              -3.682892
            ],
            [
              -38.911942,
              -3.683016
            ],
            [
              -38.911994,
              -3.683436
            ],
            [
              -38.913298,
              -3.683359
            ],
            [
              -38.913346,
              -3.68316
            ],
            [
              -38.914242,
              -3.683219
            ],
            [
              -38.914358,
              -3.683368
            ],
            [
              -38.914489,
              -3.683346
            ],
            [
              -38.914876,
              -3.684621
            ],
            [
              -38.915804,
              -3.68433
            ],
            [
              -38.915773,
              -3.683571
            ],
            [
              -38.916778,
              -3.683333
            ],
            [
              -38.917074,
              -3.682971
            ],
            [
              -38.918347,
              -3.682894
            ],
            [
              -38.918706,
              -3.683022
            ],
            [
              -38.918791,
              -3.683489
            ],
            [
              -38.918235,
              -3.683693
            ],
            [
              -38.918313,
              -3.684032
            ],
            [
              -38.918696,
              -3.68438
            ],
            [
              -38.919429,
              -3.685293
            ],
            [
              -38.916804,
              -3.686184
            ],
            [
              -38.915985,
              -3.686687
            ],
            [
              -38.91661,
              -3.687921
            ],
            [
              -38.916442,
              -3.688335
            ],
            [
              -38.916883,
              -3.689505
            ],
            [
              -38.916422,
              -3.689767
            ],
            [
              -38.915745,
              -3.69016
            ],
            [
              -38.915983,
              -3.690792
            ],
            [
              -38.915709,
              -3.690922
            ],
            [
              -38.915438,
              -3.690968
            ],
            [
              -38.915373,
              -3.691061
            ],
            [
              -38.915072,
              -3.691098
            ],
            [
              -38.915023,
              -3.691149
            ],
            [
              -38.914578,
              -3.691171
            ],
            [
              -38.914497,
              -3.691128
            ],
            [
              -38.914422,
              -3.690809
            ],
            [
              -38.913804,
              -3.690799
            ],
            [
              -38.913727,
              -3.690654
            ],
            [
              -38.913091,
              -3.69069
            ],
            [
              -38.913061,
              -3.690772
            ],
            [
              -38.912669,
              -3.690937
            ],
            [
              -38.912476,
              -3.690823
            ],
            [
              -38.912255,
              -3.690869
            ],
            [
              -38.911488,
              -3.688846
            ],
            [
              -38.911276,
              -3.688822
            ],
            [
              -38.910949,
              -3.688552
            ],
            [
              -38.9109,
              -3.688355
            ],
            [
              -38.911441,
              -3.688194
            ],
            [
              -38.91141,
              -3.687394
            ],
            [
              -38.910694,
              -3.687331
            ],
            [
              -38.91069,
              -3.686955
            ],
            [
              -38.910411,
              -3.687007
            ],
            [
              -38.910166,
              -3.686221
            ],
            [
              -38.908706,
              -3.686603
            ],
            [
              -38.908551,
              -3.685757
            ],
            [
              -38.908327,
              -3.685796
            ],
            [
              -38.908057,
              -3.684463
            ],
            [
              -38.908273,
              -3.684413
            ],
            [
              -38.908367,
              -3.684317
            ],
            [
              -38.908664,
              -3.684286
            ],
            [
              -38.908571,
              -3.683424
            ],
            [
              -38.907753,
              -3.683464
            ],
            [
              -38.907707,
              -3.683236
            ],
            [
              -38.907827,
              -3.683162
            ],
            [
              -38.911258,
              -3.682817
            ]
          ]
        ],
        "type": "Polygon"
      },
      "properties": {
        "bairro": "CAUCAIA",
        "faction": "CV",
        "generated_at": "2026-07-11T17:06:46.105364",
        "geometry_type": "Polygon",
        "is_centroid": false,
        "is_tactical": true,
        "local_street_pressure": 2.151,
        "municipality": "CAUCAIA",
        "name": "Distrito de Matuões",
        "nearby_streets": [
          "RUA ANTONIO BRASILEIRO",
          "RUA JOSÉ PAULINO ALVES",
          "DISTRITO DE MATUÕES"
        ],
        "nearby_streets_count": 5,
        "node_id": 16,
        "parent_area": "CAUCAIA",
        "parent_risk_level": "crítico",
        "parent_risk_score": 99.2,
        "parent_status": "CRÍTICO",
        "rank": 16,
        "region": "interior",
        "risk_score": 82.114,
        "score": 82.114,
        "source_geometry_type": "Polygon"
      },
      "type": "Feature"
    },
    {
      "geometry": {
        "coordinates": [
          [
            [
              -39.302964,
              -7.223063
            ],
            [
              -39.303404,
              -7.223978
            ],
            [
              -39.302632,
              -7.224042
            ],
            [
              -39.302803,
              -7.224521
            ],
            [
              -39.303608,
              -7.224393
            ],
            [
              -39.303618,
              -7.224744
            ],
            [
              -39.302986,
              -7.224946
            ],
            [
              -39.303586,
              -7.226011
            ],
            [
              -39.297632,
              -7.227703
            ],
            [
              -39.297653,
              -7.227054
            ],
            [
              -39.297246,
              -7.227182
            ],
            [
              -39.297213,
              -7.225692
            ],
            [
              -39.298504,
              -7.225422
            ],
            [
              -39.298472,
              -7.224442
            ],
            [
              -39.297206,
              -7.22441
            ],
            [
              -39.297163,
              -7.223069
            ],
            [
              -39.302964,
              -7.223063
            ]
          ]
        ],
        "type": "Polygon"
      },
      "properties": {
        "bairro": "JUAZEIRO DO NORTE",
        "faction": "CV",
        "generated_at": "2026-07-11T17:06:46.105364",
        "geometry_type": "Polygon",
        "is_centroid": false,
        "is_tactical": true,
        "local_street_pressure": 3.733,
        "municipality": "JUAZEIRO DO NORTE",
        "name": "Bairro Limoeiro",
        "nearby_streets": [
          "BAIRRO LIMOEIRO",
          "RUA MAJOR GONÇALO MUNDO",
          "TIMBAÚBA"
        ],
        "nearby_streets_count": 11,
        "node_id": 17,
        "parent_area": "JUAZEIRO DO NORTE",
        "parent_risk_level": "crítico",
        "parent_risk_score": 99.2,
        "parent_status": "CRÍTICO",
        "peak_hours": "Entre 18hs e 23hs",
        "rank": 17,
        "region": "interior",
        "risk_score": 80.98,
        "score": 80.98,
        "source_geometry_type": "Polygon"
      },
      "type": "Feature"
    },
    {
      "geometry": {
        "coordinates": [
          [
            [
              -39.3035809,
              -7.2053496
            ],
            [
              -39.3016926,
              -7.208117
            ],
            [
              -39.3001048,
              -7.2105439
            ],
            [
              -39.2990748,
              -7.2116508
            ],
            [
              -39.2963711,
              -7.211736
            ],
            [
              -39.2948262,
              -7.2070952
            ],
            [
              -39.2990748,
              -7.201688
            ],
            [
              -39.3009201,
              -7.2032633
            ],
            [
              -39.3035809,
              -7.2053496
            ]
          ]
        ],
        "type": "Polygon"
      },
      "properties": {
        "bairro": "JUAZEIRO DO NORTE",
        "faction": "PCC",
        "generated_at": "2026-07-11T17:06:46.105364",
        "geometry_type": "Polygon",
        "is_centroid": false,
        "is_tactical": true,
        "local_street_pressure": 3.328,
        "municipality": "JUAZEIRO DO NORTE",
        "name": "VILA FATIMA",
        "nearby_streets": [
          "VILA FATIMA",
          "AREA SEM NOME",
          "RUA ASSIS DIAS SOBREIRA"
        ],
        "nearby_streets_count": 11,
        "node_id": 18,
        "parent_area": "JUAZEIRO DO NORTE",
        "parent_risk_level": "crítico",
        "parent_risk_score": 99.2,
        "parent_status": "CRÍTICO",
        "peak_hours": "Entre 18hs e 23hs",
        "rank": 18,
        "region": "interior",
        "risk_score": 80.836,
        "score": 80.836,
        "source_geometry_type": "Polygon"
      },
      "type": "Feature"
    },
    {
      "geometry": {
        "coordinates": [
          [
            [
              -38.911258,
              -3.682817
            ],
            [
              -38.911904,
              -3.682892
            ],
            [
              -38.911942,
              -3.683016
            ],
            [
              -38.911994,
              -3.683436
            ],
            [
              -38.913298,
              -3.683359
            ],
            [
              -38.913346,
              -3.68316
            ],
            [
              -38.914242,
              -3.683219
            ],
            [
              -38.914358,
              -3.683368
            ],
            [
              -38.914489,
              -3.683346
            ],
            [
              -38.914876,
              -3.684621
            ],
            [
              -38.915804,
              -3.68433
            ],
            [
              -38.915773,
              -3.683571
            ],
            [
              -38.916778,
              -3.683333
            ],
            [
              -38.917074,
              -3.682971
            ],
            [
              -38.918347,
              -3.682894
            ],
            [
              -38.918706,
              -3.683022
            ],
            [
              -38.918791,
              -3.683489
            ],
            [
              -38.918235,
              -3.683693
            ],
            [
              -38.918313,
              -3.684032
            ],
            [
              -38.918696,
              -3.68438
            ],
            [
              -38.919429,
              -3.685293
            ],
            [
              -38.916804,
              -3.686184
            ],
            [
              -38.915985,
              -3.686687
            ],
            [
              -38.91661,
              -3.687921
            ],
            [
              -38.916442,
              -3.688335
            ],
            [
              -38.916883,
              -3.689505
            ],
            [
              -38.916422,
              -3.689767
            ],
            [
              -38.915745,
              -3.69016
            ],
            [
              -38.915983,
              -3.690792
            ],
            [
              -38.915709,
              -3.690922
            ],
            [
              -38.915438,
              -3.690968
            ],
            [
              -38.915373,
              -3.691061
            ],
            [
              -38.915072,
              -3.691098
            ],
            [
              -38.915023,
              -3.691149
            ],
            [
              -38.914578,
              -3.691171
            ],
            [
              -38.914497,
              -3.691128
            ],
            [
              -38.914422,
              -3.690809
            ],
            [
              -38.913804,
              -3.690799
            ],
            [
              -38.913727,
              -3.690654
            ],
            [
              -38.913091,
              -3.69069
            ],
            [
              -38.913061,
              -3.690772
            ],
            [
              -38.912669,
              -3.690937
            ],
            [
              -38.912476,
              -3.690823
            ],
            [
              -38.912255,
              -3.690869
            ],
            [
              -38.911488,
              -3.688846
            ],
            [
              -38.911276,
              -3.688822
            ],
            [
              -38.910949,
              -3.688552
            ],
            [
              -38.9109,
              -3.688355
            ],
            [
              -38.911441,
              -3.688194
            ],
            [
              -38.91141,
              -3.687394
            ],
            [
              -38.910694,
              -3.687331
            ],
            [
              -38.91069,
              -3.686955
            ],
            [
              -38.910411,
              -3.687007
            ],
            [
              -38.910166,
              -3.686221
            ],
            [
              -38.908706,
              -3.686603
            ],
            [
              -38.908551,
              -3.685757
            ],
            [
              -38.908327,
              -3.685796
            ],
            [
              -38.908057,
              -3.684463
            ],
            [
              -38.908273,
              -3.684413
            ],
            [
              -38.908367,
              -3.684317
            ],
            [
              -38.908664,
              -3.684286
            ],
            [
              -38.908571,
              -3.683424
            ],
            [
              -38.907753,
              -3.683464
            ],
            [
              -38.907707,
              -3.683236
            ],
            [
              -38.907827,
              -3.683162
            ],
            [
              -38.911258,
              -3.682817
            ]
          ]
        ],
        "type": "Polygon"
      },
      "properties": {
        "bairro": "CAUCAIA",
        "faction": "CV",
        "generated_at": "2026-07-11T17:06:46.105364",
        "geometry_type": "Polygon",
        "is_centroid": false,
        "is_tactical": true,
        "local_street_pressure": 3.209,
        "municipality": "CAUCAIA",
        "name": "Catuana",
        "nearby_streets": [
          "CATUANA",
          "RUA DA ESTACAO",
          "RUA J"
        ],
        "nearby_streets_count": 5,
        "node_id": 19,
        "parent_area": "CAUCAIA",
        "parent_risk_level": "crítico",
        "parent_risk_score": 99.2,
        "parent_status": "CRÍTICO",
        "rank": 19,
        "region": "interior",
        "risk_score": 80.709,
        "score": 80.709,
        "source_geometry_type": "Polygon"
      },
      "type": "Feature"
    },
    {
      "geometry": {
        "coordinates": [
          [
            [
              -39.344422,
              -7.23004
            ],
            [
              -39.344814,
              -7.227309
            ],
            [
              -39.346022,
              -7.227357
            ],
            [
              -39.345906,
              -7.229056
            ],
            [
              -39.346162,
              -7.229097
            ],
            [
              -39.346091,
              -7.229726
            ],
            [
              -39.347845,
              -7.229802
            ],
            [
              -39.348063,
              -7.228293
            ],
            [
              -39.350607,
              -7.228503
            ],
            [
              -39.352582,
              -7.228929
            ],
            [
              -39.35286,
              -7.227878
            ],
            [
              -39.35307,
              -7.22791
            ],
            [
              -39.353037,
              -7.228314
            ],
            [
              -39.353281,
              -7.228352
            ],
            [
              -39.35329,
              -7.22848
            ],
            [
              -39.353552,
              -7.228519
            ],
            [
              -39.353472,
              -7.229232
            ],
            [
              -39.353736,
              -7.229263
            ],
            [
              -39.353187,
              -7.232559
            ],
            [
              -39.347233,
              -7.232846
            ],
            [
              -39.345388,
              -7.232858
            ],
            [
              -39.345425,
              -7.232246
            ],
            [
              -39.344159,
              -7.232236
            ],
            [
              -39.344422,
              -7.23004
            ]
          ]
        ],
        "type": "Polygon"
      },
      "properties": {
        "bairro": "JUAZEIRO DO NORTE",
        "faction": "CV",
        "generated_at": "2026-07-11T17:06:46.105364",
        "geometry_type": "Polygon",
        "is_centroid": false,
        "is_tactical": true,
        "local_street_pressure": 3.245,
        "municipality": "JUAZEIRO DO NORTE",
        "name": "São José",
        "nearby_streets": [
          "SÃO JOSÉ",
          "TRAVESSA SÃO JOSÉ",
          "AVENIDA CICERO GONÇALVES"
        ],
        "nearby_streets_count": 9,
        "node_id": 20,
        "parent_area": "JUAZEIRO DO NORTE",
        "parent_risk_level": "crítico",
        "parent_risk_score": 99.2,
        "parent_status": "CRÍTICO",
        "peak_hours": "Entre 18hs e 23hs",
        "rank": 20,
        "region": "interior",
        "risk_score": 80.474,
        "score": 80.474,
        "source_geometry_type": "Polygon"
      },
      "type": "Feature"
    },
    {
      "geometry": {
        "coordinates": [
          [
            [
              -39.316841,
              -7.223187
            ],
            [
              -39.316761,
              -7.225085
            ],
            [
              -39.319141,
              -7.225246
            ],
            [
              -39.319821,
              -7.229252
            ],
            [
              -39.312287,
              -7.229062
            ],
            [
              -39.312244,
              -7.228054
            ],
            [
              -39.312296,
              -7.226736
            ],
            [
              -39.312784,
              -7.22514
            ],
            [
              -39.313096,
              -7.224285
            ],
            [
              -39.315481,
              -7.223449
            ],
            [
              -39.316188,
              -7.223236
            ],
            [
              -39.316841,
              -7.223187
            ]
          ]
        ],
        "type": "Polygon"
      },
      "properties": {
        "bairro": "JUAZEIRO DO NORTE",
        "faction": "CV",
        "generated_at": "2026-07-11T17:06:46.105364",
        "geometry_type": "Polygon",
        "is_centroid": false,
        "is_tactical": true,
        "local_street_pressure": 2.16,
        "municipality": "Barbalha",
        "name": "Bairro da Malvinas - Barbalha",
        "nearby_streets": [
          "BAIRRO DA MALVINAS - BARBALHA",
          "AV. LUIZ GONZAGA",
          "RUA P-18"
        ],
        "nearby_streets_count": 6,
        "node_id": 21,
        "parent_area": "JUAZEIRO DO NORTE",
        "parent_risk_level": "crítico",
        "parent_risk_score": 99.2,
        "parent_status": "CRÍTICO",
        "peak_hours": "Entre 18hs e 23hs",
        "rank": 21,
        "region": "interior",
        "risk_score": 80.13,
        "score": 80.13,
        "source_geometry_type": "Polygon"
      },
      "type": "Feature"
    },
    {
      "geometry": {
        "coordinates": [
          [
            [
              -39.376844,
              -7.246674
            ],
            [
              -39.378751,
              -7.238684
            ],
            [
              -39.379824,
              -7.23896
            ],
            [
              -39.377928,
              -7.246936
            ],
            [
              -39.376844,
              -7.246674
            ]
          ]
        ],
        "type": "Polygon"
      },
      "properties": {
        "bairro": "JUAZEIRO DO NORTE",
        "faction": "PCC",
        "generated_at": "2026-07-11T17:06:46.105364",
        "geometry_type": "Polygon",
        "is_centroid": false,
        "is_tactical": true,
        "local_street_pressure": 3.251,
        "municipality": "JUAZEIRO DO NORTE",
        "name": "Conj. Barro Branco 1",
        "nearby_streets": [
          "CONJ. BARRO BRANCO 1",
          "RUA PEDRO AGOSTINHO DE SOUSA",
          "RUA 05 ERNANDO RIBEIRO DA CRUZ"
        ],
        "nearby_streets_count": 7,
        "node_id": 22,
        "parent_area": "JUAZEIRO DO NORTE",
        "parent_risk_level": "crítico",
        "parent_risk_score": 99.2,
        "parent_status": "CRÍTICO",
        "peak_hours": "Entre 18hs e 23hs",
        "rank": 22,
        "region": "interior",
        "risk_score": 80.005,
        "score": 80.005,
        "source_geometry_type": "Polygon"
      },
      "type": "Feature"
    },
    {
      "geometry": {
        "coordinates": [
          [
            [
              -39.32408,
              -7.200323
            ],
            [
              -39.323694,
              -7.200914
            ],
            [
              -39.324474,
              -7.202992
            ],
            [
              -39.32464,
              -7.203511
            ],
            [
              -39.324692,
              -7.204038
            ],
            [
              -39.32447,
              -7.204179
            ],
            [
              -39.324724,
              -7.205017
            ],
            [
              -39.324511,
              -7.205263
            ],
            [
              -39.324691,
              -7.205687
            ],
            [
              -39.32412,
              -7.206354
            ],
            [
              -39.323451,
              -7.206659
            ],
            [
              -39.323437,
              -7.206806
            ],
            [
              -39.323121,
              -7.207049
            ],
            [
              -39.323272,
              -7.207591
            ],
            [
              -39.323044,
              -7.207589
            ],
            [
              -39.322806,
              -7.206996
            ],
            [
              -39.322131,
              -7.207259
            ],
            [
              -39.320891,
              -7.204167
            ],
            [
              -39.321628,
              -7.203789
            ],
            [
              -39.322557,
              -7.201714
            ],
            [
              -39.322669,
              -7.201464
            ],
            [
              -39.322604,
              -7.201134
            ],
            [
              -39.322637,
              -7.200944
            ],
            [
              -39.322333,
              -7.200818
            ],
            [
              -39.322417,
              -7.200541
            ],
            [
              -39.322816,
              -7.200631
            ],
            [
              -39.323015,
              -7.200641
            ],
            [
              -39.323047,
              -7.200465
            ],
            [
              -39.32313,
              -7.20044
            ],
            [
              -39.323273,
              -7.200505
            ],
            [
              -39.323503,
              -7.200289
            ],
            [
              -39.32357,
              -7.200343
            ],
            [
              -39.323713,
              -7.200207
            ],
            [
              -39.32387,
              -7.200218
            ],
            [
              -39.323944,
              -7.200201
            ],
            [
              -39.32408,
              -7.200323
            ]
          ]
        ],
        "type": "Polygon"
      },
      "properties": {
        "bairro": "JUAZEIRO DO NORTE",
        "faction": "CV",
        "generated_at": "2026-07-11T17:06:46.105364",
        "geometry_type": "Polygon",
        "is_centroid": false,
        "is_tactical": true,
        "local_street_pressure": 3.161,
        "municipality": "JUAZEIRO DO NORTE",
        "name": "Socorro",
        "nearby_streets": [
          "SOCORRO",
          "SALESIANOS",
          "AVENIDA PADRE CÍCERO"
        ],
        "nearby_streets_count": 11,
        "node_id": 23,
        "parent_area": "JUAZEIRO DO NORTE",
        "parent_risk_level": "crítico",
        "parent_risk_score": 99.2,
        "parent_status": "CRÍTICO",
        "peak_hours": "Entre 18hs e 23hs",
        "rank": 23,
        "region": "interior",
        "risk_score": 79.982,
        "score": 79.982,
        "source_geometry_type": "Polygon"
      },
      "type": "Feature"
    },
    {
      "geometry": {
        "coordinates": [
          [
            [
              -39.3819092,
              -7.2268269
            ],
            [
              -39.3812011,
              -7.2296155
            ],
            [
              -39.3797205,
              -7.2295942
            ],
            [
              -39.3778966,
              -7.2294027
            ],
            [
              -39.3746136,
              -7.2291685
            ],
            [
              -39.3728111,
              -7.2289343
            ],
            [
              -39.3717382,
              -7.2287853
            ],
            [
              -39.3701075,
              -7.2276784
            ],
            [
              -39.3698285,
              -7.227423
            ],
            [
              -39.3696783,
              -7.2269334
            ],
            [
              -39.3689487,
              -7.2265076
            ],
            [
              -39.3683265,
              -7.2263586
            ],
            [
              -39.36985,
              -7.2190996
            ],
            [
              -39.3717382,
              -7.2194828
            ],
            [
              -39.3727682,
              -7.2195679
            ],
            [
              -39.3738196,
              -7.2192486
            ],
            [
              -39.3750213,
              -7.2196744
            ],
            [
              -39.3761585,
              -7.2203343
            ],
            [
              -39.3778966,
              -7.2225907
            ],
            [
              -39.3793986,
              -7.2244427
            ],
            [
              -39.3806003,
              -7.2255071
            ],
            [
              -39.3819092,
              -7.2268269
            ]
          ]
        ],
        "type": "Polygon"
      },
      "properties": {
        "bairro": "JUAZEIRO DO NORTE",
        "faction": "PCC",
        "generated_at": "2026-07-11T17:06:46.105364",
        "geometry_type": "Polygon",
        "is_centroid": false,
        "is_tactical": true,
        "local_street_pressure": 2.188,
        "municipality": "JUAZEIRO DO NORTE",
        "name": "ÁREA DE INFLUÊNCIA DO PCC",
        "nearby_streets": [
          "ÁREA DE INFLUÊNCIA DO PCC",
          "RUA DOUTOR FRANCISCO ESMERALDO DE MELO",
          "RUA PEDRO GOMES DE NORÕES"
        ],
        "nearby_streets_count": 5,
        "node_id": 24,
        "parent_area": "JUAZEIRO DO NORTE",
        "parent_risk_level": "crítico",
        "parent_risk_score": 99.2,
        "parent_status": "CRÍTICO",
        "peak_hours": "Entre 18hs e 23hs",
        "rank": 24,
        "region": "interior",
        "risk_score": 79.827,
        "score": 79.827,
        "source_geometry_type": "Polygon"
      },
      "type": "Feature"
    },
    {
      "geometry": {
        "coordinates": [
          [
            [
              -39.287125,
              -7.247851
            ],
            [
              -39.287154,
              -7.24876
            ],
            [
              -39.288234,
              -7.248853
            ],
            [
              -39.28822,
              -7.249473
            ],
            [
              -39.289075,
              -7.249566
            ],
            [
              -39.289095,
              -7.250365
            ],
            [
              -39.289427,
              -7.250401
            ],
            [
              -39.289412,
              -7.250763
            ],
            [
              -39.290499,
              -7.250891
            ],
            [
              -39.290622,
              -7.250858
            ],
            [
              -39.29406,
              -7.251041
            ],
            [
              -39.293799,
              -7.254006
            ],
            [
              -39.293688,
              -7.255888
            ],
            [
              -39.292498,
              -7.255802
            ],
            [
              -39.292607,
              -7.25402
            ],
            [
              -39.290294,
              -7.253788
            ],
            [
              -39.290395,
              -7.252077
            ],
            [
              -39.288018,
              -7.251866
            ],
            [
              -39.288117,
              -7.250681
            ],
            [
              -39.287577,
              -7.250602
            ],
            [
              -39.286934,
              -7.250582
            ],
            [
              -39.286782,
              -7.250565
            ],
            [
              -39.286766,
              -7.250826
            ],
            [
              -39.286673,
              -7.25084
            ],
            [
              -39.2866,
              -7.251049
            ],
            [
              -39.286459,
              -7.25104
            ],
            [
              -39.28646,
              -7.250821
            ],
            [
              -39.286295,
              -7.250787
            ],
            [
              -39.28627,
              -7.250522
            ],
            [
              -39.284641,
              -7.250421
            ],
            [
              -39.284542,
              -7.251546
            ],
            [
              -39.281014,
              -7.251229
            ],
            [
              -39.281254,
              -7.247768
            ],
            [
              -39.284621,
              -7.247936
            ],
            [
              -39.284789,
              -7.247685
            ],
            [
              -39.287125,
              -7.247851
            ]
          ]
        ],
        "type": "Polygon"
      },
      "properties": {
        "bairro": "JUAZEIRO DO NORTE",
        "faction": "CV",
        "generated_at": "2026-07-11T17:06:46.105364",
        "geometry_type": "Polygon",
        "is_centroid": false,
        "is_tactical": true,
        "local_street_pressure": 2.724,
        "municipality": "JUAZEIRO DO NORTE",
        "name": "Campo Alegre",
        "nearby_streets": [
          "CAMPO ALEGRE",
          "RUA JOÃO PEREIRA DE CARVALHO",
          "RUA FRANCISCO MEDEIROS DA SILVA"
        ],
        "nearby_streets_count": 7,
        "node_id": 25,
        "parent_area": "JUAZEIRO DO NORTE",
        "parent_risk_level": "crítico",
        "parent_risk_score": 99.2,
        "parent_status": "CRÍTICO",
        "peak_hours": "Entre 18hs e 23hs",
        "rank": 25,
        "region": "interior",
        "risk_score": 79.675,
        "score": 79.675,
        "source_geometry_type": "Polygon"
      },
      "type": "Feature"
    },
    {
      "geometry": {
        "coordinates": [
          [
            [
              -39.360855,
              -7.2281285
            ],
            [
              -39.3665412,
              -7.2285011
            ],
            [
              -39.3661872,
              -7.2297783
            ],
            [
              -39.3659082,
              -7.2309597
            ],
            [
              -39.36564,
              -7.2321305
            ],
            [
              -39.3654362,
              -7.2330671
            ],
            [
              -39.3640307,
              -7.2391232
            ],
            [
              -39.3634084,
              -7.2390274
            ],
            [
              -39.3630007,
              -7.2408048
            ],
            [
              -39.3622604,
              -7.2406771
            ],
            [
              -39.3626681,
              -7.2386655
            ],
            [
              -39.3631402,
              -7.2365049
            ],
            [
              -39.3629685,
              -7.2364411
            ],
            [
              -39.36299,
              -7.2360686
            ],
            [
              -39.363226,
              -7.2360473
            ],
            [
              -39.3632904,
              -7.2357706
            ],
            [
              -39.3632475,
              -7.235398
            ],
            [
              -39.3628827,
              -7.2353767
            ],
            [
              -39.3630866,
              -7.2342379
            ],
            [
              -39.3633441,
              -7.2342592
            ],
            [
              -39.3635694,
              -7.2341528
            ],
            [
              -39.3637625,
              -7.2329075
            ],
            [
              -39.3627432,
              -7.2329075
            ],
            [
              -39.3627432,
              -7.2324285
            ],
            [
              -39.3617025,
              -7.232503
            ],
            [
              -39.360179,
              -7.2324498
            ],
            [
              -39.360855,
              -7.2281285
            ]
          ]
        ],
        "type": "Polygon"
      },
      "properties": {
        "bairro": "JUAZEIRO DO NORTE",
        "faction": "CV",
        "generated_at": "2026-07-11T17:06:46.105364",
        "geometry_type": "Polygon",
        "is_centroid": false,
        "is_tactical": true,
        "local_street_pressure": 2.623,
        "municipality": "JUAZEIRO DO NORTE",
        "name": "SÃO JOSÉ X COM JN",
        "nearby_streets": [
          "SÃO JOSÉ X COM JN",
          "RUA PADRE FREDERICO",
          "RUA JOÃO AVELINO SOARES"
        ],
        "nearby_streets_count": 6,
        "node_id": 26,
        "parent_area": "JUAZEIRO DO NORTE",
        "parent_risk_level": "crítico",
        "parent_risk_score": 99.2,
        "parent_status": "CRÍTICO",
        "peak_hours": "Entre 18hs e 23hs",
        "rank": 26,
        "region": "interior",
        "risk_score": 79.473,
        "score": 79.473,
        "source_geometry_type": "Polygon"
      },
      "type": "Feature"
    },
    {
      "geometry": {
        "coordinates": [
          [
            [
              -39.312576,
              -7.300506
            ],
            [
              -39.311374,
              -7.299655
            ],
            [
              -39.310602,
              -7.298378
            ],
            [
              -39.309314,
              -7.296377
            ],
            [
              -39.308971,
              -7.295398
            ],
            [
              -39.308499,
              -7.294845
            ],
            [
              -39.305924,
              -7.293099
            ],
            [
              -39.309056,
              -7.286246
            ],
            [
              -39.31455,
              -7.2888
            ],
            [
              -39.316996,
              -7.283734
            ],
            [
              -39.320343,
              -7.285522
            ],
            [
              -39.312576,
              -7.300506
            ]
          ]
        ],
        "type": "Polygon"
      },
      "properties": {
        "bairro": "JUAZEIRO DO NORTE",
        "faction": "CV",
        "generated_at": "2026-07-11T17:06:46.105364",
        "geometry_type": "Polygon",
        "is_centroid": false,
        "is_tactical": true,
        "local_street_pressure": 1.712,
        "municipality": "Barbalha",
        "name": "Bulandeira - Barbalha",
        "nearby_streets": [
          "BULANDEIRA - BARBALHA",
          "AVENIDA PAULO MARQUÊS",
          "RUA PROJETADA | M"
        ],
        "nearby_streets_count": 4,
        "node_id": 27,
        "parent_area": "JUAZEIRO DO NORTE",
        "parent_risk_level": "crítico",
        "parent_risk_score": 99.2,
        "parent_status": "CRÍTICO",
        "peak_hours": "Entre 18hs e 23hs",
        "rank": 27,
        "region": "interior",
        "risk_score": 79.286,
        "score": 79.286,
        "source_geometry_type": "Polygon"
      },
      "type": "Feature"
    },
    {
      "geometry": {
        "coordinates": [
          [
            [
              -38.911258,
              -3.682817
            ],
            [
              -38.911904,
              -3.682892
            ],
            [
              -38.911942,
              -3.683016
            ],
            [
              -38.911994,
              -3.683436
            ],
            [
              -38.913298,
              -3.683359
            ],
            [
              -38.913346,
              -3.68316
            ],
            [
              -38.914242,
              -3.683219
            ],
            [
              -38.914358,
              -3.683368
            ],
            [
              -38.914489,
              -3.683346
            ],
            [
              -38.914876,
              -3.684621
            ],
            [
              -38.915804,
              -3.68433
            ],
            [
              -38.915773,
              -3.683571
            ],
            [
              -38.916778,
              -3.683333
            ],
            [
              -38.917074,
              -3.682971
            ],
            [
              -38.918347,
              -3.682894
            ],
            [
              -38.918706,
              -3.683022
            ],
            [
              -38.918791,
              -3.683489
            ],
            [
              -38.918235,
              -3.683693
            ],
            [
              -38.918313,
              -3.684032
            ],
            [
              -38.918696,
              -3.68438
            ],
            [
              -38.919429,
              -3.685293
            ],
            [
              -38.916804,
              -3.686184
            ],
            [
              -38.915985,
              -3.686687
            ],
            [
              -38.91661,
              -3.687921
            ],
            [
              -38.916442,
              -3.688335
            ],
            [
              -38.916883,
              -3.689505
            ],
            [
              -38.916422,
              -3.689767
            ],
            [
              -38.915745,
              -3.69016
            ],
            [
              -38.915983,
              -3.690792
            ],
            [
              -38.915709,
              -3.690922
            ],
            [
              -38.915438,
              -3.690968
            ],
            [
              -38.915373,
              -3.691061
            ],
            [
              -38.915072,
              -3.691098
            ],
            [
              -38.915023,
              -3.691149
            ],
            [
              -38.914578,
              -3.691171
            ],
            [
              -38.914497,
              -3.691128
            ],
            [
              -38.914422,
              -3.690809
            ],
            [
              -38.913804,
              -3.690799
            ],
            [
              -38.913727,
              -3.690654
            ],
            [
              -38.913091,
              -3.69069
            ],
            [
              -38.913061,
              -3.690772
            ],
            [
              -38.912669,
              -3.690937
            ],
            [
              -38.912476,
              -3.690823
            ],
            [
              -38.912255,
              -3.690869
            ],
            [
              -38.911488,
              -3.688846
            ],
            [
              -38.911276,
              -3.688822
            ],
            [
              -38.910949,
              -3.688552
            ],
            [
              -38.9109,
              -3.688355
            ],
            [
              -38.911441,
              -3.688194
            ],
            [
              -38.91141,
              -3.687394
            ],
            [
              -38.910694,
              -3.687331
            ],
            [
              -38.91069,
              -3.686955
            ],
            [
              -38.910411,
              -3.687007
            ],
            [
              -38.910166,
              -3.686221
            ],
            [
              -38.908706,
              -3.686603
            ],
            [
              -38.908551,
              -3.685757
            ],
            [
              -38.908327,
              -3.685796
            ],
            [
              -38.908057,
              -3.684463
            ],
            [
              -38.908273,
              -3.684413
            ],
            [
              -38.908367,
              -3.684317
            ],
            [
              -38.908664,
              -3.684286
            ],
            [
              -38.908571,
              -3.683424
            ],
            [
              -38.907753,
              -3.683464
            ],
            [
              -38.907707,
              -3.683236
            ],
            [
              -38.907827,
              -3.683162
            ],
            [
              -38.911258,
              -3.682817
            ]
          ]
        ],
        "type": "Polygon"
      },
      "properties": {
        "bairro": "CAUCAIA",
        "faction": "CV",
        "generated_at": "2026-07-11T17:06:46.105364",
        "geometry_type": "Polygon",
        "is_centroid": false,
        "is_tactical": true,
        "local_street_pressure": 2.598,
        "municipality": "CAUCAIA",
        "name": "Caucaia",
        "nearby_streets": [
          "CAUCAIA",
          "RUA FRANCISCO BENTO",
          "POÇO IMPERIAL"
        ],
        "nearby_streets_count": 5,
        "node_id": 28,
        "parent_area": "CAUCAIA",
        "parent_risk_level": "crítico",
        "parent_risk_score": 99.2,
        "parent_status": "CRÍTICO",
        "rank": 28,
        "region": "interior",
        "risk_score": 79.147,
        "score": 79.147,
        "source_geometry_type": "Polygon"
      },
      "type": "Feature"
    },
    {
      "geometry": {
        "coordinates": [
          [
            [
              -40.375946,
              -3.673829
            ],
            [
              -40.37623,
              -3.674156
            ],
            [
              -40.376456,
              -3.674364
            ],
            [
              -40.376734,
              -3.674691
            ],
            [
              -40.376912,
              -3.6749
            ],
            [
              -40.377046,
              -3.675044
            ],
            [
              -40.377131,
              -3.675216
            ],
            [
              -40.376987,
              -3.675312
            ],
            [
              -40.376761,
              -3.675478
            ],
            [
              -40.376649,
              -3.67559
            ],
            [
              -40.376439,
              -3.675794
            ],
            [
              -40.376295,
              -3.675874
            ],
            [
              -40.376155,
              -3.675633
            ],
            [
              -40.375802,
              -3.675044
            ],
            [
              -40.375762,
              -3.675048
            ],
            [
              -40.375715,
              -3.675217
            ],
            [
              -40.375634,
              -3.675343
            ],
            [
              -40.37548,
              -3.675633
            ],
            [
              -40.375234,
              -3.676273
            ],
            [
              -40.374928,
              -3.676266
            ],
            [
              -40.374145,
              -3.674926
            ],
            [
              -40.372856,
              -3.673235
            ],
            [
              -40.372851,
              -3.673186
            ],
            [
              -40.373686,
              -3.672418
            ],
            [
              -40.374009,
              -3.672764
            ],
            [
              -40.3743,
              -3.672424
            ],
            [
              -40.374454,
              -3.672083
            ],
            [
              -40.374534,
              -3.672085
            ],
            [
              -40.375213,
              -3.672872
            ],
            [
              -40.375946,
              -3.673829
            ]
          ]
        ],
        "type": "Polygon"
      },
      "properties": {
        "bairro": "MERUOCA",
        "faction": "CV",
        "generated_at": "2026-07-11T17:06:46.105364",
        "geometry_type": "Polygon",
        "is_centroid": false,
        "is_tactical": true,
        "local_street_pressure": 10.218,
        "municipality": "Sobral",
        "name": "Comunidade do gato morto - Sobral",
        "nearby_streets": [
          "COMUNIDADE DO GATO MORTO - SOBRAL",
          "RUA RAIMUNDO MENDES ÁGUIAR",
          "TRAVESSA RAIMUNDO NONATO DOS SANTOS"
        ],
        "nearby_streets_count": 24,
        "node_id": 29,
        "parent_area": "MERUOCA",
        "parent_risk_level": "crítico",
        "parent_risk_score": 82.1,
        "parent_status": "CRÍTICO",
        "peak_hours": "Entre 04hs e 09hs",
        "rank": 29,
        "region": "interior",
        "risk_score": 78.657,
        "score": 78.657,
        "source_geometry_type": "Polygon"
      },
      "type": "Feature"
    },
    {
      "geometry": {
        "coordinates": [
          [
            [
              -39.270935,
              -7.269772
            ],
            [
              -39.270463,
              -7.276094
            ],
            [
              -39.270892,
              -7.276052
            ],
            [
              -39.270892,
              -7.277073
            ],
            [
              -39.271665,
              -7.277116
            ],
            [
              -39.271236,
              -7.281841
            ],
            [
              -39.270957,
              -7.282139
            ],
            [
              -39.269176,
              -7.282352
            ],
            [
              -39.268017,
              -7.283246
            ],
            [
              -39.26718,
              -7.283501
            ],
            [
              -39.266815,
              -7.284055
            ],
            [
              -39.266214,
              -7.284523
            ],
            [
              -39.265764,
              -7.284565
            ],
            [
              -39.264991,
              -7.284587
            ],
            [
              -39.263682,
              -7.284842
            ],
            [
              -39.262824,
              -7.285417
            ],
            [
              -39.263017,
              -7.286396
            ],
            [
              -39.261601,
              -7.287034
            ],
            [
              -39.261108,
              -7.282863
            ],
            [
              -39.261429,
              -7.28199
            ],
            [
              -39.262674,
              -7.281926
            ],
            [
              -39.26261,
              -7.28116
            ],
            [
              -39.264283,
              -7.280968
            ],
            [
              -39.264176,
              -7.276413
            ],
            [
              -39.265464,
              -7.276456
            ],
            [
              -39.265549,
              -7.273263
            ],
            [
              -39.266966,
              -7.273284
            ],
            [
              -39.26718,
              -7.269772
            ],
            [
              -39.270935,
              -7.269772
            ]
          ]
        ],
        "type": "Polygon"
      },
      "properties": {
        "bairro": "JUAZEIRO DO NORTE",
        "faction": "CV",
        "generated_at": "2026-07-11T17:06:46.105364",
        "geometry_type": "Polygon",
        "is_centroid": false,
        "is_tactical": true,
        "local_street_pressure": 1.448,
        "municipality": "Barbalha",
        "name": "Sítio Estrela - Barbalha",
        "nearby_streets": [
          "SÍTIO ESTRELA - BARBALHA",
          "PRAÇA MARIA FELICIO"
        ],
        "nearby_streets_count": 2,
        "node_id": 30,
        "parent_area": "JUAZEIRO DO NORTE",
        "parent_risk_level": "crítico",
        "parent_risk_score": 99.2,
        "parent_status": "CRÍTICO",
        "peak_hours": "Entre 18hs e 23hs",
        "rank": 30,
        "region": "interior",
        "risk_score": 78.581,
        "score": 78.581,
        "source_geometry_type": "Polygon"
      },
      "type": "Feature"
    },
    {
      "geometry": {
        "coordinates": [
          [
            [
              -39.328028,
              -7.245565
            ],
            [
              -39.327987,
              -7.246667
            ],
            [
              -39.327386,
              -7.246667
            ],
            [
              -39.327299,
              -7.249088
            ],
            [
              -39.325196,
              -7.249099
            ],
            [
              -39.325185,
              -7.250269
            ],
            [
              -39.323018,
              -7.25028
            ],
            [
              -39.323072,
              -7.245533
            ],
            [
              -39.328028,
              -7.245565
            ]
          ]
        ],
        "type": "Polygon"
      },
      "properties": {
        "bairro": "JUAZEIRO DO NORTE",
        "faction": "CV",
        "generated_at": "2026-07-11T17:06:46.105364",
        "geometry_type": "Polygon",
        "is_centroid": false,
        "is_tactical": true,
        "local_street_pressure": 2.191,
        "municipality": "JUAZEIRO DO NORTE",
        "name": "Lagoa Seca- Juazeiro do Norte",
        "nearby_streets": [
          "LAGOA SECA- JUAZEIRO DO NORTE",
          "AVENIDA LEÃO SAMPAIO",
          "RUA JÚLIA JORGE COUTO"
        ],
        "nearby_streets_count": 7,
        "node_id": 31,
        "parent_area": "JUAZEIRO DO NORTE",
        "parent_risk_level": "crítico",
        "parent_risk_score": 99.2,
        "parent_status": "CRÍTICO",
        "peak_hours": "Entre 18hs e 23hs",
        "rank": 31,
        "region": "interior",
        "risk_score": 78.496,
        "score": 78.496,
        "source_geometry_type": "Polygon"
      },
      "type": "Feature"
    },
    {
      "geometry": {
        "coordinates": [
          [
            [
              -39.286329,
              -7.228653
            ],
            [
              -39.286594,
              -7.231345
            ],
            [
              -39.28492,
              -7.231536
            ],
            [
              -39.285028,
              -7.232175
            ],
            [
              -39.286229,
              -7.232281
            ],
            [
              -39.286208,
              -7.23375
            ],
            [
              -39.2858,
              -7.233984
            ],
            [
              -39.285779,
              -7.234282
            ],
            [
              -39.285908,
              -7.234815
            ],
            [
              -39.283397,
              -7.235326
            ],
            [
              -39.279041,
              -7.235198
            ],
            [
              -39.277796,
              -7.235836
            ],
            [
              -39.277882,
              -7.235091
            ],
            [
              -39.278934,
              -7.234261
            ],
            [
              -39.279062,
              -7.231004
            ],
            [
              -39.276166,
              -7.232345
            ],
            [
              -39.275951,
              -7.231643
            ],
            [
              -39.275222,
              -7.232111
            ],
            [
              -39.273977,
              -7.230642
            ],
            [
              -39.278848,
              -7.227811
            ],
            [
              -39.278848,
              -7.227407
            ],
            [
              -39.280886,
              -7.227172
            ],
            [
              -39.283225,
              -7.226874
            ],
            [
              -39.28314,
              -7.228705
            ],
            [
              -39.28432,
              -7.228663
            ],
            [
              -39.284749,
              -7.228535
            ],
            [
              -39.284749,
              -7.228152
            ],
            [
              -39.285672,
              -7.22813
            ],
            [
              -39.285757,
              -7.228599
            ],
            [
              -39.286329,
              -7.228653
            ]
          ]
        ],
        "type": "Polygon"
      },
      "properties": {
        "bairro": "JUAZEIRO DO NORTE",
        "faction": "CV",
        "generated_at": "2026-07-11T17:06:46.105364",
        "geometry_type": "Polygon",
        "is_centroid": false,
        "is_tactical": true,
        "local_street_pressure": 1.665,
        "municipality": "JUAZEIRO DO NORTE",
        "name": "Bertolândia",
        "nearby_streets": [
          "BERTOLÂNDIA",
          "RESIDENCIAL NOSSA SENHORA DAS DORES - JUAZEIRO DO NORTE",
          "RESIDENCIAL SÃO SEBASTIÃO"
        ],
        "nearby_streets_count": 3,
        "node_id": 32,
        "parent_area": "JUAZEIRO DO NORTE",
        "parent_risk_level": "crítico",
        "parent_risk_score": 99.2,
        "parent_status": "CRÍTICO",
        "peak_hours": "Entre 18hs e 23hs",
        "rank": 32,
        "region": "interior",
        "risk_score": 78.495,
        "score": 78.495,
        "source_geometry_type": "Polygon"
      },
      "type": "Feature"
    },
    {
      "geometry": {
        "coordinates": [
          [
            [
              -39.273012,
              -7.228617
            ],
            [
              -39.273977,
              -7.230642
            ],
            [
              -39.267991,
              -7.234141
            ],
            [
              -39.267058,
              -7.232449
            ],
            [
              -39.27195,
              -7.229586
            ],
            [
              -39.2718,
              -7.229351
            ],
            [
              -39.273012,
              -7.228617
            ]
          ]
        ],
        "type": "Polygon"
      },
      "properties": {
        "bairro": "JUAZEIRO DO NORTE",
        "faction": "CV",
        "generated_at": "2026-07-11T17:06:46.105364",
        "geometry_type": "Polygon",
        "is_centroid": false,
        "is_tactical": true,
        "local_street_pressure": 2.199,
        "municipality": "JUAZEIRO DO NORTE",
        "name": "Residencial São Sebastião",
        "nearby_streets": [
          "RESIDENCIAL SÃO SEBASTIÃO",
          "AREA SEM NOME",
          "RESIDENCIAL NOSSA SENHORA DAS DORES - JUAZEIRO DO NORTE"
        ],
        "nearby_streets_count": 4,
        "node_id": 33,
        "parent_area": "JUAZEIRO DO NORTE",
        "parent_risk_level": "crítico",
        "parent_risk_score": 99.2,
        "parent_status": "CRÍTICO",
        "peak_hours": "Entre 18hs e 23hs",
        "rank": 33,
        "region": "interior",
        "risk_score": 78.43,
        "score": 78.43,
        "source_geometry_type": "Polygon"
      },
      "type": "Feature"
    },
    {
      "geometry": {
        "coordinates": [
          [
            [
              -39.307652,
              -7.235444
            ],
            [
              -39.308296,
              -7.235977
            ],
            [
              -39.308832,
              -7.236679
            ],
            [
              -39.309412,
              -7.237616
            ],
            [
              -39.30982,
              -7.238105
            ],
            [
              -39.306966,
              -7.240787
            ],
            [
              -39.306472,
              -7.240298
            ],
            [
              -39.30615,
              -7.240553
            ],
            [
              -39.305678,
              -7.239255
            ],
            [
              -39.30452,
              -7.239787
            ],
            [
              -39.304884,
              -7.240872
            ],
            [
              -39.30424,
              -7.241043
            ],
            [
              -39.300035,
              -7.241362
            ],
            [
              -39.300314,
              -7.239872
            ],
            [
              -39.300035,
              -7.23983
            ],
            [
              -39.300206,
              -7.238148
            ],
            [
              -39.301194,
              -7.238169
            ],
            [
              -39.30188,
              -7.238403
            ],
            [
              -39.303146,
              -7.23736
            ],
            [
              -39.307652,
              -7.235444
            ]
          ]
        ],
        "type": "Polygon"
      },
      "properties": {
        "bairro": "JUAZEIRO DO NORTE",
        "faction": "CV",
        "generated_at": "2026-07-11T17:06:46.105364",
        "geometry_type": "Polygon",
        "is_centroid": false,
        "is_tactical": true,
        "local_street_pressure": 1.859,
        "municipality": "JUAZEIRO DO NORTE",
        "name": "Bairro José Geraldo da Cruz",
        "nearby_streets": [
          "BAIRRO JOSÉ GERALDO DA CRUZ",
          "AVENIDA UNIVERSITÁRIA",
          "JOÃO CABRAL"
        ],
        "nearby_streets_count": 5,
        "node_id": 34,
        "parent_area": "JUAZEIRO DO NORTE",
        "parent_risk_level": "crítico",
        "parent_risk_score": 99.2,
        "parent_status": "CRÍTICO",
        "peak_hours": "Entre 18hs e 23hs",
        "rank": 34,
        "region": "interior",
        "risk_score": 78.219,
        "score": 78.219,
        "source_geometry_type": "Polygon"
      },
      "type": "Feature"
    },
    {
      "geometry": {
        "coordinates": [
          [
            [
              -39.3221795,
              -7.2689781
            ],
            [
              -39.3308913,
              -7.272852
            ],
            [
              -39.3303763,
              -7.2739801
            ],
            [
              -39.330033,
              -7.2782583
            ],
            [
              -39.3294107,
              -7.2881556
            ],
            [
              -39.328767,
              -7.2875171
            ],
            [
              -39.3274366,
              -7.2864955
            ],
            [
              -39.3250334,
              -7.2850907
            ],
            [
              -39.3224585,
              -7.2835582
            ],
            [
              -39.321686,
              -7.28309
            ],
            [
              -39.3218576,
              -7.2807061
            ],
            [
              -39.3221581,
              -7.2785776
            ],
            [
              -39.3222439,
              -7.2762788
            ],
            [
              -39.3222439,
              -7.2734692
            ],
            [
              -39.3221795,
              -7.2689781
            ]
          ]
        ],
        "type": "Polygon"
      },
      "properties": {
        "bairro": "JUAZEIRO DO NORTE",
        "faction": "CV",
        "generated_at": "2026-07-11T17:06:46.105364",
        "geometry_type": "Polygon",
        "is_centroid": false,
        "is_tactical": true,
        "local_street_pressure": 0.922,
        "municipality": "JUAZEIRO DO NORTE",
        "name": "MATA DOS LIMAS",
        "nearby_streets": [
          "MATA DOS LIMAS"
        ],
        "nearby_streets_count": 1,
        "node_id": 35,
        "parent_area": "JUAZEIRO DO NORTE",
        "parent_risk_level": "crítico",
        "parent_risk_score": 99.2,
        "parent_status": "CRÍTICO",
        "peak_hours": "Entre 18hs e 23hs",
        "rank": 35,
        "region": "interior",
        "risk_score": 78.203,
        "score": 78.203,
        "source_geometry_type": "Polygon"
      },
      "type": "Feature"
    },
    {
      "geometry": {
        "coordinates": [
          [
            [
              -39.27691,
              -7.195074
            ],
            [
              -39.27679,
              -7.196272
            ],
            [
              -39.27691,
              -7.19636
            ],
            [
              -39.276873,
              -7.19677
            ],
            [
              -39.276703,
              -7.196768
            ],
            [
              -39.276615,
              -7.197672
            ],
            [
              -39.276294,
              -7.197622
            ],
            [
              -39.276202,
              -7.198269
            ],
            [
              -39.277396,
              -7.1984
            ],
            [
              -39.27736,
              -7.198691
            ],
            [
              -39.277628,
              -7.198738
            ],
            [
              -39.277643,
              -7.198877
            ],
            [
              -39.27785,
              -7.198916
            ],
            [
              -39.27766,
              -7.200467
            ],
            [
              -39.27801,
              -7.200497
            ],
            [
              -39.277829,
              -7.201556
            ],
            [
              -39.27756,
              -7.203061
            ],
            [
              -39.277376,
              -7.203098
            ],
            [
              -39.277259,
              -7.20382
            ],
            [
              -39.277733,
              -7.203855
            ],
            [
              -39.27739,
              -7.206416
            ],
            [
              -39.276893,
              -7.21201
            ],
            [
              -39.273207,
              -7.213332
            ],
            [
              -39.274129,
              -7.205529
            ],
            [
              -39.274429,
              -7.205565
            ],
            [
              -39.274634,
              -7.203799
            ],
            [
              -39.274508,
              -7.203727
            ],
            [
              -39.274524,
              -7.203524
            ],
            [
              -39.274916,
              -7.197983
            ],
            [
              -39.275115,
              -7.196316
            ],
            [
              -39.274903,
              -7.196281
            ],
            [
              -39.275027,
              -7.195251
            ],
            [
              -39.275219,
              -7.19524
            ],
            [
              -39.275482,
              -7.19352
            ],
            [
              -39.275992,
              -7.193985
            ],
            [
              -39.275799,
              -7.195053
            ],
            [
              -39.275759,
              -7.195692
            ],
            [
              -39.276502,
              -7.19583
            ],
            [
              -39.276639,
              -7.194921
            ],
            [
              -39.27691,
              -7.195074
            ]
          ]
        ],
        "type": "Polygon"
      },
      "properties": {
        "bairro": "JUAZEIRO DO NORTE",
        "faction": "PCC",
        "generated_at": "2026-07-11T17:06:46.105364",
        "geometry_type": "Polygon",
        "is_centroid": false,
        "is_tactical": true,
        "local_street_pressure": 1.361,
        "municipality": "JUAZEIRO DO NORTE",
        "name": "Pedrinhas",
        "nearby_streets": [
          "PEDRINHAS",
          "VILA NOVA",
          "RUA JOAQUIM LEANDRO DE SOUZA"
        ],
        "nearby_streets_count": 4,
        "node_id": 36,
        "parent_area": "JUAZEIRO DO NORTE",
        "parent_risk_level": "crítico",
        "parent_risk_score": 99.2,
        "parent_status": "CRÍTICO",
        "peak_hours": "Entre 18hs e 23hs",
        "rank": 36,
        "region": "interior",
        "risk_score": 77.762,
        "score": 77.762,
        "source_geometry_type": "Polygon"
      },
      "type": "Feature"
    },
    {
      "geometry": {
        "coordinates": [
          [
            [
              -39.3122506,
              -7.1781625
            ],
            [
              -39.3121862,
              -7.1810366
            ],
            [
              -39.3117785,
              -7.1826333
            ],
            [
              -39.3104052,
              -7.1827611
            ],
            [
              -39.3096327,
              -7.1785458
            ],
            [
              -39.3092465,
              -7.1752672
            ],
            [
              -39.3082809,
              -7.1723292
            ],
            [
              -39.3076157,
              -7.1700938
            ],
            [
              -39.3106198,
              -7.1704557
            ],
            [
              -39.3104481,
              -7.172904
            ],
            [
              -39.3100619,
              -7.1742453
            ],
            [
              -39.3094182,
              -7.1745646
            ],
            [
              -39.3103194,
              -7.1776303
            ],
            [
              -39.3122506,
              -7.1781625
            ]
          ]
        ],
        "type": "Polygon"
      },
      "properties": {
        "bairro": "JUAZEIRO DO NORTE",
        "faction": "CV",
        "generated_at": "2026-07-11T17:06:46.105364",
        "geometry_type": "Polygon",
        "is_centroid": false,
        "is_tactical": true,
        "local_street_pressure": 1.675,
        "municipality": "JUAZEIRO DO NORTE",
        "name": "VILA 3 MARIAS",
        "nearby_streets": [
          "VILA 3 MARIAS",
          "VILA TRÊS MARIAS",
          "CONDOMINIO LEANDRO BEZERRA"
        ],
        "nearby_streets_count": 3,
        "node_id": 37,
        "parent_area": "JUAZEIRO DO NORTE",
        "parent_risk_level": "crítico",
        "parent_risk_score": 99.2,
        "parent_status": "CRÍTICO",
        "peak_hours": "Entre 18hs e 23hs",
        "rank": 37,
        "region": "interior",
        "risk_score": 77.728,
        "score": 77.728,
        "source_geometry_type": "Polygon"
      },
      "type": "Feature"
    },
    {
      "geometry": {
        "coordinates": [
          [
            [
              -39.28675,
              -7.282492
            ],
            [
              -39.28793,
              -7.275383
            ],
            [
              -39.29042,
              -7.275915
            ],
            [
              -39.29057,
              -7.275362
            ],
            [
              -39.291943,
              -7.275681
            ],
            [
              -39.292265,
              -7.274425
            ],
            [
              -39.292716,
              -7.274447
            ],
            [
              -39.292995,
              -7.273255
            ],
            [
              -39.295677,
              -7.273893
            ],
            [
              -39.294797,
              -7.277661
            ],
            [
              -39.294454,
              -7.279257
            ],
            [
              -39.29411,
              -7.280066
            ],
            [
              -39.293595,
              -7.28179
            ],
            [
              -39.291922,
              -7.286196
            ],
            [
              -39.290978,
              -7.285472
            ],
            [
              -39.291256,
              -7.284727
            ],
            [
              -39.290527,
              -7.284238
            ],
            [
              -39.289411,
              -7.283727
            ],
            [
              -39.288682,
              -7.283344
            ],
            [
              -39.287609,
              -7.283131
            ],
            [
              -39.286901,
              -7.283173
            ],
            [
              -39.28675,
              -7.282492
            ]
          ]
        ],
        "type": "Polygon"
      },
      "properties": {
        "bairro": "JUAZEIRO DO NORTE",
        "faction": "CV",
        "generated_at": "2026-07-11T17:06:46.105364",
        "geometry_type": "Polygon",
        "is_centroid": false,
        "is_tactical": true,
        "local_street_pressure": 1.188,
        "municipality": "Barbalha",
        "name": "Lagoa - Barbalha",
        "nearby_streets": [
          "LAGOA - BARBALHA"
        ],
        "nearby_streets_count": 1,
        "node_id": 38,
        "parent_area": "JUAZEIRO DO NORTE",
        "parent_risk_level": "crítico",
        "parent_risk_score": 99.2,
        "parent_status": "CRÍTICO",
        "peak_hours": "Entre 18hs e 23hs",
        "rank": 38,
        "region": "interior",
        "risk_score": 77.718,
        "score": 77.718,
        "source_geometry_type": "Polygon"
      },
      "type": "Feature"
    },
    {
      "geometry": {
        "coordinates": [
          [
            [
              -39.2843247,
              -7.2103274
            ],
            [
              -39.2889917,
              -7.2098058
            ],
            [
              -39.2890776,
              -7.2113811
            ],
            [
              -39.2840565,
              -7.2119878
            ],
            [
              -39.2840458,
              -7.211775
            ],
            [
              -39.2841423,
              -7.2111895
            ],
            [
              -39.2842174,
              -7.2105935
            ],
            [
              -39.2843247,
              -7.2103274
            ]
          ]
        ],
        "type": "Polygon"
      },
      "properties": {
        "bairro": "JUAZEIRO DO NORTE",
        "faction": "PCC",
        "generated_at": "2026-07-11T17:06:46.105364",
        "geometry_type": "Polygon",
        "is_centroid": false,
        "is_tactical": true,
        "local_street_pressure": 1.615,
        "municipality": "JUAZEIRO DO NORTE",
        "name": "Condomínios Tenente Coelho",
        "nearby_streets": [
          "CONDOMÍNIOS TENENTE COELHO",
          "PEDRINHAS",
          "VILA FATIMA"
        ],
        "nearby_streets_count": 5,
        "node_id": 39,
        "parent_area": "JUAZEIRO DO NORTE",
        "parent_risk_level": "crítico",
        "parent_risk_score": 99.2,
        "parent_status": "CRÍTICO",
        "peak_hours": "Entre 18hs e 23hs",
        "rank": 39,
        "region": "interior",
        "risk_score": 77.404,
        "score": 77.404,
        "source_geometry_type": "Polygon"
      },
      "type": "Feature"
    },
    {
      "geometry": {
        "coordinates": [
          [
            [
              -39.280866,
              -7.224363
            ],
            [
              -39.280758,
              -7.225246
            ],
            [
              -39.278441,
              -7.225523
            ],
            [
              -39.278409,
              -7.225991
            ],
            [
              -39.276735,
              -7.226502
            ],
            [
              -39.276274,
              -7.225342
            ],
            [
              -39.276081,
              -7.224937
            ],
            [
              -39.276113,
              -7.223128
            ],
            [
              -39.27637,
              -7.221521
            ],
            [
              -39.277572,
              -7.221063
            ],
            [
              -39.277948,
              -7.221116
            ],
            [
              -39.277465,
              -7.224639
            ],
            [
              -39.280866,
              -7.224363
            ]
          ]
        ],
        "type": "Polygon"
      },
      "properties": {
        "bairro": "JUAZEIRO DO NORTE",
        "faction": "CV",
        "generated_at": "2026-07-11T17:06:46.105364",
        "geometry_type": "Polygon",
        "is_centroid": false,
        "is_tactical": true,
        "local_street_pressure": 1.568,
        "municipality": "JUAZEIRO DO NORTE",
        "name": "Residencial Nossa Senhora das Dores - Juazeiro do norte",
        "nearby_streets": [
          "RESIDENCIAL NOSSA SENHORA DAS DORES - JUAZEIRO DO NORTE",
          "BERTOLÂNDIA",
          "RESIDENCIAL SÃO SEBASTIÃO"
        ],
        "nearby_streets_count": 4,
        "node_id": 40,
        "parent_area": "JUAZEIRO DO NORTE",
        "parent_risk_level": "crítico",
        "parent_risk_score": 99.2,
        "parent_status": "CRÍTICO",
        "peak_hours": "Entre 18hs e 23hs",
        "rank": 40,
        "region": "interior",
        "risk_score": 77.379,
        "score": 77.379,
        "source_geometry_type": "Polygon"
      },
      "type": "Feature"
    },
    {
      "geometry": {
        "coordinates": [
          [
            [
              -39.270355,
              -7.193973
            ],
            [
              -39.271171,
              -7.194058
            ],
            [
              -39.27119,
              -7.193978
            ],
            [
              -39.271506,
              -7.193985
            ],
            [
              -39.271575,
              -7.194089
            ],
            [
              -39.271809,
              -7.194151
            ],
            [
              -39.271707,
              -7.195613
            ],
            [
              -39.272103,
              -7.195657
            ],
            [
              -39.272083,
              -7.195848
            ],
            [
              -39.272265,
              -7.195854
            ],
            [
              -39.27219,
              -7.196855
            ],
            [
              -39.271982,
              -7.196926
            ],
            [
              -39.271897,
              -7.197679
            ],
            [
              -39.271977,
              -7.197968
            ],
            [
              -39.271909,
              -7.198671
            ],
            [
              -39.272429,
              -7.198784
            ],
            [
              -39.273213,
              -7.198847
            ],
            [
              -39.273223,
              -7.198998
            ],
            [
              -39.273408,
              -7.199039
            ],
            [
              -39.273144,
              -7.201776
            ],
            [
              -39.273298,
              -7.201808
            ],
            [
              -39.273321,
              -7.201962
            ],
            [
              -39.273724,
              -7.201993
            ],
            [
              -39.273513,
              -7.203464
            ],
            [
              -39.271538,
              -7.203355
            ],
            [
              -39.270639,
              -7.203308
            ],
            [
              -39.270494,
              -7.204316
            ],
            [
              -39.269323,
              -7.204063
            ],
            [
              -39.270355,
              -7.193973
            ]
          ]
        ],
        "type": "Polygon"
      },
      "properties": {
        "bairro": "JUAZEIRO DO NORTE",
        "faction": "PCC",
        "generated_at": "2026-07-11T17:06:46.105364",
        "geometry_type": "Polygon",
        "is_centroid": false,
        "is_tactical": true,
        "local_street_pressure": 1.306,
        "municipality": "JUAZEIRO DO NORTE",
        "name": "Vila Nova",
        "nearby_streets": [
          "VILA NOVA",
          "PEDRINHAS",
          "RUA JOAQUIM LEANDRO DE SOUZA"
        ],
        "nearby_streets_count": 3,
        "node_id": 41,
        "parent_area": "JUAZEIRO DO NORTE",
        "parent_risk_level": "crítico",
        "parent_risk_score": 99.2,
        "parent_status": "CRÍTICO",
        "peak_hours": "Entre 18hs e 23hs",
        "rank": 41,
        "region": "interior",
        "risk_score": 77.248,
        "score": 77.248,
        "source_geometry_type": "Polygon"
      },
      "type": "Feature"
    },
    {
      "geometry": {
        "coordinates": [
          [
            [
              -39.302659,
              -7.1683906
            ],
            [
              -39.300363,
              -7.1772897
            ],
            [
              -39.2986893,
              -7.1771832
            ],
            [
              -39.300127,
              -7.1683693
            ],
            [
              -39.302659,
              -7.1683906
            ]
          ]
        ],
        "type": "Polygon"
      },
      "properties": {
        "bairro": "JUAZEIRO DO NORTE",
        "faction": "CV",
        "generated_at": "2026-07-11T17:06:46.105364",
        "geometry_type": "Polygon",
        "is_centroid": false,
        "is_tactical": true,
        "local_street_pressure": 1.385,
        "municipality": "JUAZEIRO DO NORTE",
        "name": "CONDOMINIO LEANDRO BEZERRA",
        "nearby_streets": [
          "CONDOMINIO LEANDRO BEZERRA",
          "VILA 3 MARIAS",
          "VILA TRÊS MARIAS"
        ],
        "nearby_streets_count": 3,
        "node_id": 42,
        "parent_area": "JUAZEIRO DO NORTE",
        "parent_risk_level": "crítico",
        "parent_risk_score": 99.2,
        "parent_status": "CRÍTICO",
        "peak_hours": "Entre 18hs e 23hs",
        "rank": 42,
        "region": "interior",
        "risk_score": 77.229,
        "score": 77.229,
        "source_geometry_type": "Polygon"
      },
      "type": "Feature"
    },
    {
      "geometry": {
        "coordinates": [
          [
            [
              -39.316841,
              -7.223187
            ],
            [
              -39.316761,
              -7.225085
            ],
            [
              -39.319141,
              -7.225246
            ],
            [
              -39.319821,
              -7.229252
            ],
            [
              -39.312287,
              -7.229062
            ],
            [
              -39.312244,
              -7.228054
            ],
            [
              -39.312296,
              -7.226736
            ],
            [
              -39.312784,
              -7.22514
            ],
            [
              -39.313096,
              -7.224285
            ],
            [
              -39.315481,
              -7.223449
            ],
            [
              -39.316188,
              -7.223236
            ],
            [
              -39.316841,
              -7.223187
            ]
          ]
        ],
        "type": "Polygon"
      },
      "properties": {
        "bairro": "JUAZEIRO DO NORTE",
        "faction": "CV",
        "generated_at": "2026-07-11T17:06:46.105364",
        "geometry_type": "Polygon",
        "is_centroid": false,
        "is_tactical": true,
        "local_street_pressure": 0.963,
        "municipality": "Crato",
        "name": "Bela vista - Crato",
        "nearby_streets": [
          "BELA VISTA - CRATO"
        ],
        "nearby_streets_count": 1,
        "node_id": 43,
        "parent_area": "JUAZEIRO DO NORTE",
        "parent_risk_level": "crítico",
        "parent_risk_score": 99.2,
        "parent_status": "CRÍTICO",
        "peak_hours": "Entre 18hs e 23hs",
        "rank": 43,
        "region": "interior",
        "risk_score": 76.759,
        "score": 76.759,
        "source_geometry_type": "Polygon"
      },
      "type": "Feature"
    },
    {
      "geometry": {
        "coordinates": [
          [
            [
              -39.325185,
              -7.19225
            ],
            [
              -39.325516,
              -7.190876
            ],
            [
              -39.325688,
              -7.190407
            ],
            [
              -39.327082,
              -7.190705
            ],
            [
              -39.327919,
              -7.186448
            ],
            [
              -39.329164,
              -7.186469
            ],
            [
              -39.329293,
              -7.186937
            ],
            [
              -39.330044,
              -7.186958
            ],
            [
              -39.330215,
              -7.185298
            ],
            [
              -39.33191,
              -7.184936
            ],
            [
              -39.331825,
              -7.183041
            ],
            [
              -39.332447,
              -7.182935
            ],
            [
              -39.332597,
              -7.182445
            ],
            [
              -39.332404,
              -7.181956
            ],
            [
              -39.331953,
              -7.1817
            ],
            [
              -39.331546,
              -7.181956
            ],
            [
              -39.331159,
              -7.182296
            ],
            [
              -39.330258,
              -7.182254
            ],
            [
              -39.329781,
              -7.181888
            ],
            [
              -39.329471,
              -7.181505
            ],
            [
              -39.329836,
              -7.180989
            ],
            [
              -39.328874,
              -7.180247
            ],
            [
              -39.325007,
              -7.179949
            ],
            [
              -39.324629,
              -7.17878
            ],
            [
              -39.324159,
              -7.176801
            ],
            [
              -39.323119,
              -7.173732
            ],
            [
              -39.322151,
              -7.173088
            ],
            [
              -39.321587,
              -7.172124
            ],
            [
              -39.321676,
              -7.17193
            ],
            [
              -39.321873,
              -7.172007
            ],
            [
              -39.322036,
              -7.172135
            ],
            [
              -39.322282,
              -7.172763
            ],
            [
              -39.323454,
              -7.173279
            ],
            [
              -39.323651,
              -7.173452
            ],
            [
              -39.323773,
              -7.173652
            ],
            [
              -39.324873,
              -7.177852
            ],
            [
              -39.325012,
              -7.178259
            ],
            [
              -39.325127,
              -7.178411
            ],
            [
              -39.325322,
              -7.178519
            ],
            [
              -39.329411,
              -7.17951
            ],
            [
              -39.329604,
              -7.179936
            ],
            [
              -39.329844,
              -7.18024
            ],
            [
              -39.330216,
              -7.180436
            ],
            [
              -39.330248,
              -7.18061
            ],
            [
              -39.33072,
              -7.180745
            ],
            [
              -39.331814,
              -7.180894
            ],
            [
              -39.332844,
              -7.18132
            ],
            [
              -39.332951,
              -7.180851
            ],
            [
              -39.333552,
              -7.18132
            ],
            [
              -39.333144,
              -7.181831
            ],
            [
              -39.333316,
              -7.182384
            ],
            [
              -39.333359,
              -7.184151
            ],
            [
              -39.333273,
              -7.185237
            ],
            [
              -39.333359,
              -7.186323
            ],
            [
              -39.334303,
              -7.186067
            ],
            [
              -39.334775,
              -7.187323
            ],
            [
              -39.334475,
              -7.187962
            ],
            [
              -39.333895,
              -7.187983
            ],
            [
              -39.333445,
              -7.187536
            ],
            [
              -39.333209,
              -7.187643
            ],
            [
              -39.332565,
              -7.187259
            ],
            [
              -39.33132,
              -7.187728
            ],
            [
              -39.329883,
              -7.187643
            ],
            [
              -39.329647,
              -7.188409
            ],
            [
              -39.328575,
              -7.188546
            ],
            [
              -39.32879,
              -7.189951
            ],
            [
              -39.328683,
              -7.192612
            ],
            [
              -39.329133,
              -7.19291
            ],
            [
              -39.329198,
              -7.193762
            ],
            [
              -39.328146,
              -7.193932
            ],
            [
              -39.327481,
              -7.193953
            ],
            [
              -39.327073,
              -7.194294
            ],
            [
              -39.325185,
              -7.19225
            ]
          ]
        ],
        "type": "Polygon"
      },
      "properties": {
        "bairro": "JUAZEIRO DO NORTE",
        "faction": "CV",
        "generated_at": "2026-07-11T17:06:46.105364",
        "geometry_type": "Polygon",
        "is_centroid": false,
        "is_tactical": true,
        "local_street_pressure": 0.513,
        "municipality": "JUAZEIRO DO NORTE",
        "name": "Horto- Juazeiro do Norte",
        "nearby_streets": [
          "HORTO- JUAZEIRO DO NORTE"
        ],
        "nearby_streets_count": 1,
        "node_id": 44,
        "parent_area": "JUAZEIRO DO NORTE",
        "parent_risk_level": "crítico",
        "parent_risk_score": 99.2,
        "parent_status": "CRÍTICO",
        "peak_hours": "Entre 18hs e 23hs",
        "rank": 44,
        "region": "interior",
        "risk_score": 76.313,
        "score": 76.313,
        "source_geometry_type": "Polygon"
      },
      "type": "Feature"
    },
    {
      "geometry": {
        "coordinates": [
          [
            [
              -40.269605,
              -3.802154
            ],
            [
              -40.267385,
              -3.805544
            ],
            [
              -40.267069,
              -3.805424
            ],
            [
              -40.266534,
              -3.806317
            ],
            [
              -40.26613,
              -3.806947
            ],
            [
              -40.264982,
              -3.805886
            ],
            [
              -40.26497,
              -3.805826
            ],
            [
              -40.26541,
              -3.805357
            ],
            [
              -40.266095,
              -3.804444
            ],
            [
              -40.266562,
              -3.80376
            ],
            [
              -40.268145,
              -3.801241
            ],
            [
              -40.269605,
              -3.802154
            ]
          ]
        ],
        "type": "Polygon"
      },
      "properties": {
        "bairro": "SOBRAL",
        "faction": "CV",
        "generated_at": "2026-07-11T17:06:46.105364",
        "geometry_type": "Polygon",
        "is_centroid": false,
        "is_tactical": true,
        "local_street_pressure": 6.9,
        "municipality": "SOBRAL",
        "name": "1° de Maio",
        "nearby_streets": [
          "1° DE MAIO",
          "CIDADE DE DEUS- FORQUILHA",
          "AREA SEM NOME"
        ],
        "nearby_streets_count": 14,
        "node_id": 45,
        "parent_area": "SOBRAL",
        "parent_risk_level": "crítico",
        "parent_risk_score": 82.1,
        "parent_status": "CRÍTICO",
        "peak_hours": "Entre 17hs e 22hs",
        "rank": 45,
        "region": "interior",
        "risk_score": 73.448,
        "score": 73.448,
        "source_geometry_type": "Polygon"
      },
      "type": "Feature"
    },
    {
      "geometry": {
        "coordinates": [
          [
            [
              -40.263193,
              -3.800254
            ],
            [
              -40.264936,
              -3.80135
            ],
            [
              -40.264917,
              -3.801673
            ],
            [
              -40.264284,
              -3.802834
            ],
            [
              -40.262502,
              -3.801809
            ],
            [
              -40.262629,
              -3.801396
            ],
            [
              -40.262611,
              -3.801233
            ],
            [
              -40.263193,
              -3.800254
            ]
          ]
        ],
        "type": "Polygon"
      },
      "properties": {
        "bairro": "SOBRAL",
        "faction": "CV",
        "generated_at": "2026-07-11T17:06:46.105364",
        "geometry_type": "Polygon",
        "is_centroid": false,
        "is_tactical": true,
        "local_street_pressure": 6.861,
        "municipality": "SOBRAL",
        "name": "Cohab",
        "nearby_streets": [
          "COHAB",
          "SALSA",
          "AREA SEM NOME"
        ],
        "nearby_streets_count": 13,
        "node_id": 46,
        "parent_area": "SOBRAL",
        "parent_risk_level": "crítico",
        "parent_risk_score": 82.1,
        "parent_status": "CRÍTICO",
        "peak_hours": "Entre 17hs e 22hs",
        "rank": 46,
        "region": "interior",
        "risk_score": 73.287,
        "score": 73.287,
        "source_geometry_type": "Polygon"
      },
      "type": "Feature"
    },
    {
      "geometry": {
        "coordinates": [
          [
            [
              -40.265194,
              -3.799779
            ],
            [
              -40.265606,
              -3.799864
            ],
            [
              -40.265667,
              -3.799526
            ],
            [
              -40.266616,
              -3.799771
            ],
            [
              -40.267691,
              -3.800446
            ],
            [
              -40.266588,
              -3.802116
            ],
            [
              -40.266232,
              -3.801911
            ],
            [
              -40.264917,
              -3.801673
            ],
            [
              -40.264936,
              -3.80135
            ],
            [
              -40.265194,
              -3.799779
            ]
          ]
        ],
        "type": "Polygon"
      },
      "properties": {
        "bairro": "SOBRAL",
        "faction": "CV",
        "generated_at": "2026-07-11T17:06:46.105364",
        "geometry_type": "Polygon",
        "is_centroid": false,
        "is_tactical": true,
        "local_street_pressure": 6.729,
        "municipality": "SOBRAL",
        "name": "Jubina",
        "nearby_streets": [
          "JUBINA",
          "COHAB",
          "SALSA"
        ],
        "nearby_streets_count": 13,
        "node_id": 47,
        "parent_area": "SOBRAL",
        "parent_risk_level": "crítico",
        "parent_risk_score": 82.1,
        "parent_status": "CRÍTICO",
        "peak_hours": "Entre 17hs e 22hs",
        "rank": 47,
        "region": "interior",
        "risk_score": 73.097,
        "score": 73.097,
        "source_geometry_type": "Polygon"
      },
      "type": "Feature"
    },
    {
      "geometry": {
        "coordinates": [
          [
            [
              -40.264962,
              -3.799712
            ],
            [
              -40.265104,
              -3.799776
            ],
            [
              -40.264342,
              -3.800982
            ],
            [
              -40.263193,
              -3.800254
            ],
            [
              -40.262611,
              -3.801233
            ],
            [
              -40.26254,
              -3.801307
            ],
            [
              -40.262091,
              -3.801089
            ],
            [
              -40.261655,
              -3.8008
            ],
            [
              -40.261646,
              -3.800736
            ],
            [
              -40.263091,
              -3.798586
            ],
            [
              -40.26395,
              -3.798826
            ],
            [
              -40.263976,
              -3.798994
            ],
            [
              -40.264785,
              -3.799189
            ],
            [
              -40.264765,
              -3.799616
            ],
            [
              -40.264962,
              -3.799712
            ]
          ]
        ],
        "type": "Polygon"
      },
      "properties": {
        "bairro": "SOBRAL",
        "faction": "CV",
        "generated_at": "2026-07-11T17:06:46.105364",
        "geometry_type": "Polygon",
        "is_centroid": false,
        "is_tactical": true,
        "local_street_pressure": 6.237,
        "municipality": "SOBRAL",
        "name": "Salsa",
        "nearby_streets": [
          "SALSA",
          "COHAB",
          "AREA SEM NOME"
        ],
        "nearby_streets_count": 12,
        "node_id": 48,
        "parent_area": "SOBRAL",
        "parent_risk_level": "crítico",
        "parent_risk_score": 82.1,
        "parent_status": "CRÍTICO",
        "peak_hours": "Entre 17hs e 22hs",
        "rank": 48,
        "region": "interior",
        "risk_score": 72.327,
        "score": 72.327,
        "source_geometry_type": "Polygon"
      },
      "type": "Feature"
    },
    {
      "geometry": {
        "coordinates": [
          [
            [
              -40.337691,
              -3.70263
            ],
            [
              -40.33577,
              -3.708757
            ],
            [
              -40.335684,
              -3.709132
            ],
            [
              -40.335416,
              -3.709078
            ],
            [
              -40.335244,
              -3.709667
            ],
            [
              -40.334783,
              -3.709581
            ],
            [
              -40.334579,
              -3.709838
            ],
            [
              -40.331152,
              -3.70475
            ],
            [
              -40.329002,
              -3.701465
            ],
            [
              -40.333428,
              -3.703081
            ],
            [
              -40.335322,
              -3.703798
            ],
            [
              -40.335922,
              -3.702053
            ],
            [
              -40.337691,
              -3.70263
            ]
          ]
        ],
        "type": "Polygon"
      },
      "properties": {
        "bairro": "SOBRAL",
        "faction": "CV",
        "generated_at": "2026-07-11T17:06:46.105364",
        "geometry_type": "Polygon",
        "is_centroid": false,
        "is_tactical": true,
        "local_street_pressure": 5.759,
        "municipality": "SOBRAL",
        "name": "Sinhá Saboia",
        "nearby_streets": [
          "SINHÁ SABOIA",
          "RUA MARIINHA PAIVA",
          "RUA SINHÁ SABÓIA"
        ],
        "nearby_streets_count": 13,
        "node_id": 49,
        "parent_area": "SOBRAL",
        "parent_risk_level": "crítico",
        "parent_risk_score": 82.1,
        "parent_status": "CRÍTICO",
        "peak_hours": "Entre 17hs e 22hs",
        "rank": 49,
        "region": "interior",
        "risk_score": 72.029,
        "score": 72.029,
        "source_geometry_type": "Polygon"
      },
      "type": "Feature"
    },
    {
      "geometry": {
        "coordinates": [
          [
            [
              -40.270929,
              -3.80155
            ],
            [
              -40.271301,
              -3.80188
            ],
            [
              -40.271152,
              -3.802164
            ],
            [
              -40.271308,
              -3.80231
            ],
            [
              -40.271009,
              -3.802806
            ],
            [
              -40.271148,
              -3.802944
            ],
            [
              -40.270615,
              -3.803784
            ],
            [
              -40.269733,
              -3.803172
            ],
            [
              -40.270322,
              -3.802301
            ],
            [
              -40.270162,
              -3.802166
            ],
            [
              -40.270352,
              -3.801931
            ],
            [
              -40.270211,
              -3.801782
            ],
            [
              -40.270324,
              -3.801622
            ],
            [
              -40.270647,
              -3.801834
            ],
            [
              -40.270929,
              -3.80155
            ]
          ]
        ],
        "type": "Polygon"
      },
      "properties": {
        "bairro": "SOBRAL",
        "faction": "TCP/GDE",
        "generated_at": "2026-07-11T17:06:46.107396",
        "geometry_type": "Polygon",
        "is_centroid": false,
        "is_tactical": true,
        "local_street_pressure": 6.977,
        "municipality": "SOBRAL",
        "name": "Várzea Grande",
        "nearby_streets": [
          "VÁRZEA GRANDE",
          "TRAVESSA ITÁLIA",
          "RUA VEREADOR FRANCISCO FELIX PORTO"
        ],
        "nearby_streets_count": 17,
        "node_id": 50,
        "parent_area": "SOBRAL",
        "parent_risk_level": "crítico",
        "parent_risk_score": 82.1,
        "parent_status": "CRÍTICO",
        "peak_hours": "Entre 17hs e 22hs",
        "rank": 50,
        "region": "interior",
        "risk_score": 71.999,
        "score": 71.999,
        "source_geometry_type": "Polygon"
      },
      "type": "Feature"
    },
    {
      "geometry": {
        "coordinates": [
          [
            [
              -40.262963,
              -3.80398
            ],
            [
              -40.263375,
              -3.805261
            ],
            [
              -40.26392,
              -3.806757
            ],
            [
              -40.263912,
              -3.806791
            ],
            [
              -40.263543,
              -3.80685
            ],
            [
              -40.263405,
              -3.806628
            ],
            [
              -40.263121,
              -3.80669
            ],
            [
              -40.262666,
              -3.805889
            ],
            [
              -40.26242,
              -3.805979
            ],
            [
              -40.262303,
              -3.805932
            ],
            [
              -40.261681,
              -3.804588
            ],
            [
              -40.262963,
              -3.80398
            ]
          ]
        ],
        "type": "Polygon"
      },
      "properties": {
        "bairro": "SOBRAL",
        "faction": "CV",
        "generated_at": "2026-07-11T17:06:46.107396",
        "geometry_type": "Polygon",
        "is_centroid": false,
        "is_tactical": true,
        "local_street_pressure": 5.94,
        "municipality": "SOBRAL",
        "name": "Rua dos Cocos",
        "nearby_streets": [
          "RUA DOS COCOS",
          "ALTO ALEGRE",
          "AREA SEM NOME"
        ],
        "nearby_streets_count": 13,
        "node_id": 51,
        "parent_area": "SOBRAL",
        "parent_risk_level": "crítico",
        "parent_risk_score": 82.1,
        "parent_status": "CRÍTICO",
        "peak_hours": "Entre 17hs e 22hs",
        "rank": 51,
        "region": "interior",
        "risk_score": 71.825,
        "score": 71.825,
        "source_geometry_type": "Polygon"
      },
      "type": "Feature"
    },
    {
      "geometry": {
        "coordinates": [
          [
            [
              -40.268421,
              -3.804291
            ],
            [
              -40.269062,
              -3.803355
            ],
            [
              -40.269448,
              -3.803625
            ],
            [
              -40.269137,
              -3.803994
            ],
            [
              -40.269397,
              -3.804231
            ],
            [
              -40.269561,
              -3.80435
            ],
            [
              -40.269994,
              -3.804588
            ],
            [
              -40.269706,
              -3.805087
            ],
            [
              -40.270175,
              -3.805405
            ],
            [
              -40.27002,
              -3.805651
            ],
            [
              -40.270293,
              -3.805801
            ],
            [
              -40.269875,
              -3.806432
            ],
            [
              -40.270057,
              -3.806544
            ],
            [
              -40.270003,
              -3.806668
            ],
            [
              -40.270196,
              -3.806785
            ],
            [
              -40.270288,
              -3.806603
            ],
            [
              -40.270481,
              -3.806646
            ],
            [
              -40.270652,
              -3.80647
            ],
            [
              -40.270797,
              -3.806587
            ],
            [
              -40.270663,
              -3.80678
            ],
            [
              -40.270829,
              -3.806866
            ],
            [
              -40.270722,
              -3.807074
            ],
            [
              -40.271189,
              -3.807428
            ],
            [
              -40.271071,
              -3.807562
            ],
            [
              -40.270341,
              -3.807139
            ],
            [
              -40.270175,
              -3.807326
            ],
            [
              -40.269982,
              -3.807235
            ],
            [
              -40.269864,
              -3.80738
            ],
            [
              -40.269671,
              -3.807267
            ],
            [
              -40.269772,
              -3.807117
            ],
            [
              -40.269392,
              -3.806882
            ],
            [
              -40.269445,
              -3.806839
            ],
            [
              -40.269579,
              -3.806914
            ],
            [
              -40.26973,
              -3.806716
            ],
            [
              -40.269343,
              -3.806448
            ],
            [
              -40.269156,
              -3.806652
            ],
            [
              -40.268925,
              -3.806507
            ],
            [
              -40.26878,
              -3.806673
            ],
            [
              -40.268297,
              -3.806346
            ],
            [
              -40.267698,
              -3.805859
            ],
            [
              -40.267614,
              -3.805905
            ],
            [
              -40.267418,
              -3.805742
            ],
            [
              -40.268421,
              -3.804291
            ]
          ]
        ],
        "type": "Polygon"
      },
      "properties": {
        "bairro": "SOBRAL",
        "faction": "CV",
        "generated_at": "2026-07-11T17:06:46.107396",
        "geometry_type": "Polygon",
        "is_centroid": false,
        "is_tactical": true,
        "local_street_pressure": 5.802,
        "municipality": "Forquilha",
        "name": "Cidade de Deus- Forquilha",
        "nearby_streets": [
          "CIDADE DE DEUS- FORQUILHA",
          "RUA ANTÔNIO DE LOURDES",
          "1° DE MAIO"
        ],
        "nearby_streets_count": 13,
        "node_id": 52,
        "parent_area": "SOBRAL",
        "parent_risk_level": "crítico",
        "parent_risk_score": 82.1,
        "parent_status": "CRÍTICO",
        "peak_hours": "Entre 17hs e 22hs",
        "rank": 52,
        "region": "interior",
        "risk_score": 71.657,
        "score": 71.657,
        "source_geometry_type": "Polygon"
      },
      "type": "Feature"
    },
    {
      "geometry": {
        "coordinates": [
          [
            [
              -40.270929,
              -3.80155
            ],
            [
              -40.271301,
              -3.80188
            ],
            [
              -40.271152,
              -3.802164
            ],
            [
              -40.271308,
              -3.80231
            ],
            [
              -40.271009,
              -3.802806
            ],
            [
              -40.271148,
              -3.802944
            ],
            [
              -40.270615,
              -3.803784
            ],
            [
              -40.269733,
              -3.803172
            ],
            [
              -40.270322,
              -3.802301
            ],
            [
              -40.270162,
              -3.802166
            ],
            [
              -40.270352,
              -3.801931
            ],
            [
              -40.270211,
              -3.801782
            ],
            [
              -40.270324,
              -3.801622
            ],
            [
              -40.270647,
              -3.801834
            ],
            [
              -40.270929,
              -3.80155
            ]
          ]
        ],
        "type": "Polygon"
      },
      "properties": {
        "bairro": "SOBRAL",
        "faction": "CV",
        "generated_at": "2026-07-11T17:06:46.107396",
        "geometry_type": "Polygon",
        "is_centroid": false,
        "is_tactical": true,
        "local_street_pressure": 5.568,
        "municipality": "SOBRAL",
        "name": "Cidade dos Anjos",
        "nearby_streets": [
          "CIDADE DOS ANJOS",
          "CIDADE DE DEUS- FORQUILHA",
          "1° DE MAIO"
        ],
        "nearby_streets_count": 13,
        "node_id": 53,
        "parent_area": "SOBRAL",
        "parent_risk_level": "crítico",
        "parent_risk_score": 82.1,
        "parent_status": "CRÍTICO",
        "peak_hours": "Entre 17hs e 22hs",
        "rank": 53,
        "region": "interior",
        "risk_score": 71.221,
        "score": 71.221,
        "source_geometry_type": "Polygon"
      },
      "type": "Feature"
    },
    {
      "geometry": {
        "coordinates": [
          [
            [
              -40.266853,
              -3.806684
            ],
            [
              -40.268185,
              -3.807554
            ],
            [
              -40.267878,
              -3.808031
            ],
            [
              -40.266818,
              -3.807444
            ],
            [
              -40.266454,
              -3.807931
            ],
            [
              -40.266554,
              -3.808047
            ],
            [
              -40.266484,
              -3.808119
            ],
            [
              -40.267399,
              -3.808789
            ],
            [
              -40.267287,
              -3.80895
            ],
            [
              -40.268617,
              -3.809836
            ],
            [
              -40.268672,
              -3.809975
            ],
            [
              -40.268891,
              -3.810059
            ],
            [
              -40.268701,
              -3.810591
            ],
            [
              -40.268443,
              -3.810543
            ],
            [
              -40.268422,
              -3.810582
            ],
            [
              -40.268199,
              -3.810479
            ],
            [
              -40.268344,
              -3.810053
            ],
            [
              -40.26784,
              -3.809755
            ],
            [
              -40.267679,
              -3.80997
            ],
            [
              -40.267614,
              -3.810009
            ],
            [
              -40.267544,
              -3.809812
            ],
            [
              -40.267392,
              -3.809378
            ],
            [
              -40.267478,
              -3.809313
            ],
            [
              -40.267304,
              -3.809228
            ],
            [
              -40.267354,
              -3.809134
            ],
            [
              -40.265852,
              -3.80811
            ],
            [
              -40.266853,
              -3.806684
            ]
          ]
        ],
        "type": "Polygon"
      },
      "properties": {
        "bairro": "SOBRAL",
        "faction": "CV",
        "generated_at": "2026-07-11T17:06:46.107396",
        "geometry_type": "Polygon",
        "is_centroid": false,
        "is_tactical": true,
        "local_street_pressure": 5.188,
        "municipality": "SOBRAL",
        "name": "Pico da Esperança",
        "nearby_streets": [
          "PICO DA ESPERANÇA",
          "RUA MANOEL LIBERATO ARAGÃO",
          "CIDADE DE DEUS- FORQUILHA"
        ],
        "nearby_streets_count": 12,
        "node_id": 54,
        "parent_area": "SOBRAL",
        "parent_risk_level": "crítico",
        "parent_risk_score": 82.1,
        "parent_status": "CRÍTICO",
        "peak_hours": "Entre 17hs e 22hs",
        "rank": 54,
        "region": "interior",
        "risk_score": 70.636,
        "score": 70.636,
        "source_geometry_type": "Polygon"
      },
      "type": "Feature"
    },
    {
      "geometry": {
        "coordinates": [
          [
            [
              -40.270929,
              -3.80155
            ],
            [
              -40.271301,
              -3.80188
            ],
            [
              -40.271152,
              -3.802164
            ],
            [
              -40.271308,
              -3.80231
            ],
            [
              -40.271009,
              -3.802806
            ],
            [
              -40.271148,
              -3.802944
            ],
            [
              -40.270615,
              -3.803784
            ],
            [
              -40.269733,
              -3.803172
            ],
            [
              -40.270322,
              -3.802301
            ],
            [
              -40.270162,
              -3.802166
            ],
            [
              -40.270352,
              -3.801931
            ],
            [
              -40.270211,
              -3.801782
            ],
            [
              -40.270324,
              -3.801622
            ],
            [
              -40.270647,
              -3.801834
            ],
            [
              -40.270929,
              -3.80155
            ]
          ]
        ],
        "type": "Polygon"
      },
      "properties": {
        "bairro": "SOBRAL",
        "faction": "CV",
        "generated_at": "2026-07-11T17:06:46.107396",
        "geometry_type": "Polygon",
        "is_centroid": false,
        "is_tactical": true,
        "local_street_pressure": 4.987,
        "municipality": "SOBRAL",
        "name": "Santo Antônio",
        "nearby_streets": [
          "SANTO ANTÔNIO",
          "RUA SANTA CLARA",
          "RUA SAO JOAQUIM"
        ],
        "nearby_streets_count": 14,
        "node_id": 55,
        "parent_area": "SOBRAL",
        "parent_risk_level": "crítico",
        "parent_risk_score": 82.1,
        "parent_status": "CRÍTICO",
        "peak_hours": "Entre 17hs e 22hs",
        "rank": 55,
        "region": "interior",
        "risk_score": 70.523,
        "score": 70.523,
        "source_geometry_type": "Polygon"
      },
      "type": "Feature"
    },
    {
      "geometry": {
        "coordinates": [
          [
            [
              -40.260414,
              -3.80123
            ],
            [
              -40.262652,
              -3.803564
            ],
            [
              -40.262963,
              -3.80398
            ],
            [
              -40.261681,
              -3.804588
            ],
            [
              -40.262142,
              -3.805606
            ],
            [
              -40.261864,
              -3.805699
            ],
            [
              -40.261708,
              -3.805529
            ],
            [
              -40.261564,
              -3.805558
            ],
            [
              -40.261432,
              -3.805386
            ],
            [
              -40.261303,
              -3.805364
            ],
            [
              -40.26103,
              -3.805127
            ],
            [
              -40.261014,
              -3.80504
            ],
            [
              -40.261257,
              -3.804916
            ],
            [
              -40.260516,
              -3.803693
            ],
            [
              -40.260218,
              -3.803769
            ],
            [
              -40.260011,
              -3.80325
            ],
            [
              -40.26011,
              -3.803181
            ],
            [
              -40.260087,
              -3.803119
            ],
            [
              -40.260272,
              -3.803009
            ],
            [
              -40.260423,
              -3.802882
            ],
            [
              -40.259909,
              -3.802223
            ],
            [
              -40.260079,
              -3.802026
            ],
            [
              -40.259875,
              -3.801525
            ],
            [
              -40.260067,
              -3.8014
            ],
            [
              -40.260194,
              -3.801397
            ],
            [
              -40.260414,
              -3.80123
            ]
          ]
        ],
        "type": "Polygon"
      },
      "properties": {
        "bairro": "SOBRAL",
        "faction": "CV",
        "generated_at": "2026-07-11T17:06:46.107396",
        "geometry_type": "Polygon",
        "is_centroid": false,
        "is_tactical": true,
        "local_street_pressure": 4.854,
        "municipality": "SOBRAL",
        "name": "Alto Alegre",
        "nearby_streets": [
          "ALTO ALEGRE",
          "RUA DOS COCOS",
          "AREA SEM NOME"
        ],
        "nearby_streets_count": 10,
        "node_id": 56,
        "parent_area": "SOBRAL",
        "parent_risk_level": "crítico",
        "parent_risk_score": 82.1,
        "parent_status": "CRÍTICO",
        "peak_hours": "Entre 17hs e 22hs",
        "rank": 56,
        "region": "interior",
        "risk_score": 70.164,
        "score": 70.164,
        "source_geometry_type": "Polygon"
      },
      "type": "Feature"
    },
    {
      "geometry": {
        "coordinates": [
          [
            [
              -40.329693,
              -3.705703
            ],
            [
              -40.329193,
              -3.706059
            ],
            [
              -40.328292,
              -3.705578
            ],
            [
              -40.327154,
              -3.704004
            ],
            [
              -40.328163,
              -3.703479
            ],
            [
              -40.329693,
              -3.705703
            ]
          ]
        ],
        "type": "Polygon"
      },
      "properties": {
        "bairro": "SOBRAL",
        "faction": "CV",
        "generated_at": "2026-07-11T17:06:46.107396",
        "geometry_type": "Polygon",
        "is_centroid": false,
        "is_tactical": true,
        "local_street_pressure": 4.835,
        "municipality": "SOBRAL",
        "name": "Jatobá",
        "nearby_streets": [
          "JATOBÁ",
          "COHAB I",
          "COHAB II"
        ],
        "nearby_streets_count": 12,
        "node_id": 57,
        "parent_area": "SOBRAL",
        "parent_risk_level": "crítico",
        "parent_risk_score": 82.1,
        "parent_status": "CRÍTICO",
        "peak_hours": "Entre 17hs e 22hs",
        "rank": 57,
        "region": "interior",
        "risk_score": 70.082,
        "score": 70.082,
        "source_geometry_type": "Polygon"
      },
      "type": "Feature"
    },
    {
      "geometry": {
        "coordinates": [
          [
            [
              -40.334593,
              -3.709919
            ],
            [
              -40.334808,
              -3.710315
            ],
            [
              -40.33322,
              -3.711407
            ],
            [
              -40.332222,
              -3.70994
            ],
            [
              -40.332394,
              -3.709833
            ],
            [
              -40.329693,
              -3.705703
            ],
            [
              -40.331152,
              -3.70475
            ],
            [
              -40.334579,
              -3.709838
            ],
            [
              -40.334593,
              -3.709919
            ]
          ]
        ],
        "type": "Polygon"
      },
      "properties": {
        "bairro": "SOBRAL",
        "faction": "CV",
        "generated_at": "2026-07-11T17:06:46.107396",
        "geometry_type": "Polygon",
        "is_centroid": false,
        "is_tactical": true,
        "local_street_pressure": 4.285,
        "municipality": "SOBRAL",
        "name": "COHAB I",
        "nearby_streets": [
          "COHAB I",
          "SINHÁ SABOIA",
          "JATOBÁ"
        ],
        "nearby_streets_count": 12,
        "node_id": 58,
        "parent_area": "SOBRAL",
        "parent_risk_level": "crítico",
        "parent_risk_score": 82.1,
        "parent_status": "CRÍTICO",
        "peak_hours": "Entre 17hs e 22hs",
        "rank": 58,
        "region": "interior",
        "risk_score": 69.377,
        "score": 69.377,
        "source_geometry_type": "Polygon"
      },
      "type": "Feature"
    },
    {
      "geometry": {
        "coordinates": [
          [
            [
              -40.3371694,
              -3.7097424
            ],
            [
              -40.3387573,
              -3.7102563
            ],
            [
              -40.3365686,
              -3.715481
            ],
            [
              -40.3356674,
              -3.7161234
            ],
            [
              -40.3348949,
              -3.7165516
            ],
            [
              -40.3345945,
              -3.7161234
            ],
            [
              -40.3351953,
              -3.7121835
            ],
            [
              -40.3369977,
              -3.7123976
            ],
            [
              -40.3371694,
              -3.7097424
            ]
          ]
        ],
        "type": "Polygon"
      },
      "properties": {
        "bairro": "SOBRAL",
        "faction": "CV",
        "generated_at": "2026-07-11T17:06:46.107396",
        "geometry_type": "Polygon",
        "is_centroid": false,
        "is_tactical": true,
        "local_street_pressure": 4.085,
        "municipality": "SOBRAL",
        "name": "COHAB II",
        "nearby_streets": [
          "COHAB II",
          "RUA 8",
          "JATOBÁ"
        ],
        "nearby_streets_count": 12,
        "node_id": 59,
        "parent_area": "SOBRAL",
        "parent_risk_level": "crítico",
        "parent_risk_score": 82.1,
        "parent_status": "CRÍTICO",
        "peak_hours": "Entre 17hs e 22hs",
        "rank": 59,
        "region": "interior",
        "risk_score": 69.319,
        "score": 69.319,
        "source_geometry_type": "Polygon"
      },
      "type": "Feature"
    },
    {
      "geometry": {
        "coordinates": [
          [
            [
              -40.3371694,
              -3.7097424
            ],
            [
              -40.3387573,
              -3.7102563
            ],
            [
              -40.3365686,
              -3.715481
            ],
            [
              -40.3356674,
              -3.7161234
            ],
            [
              -40.3348949,
              -3.7165516
            ],
            [
              -40.3345945,
              -3.7161234
            ],
            [
              -40.3351953,
              -3.7121835
            ],
            [
              -40.3369977,
              -3.7123976
            ],
            [
              -40.3371694,
              -3.7097424
            ]
          ]
        ],
        "type": "Polygon"
      },
      "properties": {
        "bairro": "SOBRAL",
        "faction": "CV",
        "generated_at": "2026-07-11T17:06:46.107396",
        "geometry_type": "Polygon",
        "is_centroid": false,
        "is_tactical": true,
        "local_street_pressure": 3.007,
        "municipality": "SOBRAL",
        "name": "COHAB II",
        "nearby_streets": [
          "RUA FRANCISCO RODRIGUES DA COSTA",
          "RUA JOSÉ RADIER DE SOUSA",
          "SINHÁ SABOIA"
        ],
        "nearby_streets_count": 8,
        "node_id": 60,
        "parent_area": "SOBRAL",
        "parent_risk_level": "crítico",
        "parent_risk_score": 82.1,
        "parent_status": "CRÍTICO",
        "peak_hours": "Entre 17hs e 22hs",
        "rank": 60,
        "region": "interior",
        "risk_score": 67.348,
        "score": 67.348,
        "source_geometry_type": "Polygon"
      },
      "type": "Feature"
    },
    {
      "geometry": {
        "coordinates": [
          [
            [
              -40.348437,
              -3.77309
            ],
            [
              -40.348512,
              -3.773336
            ],
            [
              -40.348748,
              -3.773218
            ],
            [
              -40.34921,
              -3.774289
            ],
            [
              -40.346517,
              -3.775252
            ],
            [
              -40.345766,
              -3.775723
            ],
            [
              -40.345479,
              -3.775285
            ],
            [
              -40.345243,
              -3.775467
            ],
            [
              -40.345189,
              -3.775232
            ],
            [
              -40.344331,
              -3.775724
            ],
            [
              -40.344524,
              -3.776334
            ],
            [
              -40.344599,
              -3.776688
            ],
            [
              -40.344878,
              -3.776581
            ],
            [
              -40.344975,
              -3.776848
            ],
            [
              -40.344438,
              -3.777212
            ],
            [
              -40.344202,
              -3.77687
            ],
            [
              -40.343537,
              -3.777116
            ],
            [
              -40.343602,
              -3.777598
            ],
            [
              -40.343355,
              -3.778133
            ],
            [
              -40.34299,
              -3.778154
            ],
            [
              -40.343162,
              -3.77778
            ],
            [
              -40.343247,
              -3.777523
            ],
            [
              -40.343086,
              -3.777287
            ],
            [
              -40.342732,
              -3.777341
            ],
            [
              -40.342604,
              -3.777234
            ],
            [
              -40.342239,
              -3.777277
            ],
            [
              -40.342153,
              -3.777041
            ],
            [
              -40.341574,
              -3.777191
            ],
            [
              -40.341434,
              -3.777062
            ],
            [
              -40.340887,
              -3.777255
            ],
            [
              -40.341027,
              -3.777694
            ],
            [
              -40.340823,
              -3.777769
            ],
            [
              -40.340748,
              -3.777523
            ],
            [
              -40.340018,
              -3.77778
            ],
            [
              -40.339813,
              -3.778006
            ],
            [
              -40.339716,
              -3.778113
            ],
            [
              -40.339861,
              -3.778397
            ],
            [
              -40.339593,
              -3.778691
            ],
            [
              -40.339019,
              -3.778975
            ],
            [
              -40.337952,
              -3.779334
            ],
            [
              -40.337833,
              -3.779061
            ],
            [
              -40.338204,
              -3.778911
            ],
            [
              -40.337908,
              -3.778263
            ],
            [
              -40.338552,
              -3.778028
            ],
            [
              -40.338434,
              -3.777776
            ],
            [
              -40.338633,
              -3.777738
            ],
            [
              -40.338745,
              -3.777819
            ],
            [
              -40.339073,
              -3.777701
            ],
            [
              -40.339336,
              -3.77753
            ],
            [
              -40.339808,
              -3.777348
            ],
            [
              -40.339904,
              -3.777546
            ],
            [
              -40.340682,
              -3.777235
            ],
            [
              -40.34043,
              -3.776695
            ],
            [
              -40.340328,
              -3.776711
            ],
            [
              -40.340108,
              -3.77625
            ],
            [
              -40.340408,
              -3.776138
            ],
            [
              -40.340301,
              -3.775785
            ],
            [
              -40.343058,
              -3.774725
            ],
            [
              -40.343466,
              -3.775474
            ],
            [
              -40.34441,
              -3.775185
            ],
            [
              -40.344936,
              -3.774992
            ],
            [
              -40.344968,
              -3.774639
            ],
            [
              -40.345848,
              -3.774425
            ],
            [
              -40.346331,
              -3.773975
            ],
            [
              -40.346513,
              -3.773804
            ],
            [
              -40.348369,
              -3.773076
            ],
            [
              -40.348437,
              -3.77309
            ]
          ]
        ],
        "type": "Polygon"
      },
      "properties": {
        "bairro": "SOBRAL",
        "faction": "PCC",
        "generated_at": "2026-07-11T17:06:46.107396",
        "geometry_type": "Polygon",
        "is_centroid": false,
        "is_tactical": true,
        "local_street_pressure": 2.113,
        "municipality": "SOBRAL",
        "name": "SALGADOS DOS MACHADOS",
        "nearby_streets": [
          "SALGADOS DOS MACHADOS",
          "RUA JOAQUIM TEOTÔNIO",
          "RUA DO MILA"
        ],
        "nearby_streets_count": 3,
        "node_id": 61,
        "parent_area": "SOBRAL",
        "parent_risk_level": "crítico",
        "parent_risk_score": 82.1,
        "parent_status": "CRÍTICO",
        "peak_hours": "Entre 17hs e 22hs",
        "rank": 61,
        "region": "interior",
        "risk_score": 66.024,
        "score": 66.024,
        "source_geometry_type": "Polygon"
      },
      "type": "Feature"
    },
    {
      "geometry": {
        "coordinates": [
          [
            [
              -40.270929,
              -3.80155
            ],
            [
              -40.271301,
              -3.80188
            ],
            [
              -40.271152,
              -3.802164
            ],
            [
              -40.271308,
              -3.80231
            ],
            [
              -40.271009,
              -3.802806
            ],
            [
              -40.271148,
              -3.802944
            ],
            [
              -40.270615,
              -3.803784
            ],
            [
              -40.269733,
              -3.803172
            ],
            [
              -40.270322,
              -3.802301
            ],
            [
              -40.270162,
              -3.802166
            ],
            [
              -40.270352,
              -3.801931
            ],
            [
              -40.270211,
              -3.801782
            ],
            [
              -40.270324,
              -3.801622
            ],
            [
              -40.270647,
              -3.801834
            ],
            [
              -40.270929,
              -3.80155
            ]
          ]
        ],
        "type": "Polygon"
      },
      "properties": {
        "bairro": "SOBRAL",
        "faction": "CV",
        "generated_at": "2026-07-11T17:06:46.107396",
        "geometry_type": "Polygon",
        "is_centroid": false,
        "is_tactical": true,
        "local_street_pressure": 0.93,
        "municipality": "SOBRAL",
        "name": "Distrito de Cacimbinha",
        "nearby_streets": [
          "DISTRITO DE CACIMBINHA"
        ],
        "nearby_streets_count": 1,
        "node_id": 62,
        "parent_area": "SOBRAL",
        "parent_risk_level": "crítico",
        "parent_risk_score": 82.1,
        "parent_status": "CRÍTICO",
        "peak_hours": "Entre 17hs e 22hs",
        "rank": 62,
        "region": "interior",
        "risk_score": 64.047,
        "score": 64.047,
        "source_geometry_type": "Polygon"
      },
      "type": "Feature"
    },
    {
      "geometry": {
        "coordinates": [
          [
            [
              -38.624357,
              -3.886646
            ],
            [
              -38.624183,
              -3.885632
            ],
            [
              -38.625459,
              -3.885418
            ],
            [
              -38.626009,
              -3.885414
            ],
            [
              -38.62698,
              -3.88536
            ],
            [
              -38.627027,
              -3.885773
            ],
            [
              -38.627029,
              -3.88616
            ],
            [
              -38.626994,
              -3.886463
            ],
            [
              -38.626909,
              -3.886825
            ],
            [
              -38.625954,
              -3.886826
            ],
            [
              -38.625945,
              -3.887892
            ],
            [
              -38.626523,
              -3.887906
            ],
            [
              -38.626176,
              -3.88848
            ],
            [
              -38.625966,
              -3.888488
            ],
            [
              -38.625656,
              -3.888693
            ],
            [
              -38.625398,
              -3.888734
            ],
            [
              -38.625403,
              -3.88895
            ],
            [
              -38.625131,
              -3.888982
            ],
            [
              -38.625136,
              -3.889009
            ],
            [
              -38.625023,
              -3.889024
            ],
            [
              -38.625016,
              -3.888284
            ],
            [
              -38.624494,
              -3.88823
            ],
            [
              -38.624357,
              -3.886646
            ]
          ]
        ],
        "type": "Polygon"
      },
      "properties": {
        "bairro": "MARACANAÚ",
        "faction": "CV",
        "generated_at": "2026-07-11T17:06:46.107396",
        "geometry_type": "Polygon",
        "is_centroid": false,
        "is_tactical": true,
        "local_street_pressure": 6.214,
        "municipality": "Boa Vista",
        "name": "Estação - Boa Vista",
        "nearby_streets": [
          "ESTAÇÃO - BOA VISTA",
          "BOA VISTA - MARACANAÚ",
          "PASSARELA"
        ],
        "nearby_streets_count": 19,
        "node_id": 63,
        "parent_area": "MARACANAÚ",
        "parent_risk_level": "alto",
        "parent_risk_score": 69.1,
        "parent_status": "ALTO",
        "peak_hours": "Entre 18hs e 23hs",
        "rank": 63,
        "region": "interior",
        "risk_score": 62.96,
        "score": 62.96,
        "source_geometry_type": "Polygon"
      },
      "type": "Feature"
    },
    {
      "geometry": {
        "coordinates": [
          [
            [
              -38.690521,
              -3.893764
            ],
            [
              -38.691026,
              -3.893904
            ],
            [
              -38.691476,
              -3.894011
            ],
            [
              -38.691829,
              -3.89421
            ],
            [
              -38.692126,
              -3.894215
            ],
            [
              -38.692163,
              -3.894289
            ],
            [
              -38.692796,
              -3.894621
            ],
            [
              -38.692887,
              -3.894506
            ],
            [
              -38.692988,
              -3.894611
            ],
            [
              -38.693099,
              -3.894808
            ],
            [
              -38.693026,
              -3.894923
            ],
            [
              -38.692978,
              -3.894977
            ],
            [
              -38.693107,
              -3.895145
            ],
            [
              -38.693088,
              -3.895183
            ],
            [
              -38.693183,
              -3.895295
            ],
            [
              -38.69325,
              -3.895279
            ],
            [
              -38.693394,
              -3.895365
            ],
            [
              -38.69338,
              -3.895413
            ],
            [
              -38.693575,
              -3.895541
            ],
            [
              -38.693769,
              -3.895654
            ],
            [
              -38.693909,
              -3.895482
            ],
            [
              -38.694038,
              -3.89556
            ],
            [
              -38.694134,
              -3.895464
            ],
            [
              -38.694209,
              -3.895501
            ],
            [
              -38.693853,
              -3.895881
            ],
            [
              -38.693697,
              -3.895976
            ],
            [
              -38.693582,
              -3.896048
            ],
            [
              -38.693468,
              -3.896003
            ],
            [
              -38.693405,
              -3.896053
            ],
            [
              -38.693308,
              -3.896004
            ],
            [
              -38.693315,
              -3.89592
            ],
            [
              -38.693227,
              -3.895864
            ],
            [
              -38.69317,
              -3.895898
            ],
            [
              -38.693122,
              -3.895875
            ],
            [
              -38.693155,
              -3.895791
            ],
            [
              -38.69316,
              -3.895746
            ],
            [
              -38.69311,
              -3.89574
            ],
            [
              -38.693012,
              -3.895796
            ],
            [
              -38.692828,
              -3.895624
            ],
            [
              -38.692769,
              -3.895679
            ],
            [
              -38.692613,
              -3.895734
            ],
            [
              -38.692345,
              -3.895445
            ],
            [
              -38.692206,
              -3.895231
            ],
            [
              -38.691809,
              -3.895049
            ],
            [
              -38.691583,
              -3.895199
            ],
            [
              -38.691347,
              -3.895424
            ],
            [
              -38.691422,
              -3.895648
            ],
            [
              -38.691755,
              -3.895745
            ],
            [
              -38.691959,
              -3.896034
            ],
            [
              -38.692023,
              -3.896333
            ],
            [
              -38.692204,
              -3.896482
            ],
            [
              -38.692126,
              -3.896683
            ],
            [
              -38.691614,
              -3.896317
            ],
            [
              -38.691499,
              -3.896268
            ],
            [
              -38.691373,
              -3.896243
            ],
            [
              -38.691277,
              -3.896216
            ],
            [
              -38.691198,
              -3.896175
            ],
            [
              -38.690728,
              -3.895737
            ],
            [
              -38.690537,
              -3.895495
            ],
            [
              -38.690346,
              -3.895225
            ],
            [
              -38.689533,
              -3.894242
            ],
            [
              -38.689459,
              -3.894032
            ],
            [
              -38.689652,
              -3.893925
            ],
            [
              -38.689878,
              -3.894203
            ],
            [
              -38.690081,
              -3.894225
            ],
            [
              -38.690199,
              -3.894332
            ],
            [
              -38.69035,
              -3.894235
            ],
            [
              -38.690521,
              -3.893764
            ]
          ]
        ],
        "type": "Polygon"
      },
      "properties": {
        "bairro": "MARACANAÚ",
        "faction": "CV",
        "generated_at": "2026-07-11T17:06:46.107396",
        "geometry_type": "Polygon",
        "is_centroid": false,
        "is_tactical": true,
        "local_street_pressure": 6.201,
        "municipality": "ALTO DO CAJUEIRO",
        "name": "BECO DO BURACO - VILA SÃO JOSÉ - ALTO DO CAJUEIRO",
        "nearby_streets": [
          "BECO DO BURACO - VILA SÃO JOSÉ - ALTO DO CAJUEIRO",
          "VILA SÃO JOSÉ",
          "GUABIRABA"
        ],
        "nearby_streets_count": 18,
        "node_id": 64,
        "parent_area": "MARACANAÚ",
        "parent_risk_level": "alto",
        "parent_risk_score": 69.1,
        "parent_status": "ALTO",
        "peak_hours": "Entre 18hs e 23hs",
        "rank": 64,
        "region": "interior",
        "risk_score": 62.914,
        "score": 62.914,
        "source_geometry_type": "Polygon"
      },
      "type": "Feature"
    },
    {
      "geometry": {
        "coordinates": [
          [
            [
              -38.685351,
              -3.911428
            ],
            [
              -38.685651,
              -3.911741
            ],
            [
              -38.685762,
              -3.911957
            ],
            [
              -38.686305,
              -3.912144
            ],
            [
              -38.686382,
              -3.9123
            ],
            [
              -38.688326,
              -3.912744
            ],
            [
              -38.689568,
              -3.912863
            ],
            [
              -38.689602,
              -3.91309
            ],
            [
              -38.690216,
              -3.913295
            ],
            [
              -38.691185,
              -3.914013
            ],
            [
              -38.691593,
              -3.914452
            ],
            [
              -38.691963,
              -3.914364
            ],
            [
              -38.692482,
              -3.915068
            ],
            [
              -38.692265,
              -3.915299
            ],
            [
              -38.693396,
              -3.919193
            ],
            [
              -38.692773,
              -3.919287
            ],
            [
              -38.692059,
              -3.919073
            ],
            [
              -38.688288,
              -3.918348
            ],
            [
              -38.688248,
              -3.916928
            ],
            [
              -38.688642,
              -3.916243
            ],
            [
              -38.688013,
              -3.915042
            ],
            [
              -38.687716,
              -3.915258
            ],
            [
              -38.684868,
              -3.91196
            ],
            [
              -38.685029,
              -3.911828
            ],
            [
              -38.685033,
              -3.911708
            ],
            [
              -38.685351,
              -3.911428
            ]
          ]
        ],
        "type": "Polygon"
      },
      "properties": {
        "bairro": "MARACANAÚ",
        "faction": "CV",
        "generated_at": "2026-07-11T17:06:46.107396",
        "geometry_type": "Polygon",
        "is_centroid": false,
        "is_tactical": true,
        "local_street_pressure": 5.647,
        "municipality": "Alto do João Grande",
        "name": "Novo Parque Iracema - Alto do João Grande",
        "nearby_streets": [
          "RUA CAETANO RODRIGUES",
          "NOVO PARQUE IRACEMA - ALTO DO JOÃO GRANDE",
          "RUA MANOEL DUARTE MESQUITA"
        ],
        "nearby_streets_count": 16,
        "node_id": 65,
        "parent_area": "MARACANAÚ",
        "parent_risk_level": "alto",
        "parent_risk_score": 69.1,
        "parent_status": "ALTO",
        "peak_hours": "Entre 18hs e 23hs",
        "rank": 65,
        "region": "interior",
        "risk_score": 62.443,
        "score": 62.443,
        "source_geometry_type": "Polygon"
      },
      "type": "Feature"
    },
    {
      "geometry": {
        "coordinates": [
          [
            [
              -38.661173,
              -3.874599
            ],
            [
              -38.661691,
              -3.875137
            ],
            [
              -38.660613,
              -3.876183
            ],
            [
              -38.660106,
              -3.875634
            ],
            [
              -38.661173,
              -3.874599
            ]
          ]
        ],
        "type": "Polygon"
      },
      "properties": {
        "bairro": "MARACANAÚ",
        "faction": "CV",
        "generated_at": "2026-07-11T17:06:46.107396",
        "geometry_type": "Polygon",
        "is_centroid": false,
        "is_tactical": true,
        "local_street_pressure": 5.209,
        "municipality": "Área Seca",
        "name": "Cidade de Deus - Área Seca",
        "nearby_streets": [
          "CIDADE DE DEUS - ÁREA SECA",
          "RUA RAIMUNDO INÁCIO DA SILVA",
          "ÁREA SECA"
        ],
        "nearby_streets_count": 14,
        "node_id": 66,
        "parent_area": "MARACANAÚ",
        "parent_risk_level": "alto",
        "parent_risk_score": 69.1,
        "parent_status": "ALTO",
        "peak_hours": "Entre 18hs e 23hs",
        "rank": 66,
        "region": "interior",
        "risk_score": 61.28,
        "score": 61.28,
        "source_geometry_type": "Polygon"
      },
      "type": "Feature"
    },
    {
      "geometry": {
        "coordinates": [
          -41.13412041463415,
          -3.257955634146341
        ],
        "type": "Point"
      },
      "properties": {
        "bairro": "GRANJA",
        "faction": "CV",
        "generated_at": "2026-07-11T17:06:46.107396",
        "is_tactical": true,
        "local_street_pressure": 1.794,
        "municipality": "GRANJA LISBOA",
        "name": "Timonha",
        "nearby_streets": [
          "TIMONHA",
          "RUA NOVA AURORA",
          "RUA DA ALEGRIA"
        ],
        "nearby_streets_count": 3,
        "node_id": 67,
        "parent_area": "GRANJA",
        "parent_risk_level": "crítico",
        "parent_risk_score": 74.1,
        "parent_status": "CRÍTICO",
        "rank": 67,
        "region": "interior",
        "risk_score": 60.89,
        "score": 60.89
      },
      "type": "Feature"
    },
    {
      "geometry": {
        "coordinates": [
          [
            [
              -38.633722,
              -3.880433
            ],
            [
              -38.634129,
              -3.881643
            ],
            [
              -38.633572,
              -3.881814
            ],
            [
              -38.633947,
              -3.882702
            ],
            [
              -38.634086,
              -3.882735
            ],
            [
              -38.634247,
              -3.882863
            ],
            [
              -38.634998,
              -3.883623
            ],
            [
              -38.636093,
              -3.884586
            ],
            [
              -38.636479,
              -3.884544
            ],
            [
              -38.636554,
              -3.88479
            ],
            [
              -38.636865,
              -3.884736
            ],
            [
              -38.636908,
              -3.884961
            ],
            [
              -38.636908,
              -3.88525
            ],
            [
              -38.636897,
              -3.885475
            ],
            [
              -38.637616,
              -3.885914
            ],
            [
              -38.637949,
              -3.886064
            ],
            [
              -38.638196,
              -3.886224
            ],
            [
              -38.638314,
              -3.886385
            ],
            [
              -38.638625,
              -3.88677
            ],
            [
              -38.638721,
              -3.887048
            ],
            [
              -38.637713,
              -3.887926
            ],
            [
              -38.630396,
              -3.883773
            ],
            [
              -38.630364,
              -3.883698
            ],
            [
              -38.631243,
              -3.883398
            ],
            [
              -38.632048,
              -3.883184
            ],
            [
              -38.631855,
              -3.882488
            ],
            [
              -38.631705,
              -3.882167
            ],
            [
              -38.631394,
              -3.881236
            ],
            [
              -38.633722,
              -3.880433
            ]
          ]
        ],
        "type": "Polygon"
      },
      "properties": {
        "bairro": "MARACANAÚ",
        "faction": "CV",
        "generated_at": "2026-07-11T17:06:46.107396",
        "geometry_type": "Polygon",
        "is_centroid": false,
        "is_tactical": true,
        "local_street_pressure": 4.193,
        "municipality": "(Em Disputa)",
        "name": "Colônia - (Em Disputa)",
        "nearby_streets": [
          "COLÔNIA - (EM DISPUTA)",
          "ALTO DA MANGUEIRA - MARACANAÚ",
          "RUA LUIS GIRÃO"
        ],
        "nearby_streets_count": 13,
        "node_id": 68,
        "parent_area": "MARACANAÚ",
        "parent_risk_level": "alto",
        "parent_risk_score": 69.1,
        "parent_status": "ALTO",
        "peak_hours": "Entre 18hs e 23hs",
        "rank": 68,
        "region": "interior",
        "risk_score": 60.026,
        "score": 60.026,
        "source_geometry_type": "Polygon"
      },
      "type": "Feature"
    },
    {
      "geometry": {
        "coordinates": [
          [
            [
              -38.673474,
              -3.872342
            ],
            [
              -38.670578,
              -3.875195
            ],
            [
              -38.665202,
              -3.869736
            ],
            [
              -38.668142,
              -3.86692
            ],
            [
              -38.668979,
              -3.867708
            ],
            [
              -38.670352,
              -3.869148
            ],
            [
              -38.672584,
              -3.871408
            ],
            [
              -38.672777,
              -3.871724
            ],
            [
              -38.672975,
              -3.871982
            ],
            [
              -38.67315,
              -3.872218
            ],
            [
              -38.673233,
              -3.872149
            ],
            [
              -38.673474,
              -3.872342
            ]
          ]
        ],
        "type": "Polygon"
      },
      "properties": {
        "bairro": "MARACANAÚ",
        "faction": "CV",
        "generated_at": "2026-07-11T17:06:46.107396",
        "geometry_type": "Polygon",
        "is_centroid": false,
        "is_tactical": true,
        "local_street_pressure": 3.936,
        "municipality": "Novo Maranguape I",
        "name": "Área Verde - Novo Maranguape I",
        "nearby_streets": [
          "ÁREA VERDE - NOVO MARANGUAPE I",
          "PORTELINHA",
          "RUA RAIMUNDO PACHÊCO"
        ],
        "nearby_streets_count": 14,
        "node_id": 69,
        "parent_area": "MARACANAÚ",
        "parent_risk_level": "alto",
        "parent_risk_score": 69.1,
        "parent_status": "ALTO",
        "peak_hours": "Entre 18hs e 23hs",
        "rank": 69,
        "region": "interior",
        "risk_score": 59.791,
        "score": 59.791,
        "source_geometry_type": "Polygon"
      },
      "type": "Feature"
    },
    {
      "geometry": {
        "coordinates": [
          [
            [
              -38.653612,
              -3.853449
            ],
            [
              -38.654668,
              -3.854599
            ],
            [
              -38.655085,
              -3.855055
            ],
            [
              -38.654949,
              -3.856216
            ],
            [
              -38.654649,
              -3.855942
            ],
            [
              -38.653275,
              -3.857376
            ],
            [
              -38.649072,
              -3.853128
            ],
            [
              -38.65065,
              -3.851796
            ],
            [
              -38.650002,
              -3.851188
            ],
            [
              -38.649874,
              -3.850987
            ],
            [
              -38.649834,
              -3.850769
            ],
            [
              -38.649859,
              -3.850779
            ],
            [
              -38.649832,
              -3.850652
            ],
            [
              -38.649867,
              -3.850644
            ],
            [
              -38.649852,
              -3.850521
            ],
            [
              -38.649963,
              -3.850493
            ],
            [
              -38.649989,
              -3.850706
            ],
            [
              -38.650052,
              -3.850694
            ],
            [
              -38.650169,
              -3.851016
            ],
            [
              -38.650288,
              -3.850952
            ],
            [
              -38.650354,
              -3.851005
            ],
            [
              -38.650286,
              -3.851134
            ],
            [
              -38.650399,
              -3.851348
            ],
            [
              -38.650761,
              -3.851702
            ],
            [
              -38.651262,
              -3.851327
            ],
            [
              -38.651386,
              -3.851448
            ],
            [
              -38.650845,
              -3.851885
            ],
            [
              -38.652836,
              -3.853992
            ],
            [
              -38.653612,
              -3.853449
            ]
          ]
        ],
        "type": "Polygon"
      },
      "properties": {
        "bairro": "MARACANAÚ",
        "faction": "CV",
        "generated_at": "2026-07-11T17:06:46.107396",
        "geometry_type": "Polygon",
        "is_centroid": false,
        "is_tactical": true,
        "local_street_pressure": 3.55,
        "municipality": "Mucunã",
        "name": "Papoco - Mucunã",
        "nearby_streets": [
          "PAPOCO - MUCUNÃ",
          "RUA JOSÉ R. DE FREITAS",
          "LUZARDO VIANA"
        ],
        "nearby_streets_count": 11,
        "node_id": 70,
        "parent_area": "MARACANAÚ",
        "parent_risk_level": "alto",
        "parent_risk_score": 69.1,
        "parent_status": "ALTO",
        "peak_hours": "Entre 18hs e 23hs",
        "rank": 70,
        "region": "interior",
        "risk_score": 58.905,
        "score": 58.905,
        "source_geometry_type": "Polygon"
      },
      "type": "Feature"
    },
    {
      "geometry": {
        "coordinates": [
          -40.9919765116279,
          -3.340925209302325
        ],
        "type": "Point"
      },
      "properties": {
        "bairro": "GRANJA",
        "faction": "CV",
        "generated_at": "2026-07-11T17:06:46.107396",
        "is_tactical": true,
        "local_street_pressure": 0.821,
        "municipality": "GRANJA LISBOA",
        "name": "Santa Terezinha",
        "nearby_streets": [
          "SANTA TEREZINHA"
        ],
        "nearby_streets_count": 1,
        "node_id": 71,
        "parent_area": "GRANJA",
        "parent_risk_level": "crítico",
        "parent_risk_score": 74.1,
        "parent_status": "CRÍTICO",
        "rank": 71,
        "region": "interior",
        "risk_score": 58.455,
        "score": 58.455
      },
      "type": "Feature"
    },
    {
      "geometry": {
        "coordinates": [
          [
            [
              -38.641201,
              -3.88734
            ],
            [
              -38.639826,
              -3.887178
            ],
            [
              -38.639738,
              -3.886694
            ],
            [
              -38.63923,
              -3.88667
            ],
            [
              -38.638642,
              -3.884979
            ],
            [
              -38.639256,
              -3.884784
            ],
            [
              -38.639485,
              -3.885217
            ],
            [
              -38.640023,
              -3.885
            ],
            [
              -38.640099,
              -3.885261
            ],
            [
              -38.639998,
              -3.885319
            ],
            [
              -38.640116,
              -3.885626
            ],
            [
              -38.641177,
              -3.885335
            ],
            [
              -38.640902,
              -3.884356
            ],
            [
              -38.641244,
              -3.884252
            ],
            [
              -38.641139,
              -3.883983
            ],
            [
              -38.641559,
              -3.883818
            ],
            [
              -38.641858,
              -3.883527
            ],
            [
              -38.641929,
              -3.883179
            ],
            [
              -38.642001,
              -3.883065
            ],
            [
              -38.643605,
              -3.882585
            ],
            [
              -38.643705,
              -3.883123
            ],
            [
              -38.643315,
              -3.883306
            ],
            [
              -38.643353,
              -3.883489
            ],
            [
              -38.643023,
              -3.883558
            ],
            [
              -38.64299,
              -3.883905
            ],
            [
              -38.642714,
              -3.884173
            ],
            [
              -38.642521,
              -3.884275
            ],
            [
              -38.641942,
              -3.88394
            ],
            [
              -38.641658,
              -3.884325
            ],
            [
              -38.641908,
              -3.884471
            ],
            [
              -38.642317,
              -3.885972
            ],
            [
              -38.642073,
              -3.886014
            ],
            [
              -38.642153,
              -3.886213
            ],
            [
              -38.642186,
              -3.886222
            ],
            [
              -38.642238,
              -3.886545
            ],
            [
              -38.641778,
              -3.886656
            ],
            [
              -38.64176,
              -3.88672
            ],
            [
              -38.641907,
              -3.886837
            ],
            [
              -38.641806,
              -3.886944
            ],
            [
              -38.641449,
              -3.886668
            ],
            [
              -38.64111,
              -3.886713
            ],
            [
              -38.641238,
              -3.887027
            ],
            [
              -38.641288,
              -3.887135
            ],
            [
              -38.641193,
              -3.88715
            ],
            [
              -38.641201,
              -3.88734
            ]
          ]
        ],
        "type": "Polygon"
      },
      "properties": {
        "bairro": "MARACANAÚ",
        "faction": "CV",
        "generated_at": "2026-07-11T17:06:46.107396",
        "geometry_type": "Polygon",
        "is_centroid": false,
        "is_tactical": true,
        "local_street_pressure": 3.027,
        "municipality": "Colônia",
        "name": "Gruta - Colônia",
        "nearby_streets": [
          "GRUTA - COLÔNIA",
          "MULTIRÃO - MARACANAÚ",
          "RUA ANA PAULA DE MORAIS"
        ],
        "nearby_streets_count": 8,
        "node_id": 72,
        "parent_area": "MARACANAÚ",
        "parent_risk_level": "alto",
        "parent_risk_score": 69.1,
        "parent_status": "ALTO",
        "peak_hours": "Entre 18hs e 23hs",
        "rank": 72,
        "region": "interior",
        "risk_score": 57.969,
        "score": 57.969,
        "source_geometry_type": "Polygon"
      },
      "type": "Feature"
    },
    {
      "geometry": {
        "coordinates": [
          [
            [
              -38.645805,
              -3.844936
            ],
            [
              -38.646098,
              -3.84641
            ],
            [
              -38.647131,
              -3.846245
            ],
            [
              -38.647359,
              -3.847722
            ],
            [
              -38.646334,
              -3.84791
            ],
            [
              -38.646519,
              -3.848896
            ],
            [
              -38.64528,
              -3.849134
            ],
            [
              -38.641928,
              -3.845661
            ],
            [
              -38.645805,
              -3.844936
            ]
          ]
        ],
        "type": "Polygon"
      },
      "properties": {
        "bairro": "MARACANAÚ",
        "faction": "CV",
        "generated_at": "2026-07-11T17:06:46.107396",
        "geometry_type": "Polygon",
        "is_centroid": false,
        "is_tactical": true,
        "local_street_pressure": 2.746,
        "municipality": "Jaçanaú",
        "name": "Favela do Magalhães - Jaçanaú",
        "nearby_streets": [
          "FAVELA DO MAGALHÃES - JAÇANAÚ",
          "COMUNIDADE DA CENTRAL  - JAÇANAÚ",
          "PAPOCO - MUCUNÃ"
        ],
        "nearby_streets_count": 8,
        "node_id": 73,
        "parent_area": "MARACANAÚ",
        "parent_risk_level": "alto",
        "parent_risk_score": 69.1,
        "parent_status": "ALTO",
        "peak_hours": "Entre 18hs e 23hs",
        "rank": 73,
        "region": "interior",
        "risk_score": 57.588,
        "score": 57.588,
        "source_geometry_type": "Polygon"
      },
      "type": "Feature"
    },
    {
      "geometry": {
        "coordinates": [
          [
            [
              -38.640258,
              -3.839344
            ],
            [
              -38.643166,
              -3.837696
            ],
            [
              -38.643477,
              -3.838605
            ],
            [
              -38.643499,
              -3.838862
            ],
            [
              -38.643799,
              -3.838755
            ],
            [
              -38.645185,
              -3.84399
            ],
            [
              -38.641757,
              -3.844849
            ],
            [
              -38.640258,
              -3.839344
            ]
          ]
        ],
        "type": "Polygon"
      },
      "properties": {
        "bairro": "MARACANAÚ",
        "faction": "CV",
        "generated_at": "2026-07-11T17:06:46.107396",
        "geometry_type": "Polygon",
        "is_centroid": false,
        "is_tactical": true,
        "local_street_pressure": 1.463,
        "municipality": "Jaçanaú",
        "name": "Comunidade da Central  - Jaçanaú",
        "nearby_streets": [
          "COMUNIDADE DA CENTRAL  - JAÇANAÚ",
          "FAVELA DO MAGALHÃES - JAÇANAÚ",
          "MUCUNÃ - MARACANAÚ"
        ],
        "nearby_streets_count": 4,
        "node_id": 74,
        "parent_area": "MARACANAÚ",
        "parent_risk_level": "alto",
        "parent_risk_score": 69.1,
        "parent_status": "ALTO",
        "peak_hours": "Entre 18hs e 23hs",
        "rank": 74,
        "region": "interior",
        "risk_score": 55.729,
        "score": 55.729,
        "source_geometry_type": "Polygon"
      },
      "type": "Feature"
    },
    {
      "geometry": {
        "coordinates": [
          [
            [
              [
                -38.663212,
                -3.844919
              ],
              [
                -38.662713,
                -3.845185
              ],
              [
                -38.66269,
                -3.84573
              ],
              [
                -38.660687,
                -3.846274
              ],
              [
                -38.660297,
                -3.846453
              ],
              [
                -38.660313,
                -3.846015
              ],
              [
                -38.660303,
                -3.844931
              ],
              [
                -38.660164,
                -3.843975
              ],
              [
                -38.660109,
                -3.843482
              ],
              [
                -38.659939,
                -3.842941
              ],
              [
                -38.660927,
                -3.842695
              ],
              [
                -38.662464,
                -3.842274
              ],
              [
                -38.662969,
                -3.844295
              ],
              [
                -38.663212,
                -3.844919
              ]
            ]
          ],
          [
            [
              [
                -38.664486,
                -3.84453
              ],
              [
                -38.66446,
                -3.844233
              ],
              [
                -38.664649,
                -3.844111
              ],
              [
                -38.664798,
                -3.843792
              ],
              [
                -38.665863,
                -3.843691
              ],
              [
                -38.666194,
                -3.843874
              ],
              [
                -38.666311,
                -3.843352
              ],
              [
                -38.666366,
                -3.842734
              ],
              [
                -38.666342,
                -3.842313
              ],
              [
                -38.666027,
                -3.840422
              ],
              [
                -38.665629,
                -3.839963
              ],
              [
                -38.665281,
                -3.840034
              ],
              [
                -38.665201,
                -3.839819
              ],
              [
                -38.664984,
                -3.839825
              ],
              [
                -38.664791,
                -3.83957
              ],
              [
                -38.664006,
                -3.839673
              ],
              [
                -38.663914,
                -3.839543
              ],
              [
                -38.664304,
                -3.839302
              ],
              [
                -38.665033,
                -3.839322
              ],
              [
                -38.665278,
                -3.839287
              ],
              [
                -38.665236,
                -3.839156
              ],
              [
                -38.665337,
                -3.839141
              ],
              [
                -38.665416,
                -3.839301
              ],
              [
                -38.665824,
                -3.839325
              ],
              [
                -38.666514,
                -3.83915
              ],
              [
                -38.666765,
                -3.839086
              ],
              [
                -38.666865,
                -3.839936
              ],
              [
                -38.666866,
                -3.840753
              ],
              [
                -38.667019,
                -3.840967
              ],
              [
                -38.667558,
                -3.840905
              ],
              [
                -38.667722,
                -3.841508
              ],
              [
                -38.666619,
                -3.841558
              ],
              [
                -38.666621,
                -3.842109
              ],
              [
                -38.667278,
                -3.8422
              ],
              [
                -38.667418,
                -3.842885
              ],
              [
                -38.667886,
                -3.844376
              ],
              [
                -38.666541,
                -3.844446
              ],
              [
                -38.666339,
                -3.844432
              ],
              [
                -38.666318,
                -3.844498
              ],
              [
                -38.66569,
                -3.844511
              ],
              [
                -38.665131,
                -3.844615
              ],
              [
                -38.664486,
                -3.84453
              ]
            ]
          ]
        ],
        "type": "MultiPolygon"
      },
      "properties": {
        "bairro": "MARACANAÚ",
        "faction": "CV",
        "generated_at": "2026-07-11T17:06:46.107396",
        "geometry_type": "MultiPolygon",
        "is_centroid": false,
        "is_tactical": true,
        "local_street_pressure": 1.21,
        "municipality": "Mucunã",
        "name": "Alto da alvorada - Mucunã",
        "nearby_streets": [
          "ALTO DA ALVORADA - MUCUNÃ",
          "RUA PEDRO LOURENÇO",
          "MUCUNÃ - MARACANAÚ"
        ],
        "nearby_streets_count": 3,
        "node_id": 75,
        "parent_area": "MARACANAÚ",
        "parent_risk_level": "alto",
        "parent_risk_score": 69.1,
        "parent_status": "ALTO",
        "peak_hours": "Entre 18hs e 23hs",
        "rank": 75,
        "region": "interior",
        "risk_score": 55.249,
        "score": 55.249,
        "source_geometry_type": "MultiPolygon"
      },
      "type": "Feature"
    },
    {
      "geometry": {
        "coordinates": [
          [
            [
              -39.580302,
              -3.490177
            ],
            [
              -39.582814,
              -3.488961
            ],
            [
              -39.583103,
              -3.4898
            ],
            [
              -39.582764,
              -3.489974
            ],
            [
              -39.582895,
              -3.49041
            ],
            [
              -39.582801,
              -3.490469
            ],
            [
              -39.583147,
              -3.491172
            ],
            [
              -39.58327,
              -3.490976
            ],
            [
              -39.58354,
              -3.490794
            ],
            [
              -39.583941,
              -3.49202
            ],
            [
              -39.582351,
              -3.492455
            ],
            [
              -39.582587,
              -3.493173
            ],
            [
              -39.582022,
              -3.493411
            ],
            [
              -39.582263,
              -3.494099
            ],
            [
              -39.581721,
              -3.494325
            ],
            [
              -39.581057,
              -3.492173
            ],
            [
              -39.581132,
              -3.491984
            ],
            [
              -39.581236,
              -3.491912
            ],
            [
              -39.58135,
              -3.491884
            ],
            [
              -39.581465,
              -3.491922
            ],
            [
              -39.581379,
              -3.491426
            ],
            [
              -39.581604,
              -3.49132
            ],
            [
              -39.581278,
              -3.490469
            ],
            [
              -39.58052,
              -3.490759
            ],
            [
              -39.580302,
              -3.490177
            ]
          ]
        ],
        "type": "Polygon"
      },
      "properties": {
        "bairro": "ITAPIPOCA",
        "faction": "PCC",
        "generated_at": "2026-07-11T17:06:46.107396",
        "geometry_type": "Polygon",
        "is_centroid": false,
        "is_tactical": true,
        "local_street_pressure": 8.634,
        "municipality": "ITAPIPOCA",
        "name": "Comunidade Do Avante",
        "nearby_streets": [
          "COMUNIDADE DO AVANTE",
          "RUA OSVALDO CRUZ",
          "RUA FIRMINO MARTINS"
        ],
        "nearby_streets_count": 25,
        "node_id": 76,
        "parent_area": "ITAPIPOCA",
        "parent_risk_level": "moderado",
        "parent_risk_score": 50.4,
        "parent_status": "MODERADO",
        "peak_hours": "Entre 17hs e 22hs",
        "rank": 76,
        "region": "interior",
        "risk_score": 53.336,
        "score": 53.336,
        "source_geometry_type": "Polygon"
      },
      "type": "Feature"
    },
    {
      "geometry": {
        "coordinates": [
          [
            [
              -39.587624,
              -3.496722
            ],
            [
              -39.588382,
              -3.496531
            ],
            [
              -39.588527,
              -3.497036
            ],
            [
              -39.589089,
              -3.496874
            ],
            [
              -39.589464,
              -3.496752
            ],
            [
              -39.589688,
              -3.497654
            ],
            [
              -39.590318,
              -3.497492
            ],
            [
              -39.59057,
              -3.498579
            ],
            [
              -39.590755,
              -3.499472
            ],
            [
              -39.589364,
              -3.499469
            ],
            [
              -39.588229,
              -3.499353
            ],
            [
              -39.587624,
              -3.496722
            ]
          ]
        ],
        "type": "Polygon"
      },
      "properties": {
        "bairro": "ITAPIPOCA",
        "faction": "PCC",
        "generated_at": "2026-07-11T17:06:46.107396",
        "geometry_type": "Polygon",
        "is_centroid": false,
        "is_tactical": true,
        "local_street_pressure": 8.244,
        "municipality": "ITAPIPOCA",
        "name": "Fazendinha",
        "nearby_streets": [
          "FAZENDINHA",
          "ALTO ALEGRE - ITAPIPOCA",
          "RUA CAPITÃO MANOEL ALVES"
        ],
        "nearby_streets_count": 25,
        "node_id": 77,
        "parent_area": "ITAPIPOCA",
        "parent_risk_level": "moderado",
        "parent_risk_score": 50.4,
        "parent_status": "MODERADO",
        "peak_hours": "Entre 17hs e 22hs",
        "rank": 77,
        "region": "interior",
        "risk_score": 52.687,
        "score": 52.687,
        "source_geometry_type": "Polygon"
      },
      "type": "Feature"
    },
    {
      "geometry": {
        "coordinates": [
          [
            [
              -39.587002,
              -3.485951
            ],
            [
              -39.587162,
              -3.486316
            ],
            [
              -39.586916,
              -3.48642
            ],
            [
              -39.58671,
              -3.487
            ],
            [
              -39.586541,
              -3.487678
            ],
            [
              -39.58715,
              -3.487684
            ],
            [
              -39.587175,
              -3.487956
            ],
            [
              -39.586209,
              -3.487954
            ],
            [
              -39.586153,
              -3.488213
            ],
            [
              -39.586143,
              -3.48854
            ],
            [
              -39.586305,
              -3.488552
            ],
            [
              -39.58629,
              -3.488688
            ],
            [
              -39.586407,
              -3.488672
            ],
            [
              -39.586419,
              -3.488761
            ],
            [
              -39.586306,
              -3.48879
            ],
            [
              -39.586336,
              -3.48927
            ],
            [
              -39.586258,
              -3.489322
            ],
            [
              -39.586299,
              -3.489518
            ],
            [
              -39.58624,
              -3.489549
            ],
            [
              -39.586278,
              -3.489666
            ],
            [
              -39.586052,
              -3.489763
            ],
            [
              -39.586245,
              -3.490402
            ],
            [
              -39.586149,
              -3.490444
            ],
            [
              -39.586248,
              -3.490965
            ],
            [
              -39.586545,
              -3.491471
            ],
            [
              -39.586278,
              -3.491917
            ],
            [
              -39.586373,
              -3.492052
            ],
            [
              -39.586304,
              -3.492116
            ],
            [
              -39.585915,
              -3.491451
            ],
            [
              -39.583941,
              -3.49202
            ],
            [
              -39.583607,
              -3.490793
            ],
            [
              -39.583762,
              -3.490706
            ],
            [
              -39.583848,
              -3.490568
            ],
            [
              -39.583784,
              -3.49028
            ],
            [
              -39.583202,
              -3.488738
            ],
            [
              -39.587002,
              -3.485951
            ]
          ]
        ],
        "type": "Polygon"
      },
      "properties": {
        "bairro": "ITAPIPOCA",
        "faction": "PCC",
        "generated_at": "2026-07-11T17:06:46.107396",
        "geometry_type": "Polygon",
        "is_centroid": false,
        "is_tactical": true,
        "local_street_pressure": 7.644,
        "municipality": "ITAPIPOCA",
        "name": "Comunidade Do Canal",
        "nearby_streets": [
          "COMUNIDADE DO CANAL",
          "TRAVESSA MAJOR ANTÔNIO RODRIGUES TEIXEIRA",
          "RUA MAJOR ANTÔNIO RODRIGUES"
        ],
        "nearby_streets_count": 24,
        "node_id": 78,
        "parent_area": "ITAPIPOCA",
        "parent_risk_level": "moderado",
        "parent_risk_score": 50.4,
        "parent_status": "MODERADO",
        "peak_hours": "Entre 17hs e 22hs",
        "rank": 78,
        "region": "interior",
        "risk_score": 51.848,
        "score": 51.848,
        "source_geometry_type": "Polygon"
      },
      "type": "Feature"
    },
    {
      "geometry": {
        "coordinates": [
          [
            [
              -39.582451,
              -3.506679
            ],
            [
              -39.584351,
              -3.50573
            ],
            [
              -39.584518,
              -3.506458
            ],
            [
              -39.584949,
              -3.506475
            ],
            [
              -39.584881,
              -3.507462
            ],
            [
              -39.58697,
              -3.508006
            ],
            [
              -39.587662,
              -3.510807
            ],
            [
              -39.584881,
              -3.511408
            ],
            [
              -39.582962,
              -3.511816
            ],
            [
              -39.581986,
              -3.510126
            ],
            [
              -39.582281,
              -3.508528
            ],
            [
              -39.583161,
              -3.507569
            ],
            [
              -39.583348,
              -3.507416
            ],
            [
              -39.582996,
              -3.506917
            ],
            [
              -39.582451,
              -3.506679
            ]
          ]
        ],
        "type": "Polygon"
      },
      "properties": {
        "bairro": "ITAPIPOCA",
        "faction": "PCC",
        "generated_at": "2026-07-11T17:06:46.107396",
        "geometry_type": "Polygon",
        "is_centroid": false,
        "is_tactical": true,
        "local_street_pressure": 6.002,
        "municipality": "ITAPIPOCA",
        "name": "Ladeira",
        "nearby_streets": [
          "LADEIRA",
          "RUA MARIA VIDAL DOS SANTOS",
          "RUA CHICO DE SOUSA"
        ],
        "nearby_streets_count": 16,
        "node_id": 79,
        "parent_area": "ITAPIPOCA",
        "parent_risk_level": "moderado",
        "parent_risk_score": 50.4,
        "parent_status": "MODERADO",
        "peak_hours": "Entre 17hs e 22hs",
        "rank": 79,
        "region": "interior",
        "risk_score": 49.41,
        "score": 49.41,
        "source_geometry_type": "Polygon"
      },
      "type": "Feature"
    },
    {
      "geometry": {
        "coordinates": [
          [
            [
              -39.571141,
              -3.484337
            ],
            [
              -39.570718,
              -3.484518
            ],
            [
              -39.570818,
              -3.484763
            ],
            [
              -39.570719,
              -3.484806
            ],
            [
              -39.570855,
              -3.484996
            ],
            [
              -39.571122,
              -3.48565
            ],
            [
              -39.571665,
              -3.485464
            ],
            [
              -39.572225,
              -3.486692
            ],
            [
              -39.570911,
              -3.487171
            ],
            [
              -39.569018,
              -3.484952
            ],
            [
              -39.569795,
              -3.484287
            ],
            [
              -39.570201,
              -3.484151
            ],
            [
              -39.570925,
              -3.483916
            ],
            [
              -39.571141,
              -3.484337
            ]
          ]
        ],
        "type": "Polygon"
      },
      "properties": {
        "bairro": "ITAPIPOCA",
        "faction": "PCC",
        "generated_at": "2026-07-11T17:06:46.107396",
        "geometry_type": "Polygon",
        "is_centroid": false,
        "is_tactical": true,
        "local_street_pressure": 5.283,
        "municipality": "ITAPIPOCA",
        "name": "Novo America",
        "nearby_streets": [
          "NOVO AMERICA",
          "NOVA ALDEOTA",
          "TRAVESSA JOAQUIM TABOSA BRAGA II"
        ],
        "nearby_streets_count": 14,
        "node_id": 80,
        "parent_area": "ITAPIPOCA",
        "parent_risk_level": "moderado",
        "parent_risk_score": 50.4,
        "parent_status": "MODERADO",
        "peak_hours": "Entre 17hs e 22hs",
        "rank": 80,
        "region": "interior",
        "risk_score": 47.998,
        "score": 47.998,
        "source_geometry_type": "Polygon"
      },
      "type": "Feature"
    },
    {
      "geometry": {
        "coordinates": [
          [
            [
              -39.571544,
              -3.481957
            ],
            [
              -39.571946,
              -3.482986
            ],
            [
              -39.570754,
              -3.483291
            ],
            [
              -39.570925,
              -3.483916
            ],
            [
              -39.569795,
              -3.484287
            ],
            [
              -39.569018,
              -3.484952
            ],
            [
              -39.567127,
              -3.482771
            ],
            [
              -39.566131,
              -3.481597
            ],
            [
              -39.568484,
              -3.481716
            ],
            [
              -39.570039,
              -3.481841
            ],
            [
              -39.571544,
              -3.481957
            ]
          ]
        ],
        "type": "Polygon"
      },
      "properties": {
        "bairro": "ITAPIPOCA",
        "faction": "PCC",
        "generated_at": "2026-07-11T17:06:46.107396",
        "geometry_type": "Polygon",
        "is_centroid": false,
        "is_tactical": true,
        "local_street_pressure": 4.83,
        "municipality": "ITAPIPOCA",
        "name": "Nova Aldeota",
        "nearby_streets": [
          "NOVA ALDEOTA",
          "NOVO AMERICA",
          "TRAVESSA JOAQUIM TABOSA BRAGA II"
        ],
        "nearby_streets_count": 13,
        "node_id": 81,
        "parent_area": "ITAPIPOCA",
        "parent_risk_level": "moderado",
        "parent_risk_score": 50.4,
        "parent_status": "MODERADO",
        "peak_hours": "Entre 17hs e 22hs",
        "rank": 81,
        "region": "interior",
        "risk_score": 47.378,
        "score": 47.378,
        "source_geometry_type": "Polygon"
      },
      "type": "Feature"
    },
    {
      "geometry": {
        "coordinates": [
          [
            [
              -39.578104,
              -3.507177
            ],
            [
              -39.576475,
              -3.507822
            ],
            [
              -39.576284,
              -3.507646
            ],
            [
              -39.576092,
              -3.507624
            ],
            [
              -39.575955,
              -3.507425
            ],
            [
              -39.574695,
              -3.506486
            ],
            [
              -39.573124,
              -3.505276
            ],
            [
              -39.572492,
              -3.505702
            ],
            [
              -39.571998,
              -3.504386
            ],
            [
              -39.571964,
              -3.50337
            ],
            [
              -39.573078,
              -3.502999
            ],
            [
              -39.573807,
              -3.502764
            ],
            [
              -39.573731,
              -3.502503
            ],
            [
              -39.573944,
              -3.502436
            ],
            [
              -39.573107,
              -3.500291
            ],
            [
              -39.573752,
              -3.499774
            ],
            [
              -39.574396,
              -3.499506
            ],
            [
              -39.57464,
              -3.499237
            ],
            [
              -39.576512,
              -3.498586
            ],
            [
              -39.577008,
              -3.49967
            ],
            [
              -39.577742,
              -3.499412
            ],
            [
              -39.578043,
              -3.50018
            ],
            [
              -39.577658,
              -3.500422
            ],
            [
              -39.576946,
              -3.50075
            ],
            [
              -39.578287,
              -3.505435
            ],
            [
              -39.577742,
              -3.505662
            ],
            [
              -39.578104,
              -3.507177
            ]
          ]
        ],
        "type": "Polygon"
      },
      "properties": {
        "bairro": "ITAPIPOCA",
        "faction": "PCC",
        "generated_at": "2026-07-11T17:06:46.108016",
        "geometry_type": "Polygon",
        "is_centroid": false,
        "is_tactical": true,
        "local_street_pressure": 4.536,
        "municipality": "ITAPIPOCA",
        "name": "Salgadinho",
        "nearby_streets": [
          "SALGADINHO",
          "BOA VISTA - ITAPIPOCA",
          "ÁREA NOBRE"
        ],
        "nearby_streets_count": 15,
        "node_id": 82,
        "parent_area": "ITAPIPOCA",
        "parent_risk_level": "moderado",
        "parent_risk_score": 50.4,
        "parent_status": "MODERADO",
        "peak_hours": "Entre 17hs e 22hs",
        "rank": 82,
        "region": "interior",
        "risk_score": 47.352,
        "score": 47.352,
        "source_geometry_type": "Polygon"
      },
      "type": "Feature"
    },
    {
      "geometry": {
        "coordinates": [
          [
            [
              -39.574824,
              -3.491495
            ],
            [
              -39.576381,
              -3.492671
            ],
            [
              -39.576687,
              -3.493214
            ],
            [
              -39.578292,
              -3.497768
            ],
            [
              -39.576464,
              -3.498453
            ],
            [
              -39.575972,
              -3.498208
            ],
            [
              -39.566613,
              -3.500794
            ],
            [
              -39.566081,
              -3.498653
            ],
            [
              -39.565274,
              -3.496035
            ],
            [
              -39.56577,
              -3.495882
            ],
            [
              -39.565436,
              -3.494481
            ],
            [
              -39.566636,
              -3.494197
            ],
            [
              -39.566876,
              -3.494656
            ],
            [
              -39.567334,
              -3.49458
            ],
            [
              -39.567541,
              -3.49493
            ],
            [
              -39.569772,
              -3.494352
            ],
            [
              -39.569561,
              -3.492934
            ],
            [
              -39.570269,
              -3.492746
            ],
            [
              -39.570691,
              -3.492825
            ],
            [
              -39.57381,
              -3.492049
            ],
            [
              -39.575178,
              -3.492962
            ],
            [
              -39.575584,
              -3.492666
            ],
            [
              -39.574565,
              -3.491779
            ],
            [
              -39.574627,
              -3.491727
            ],
            [
              -39.574824,
              -3.491495
            ]
          ]
        ],
        "type": "Polygon"
      },
      "properties": {
        "bairro": "ITAPIPOCA",
        "faction": "PCC",
        "generated_at": "2026-07-11T17:06:46.108016",
        "geometry_type": "Polygon",
        "is_centroid": false,
        "is_tactical": true,
        "local_street_pressure": 4.066,
        "municipality": "ITAPIPOCA",
        "name": "Área Nobre",
        "nearby_streets": [
          "ÁREA NOBRE",
          "RUA FREI CASSIANO",
          "AMONTADA - ITAPIPOCA"
        ],
        "nearby_streets_count": 15,
        "node_id": 83,
        "parent_area": "ITAPIPOCA",
        "parent_risk_level": "moderado",
        "parent_risk_score": 50.4,
        "parent_status": "MODERADO",
        "peak_hours": "Entre 17hs e 22hs",
        "rank": 83,
        "region": "interior",
        "risk_score": 47.24,
        "score": 47.24,
        "source_geometry_type": "Polygon"
      },
      "type": "Feature"
    },
    {
      "geometry": {
        "coordinates": [
          [
            [
              -39.734522,
              -5.123634
            ],
            [
              -39.736148,
              -5.125338
            ],
            [
              -39.73619,
              -5.125669
            ],
            [
              -39.736405,
              -5.126129
            ],
            [
              -39.736663,
              -5.126161
            ],
            [
              -39.736963,
              -5.126588
            ],
            [
              -39.73706,
              -5.127069
            ],
            [
              -39.733449,
              -5.128587
            ],
            [
              -39.731765,
              -5.124836
            ],
            [
              -39.732081,
              -5.124611
            ],
            [
              -39.734522,
              -5.123634
            ]
          ]
        ],
        "type": "Polygon"
      },
      "properties": {
        "bairro": "BOA VIAGEM",
        "faction": "PCC",
        "generated_at": "2026-07-11T17:06:46.108016",
        "geometry_type": "Polygon",
        "is_centroid": false,
        "is_tactical": true,
        "local_street_pressure": 11.421,
        "municipality": "BOA VIAGEM",
        "name": "Alto do Motor",
        "nearby_streets": [
          "ALTO DO MOTOR",
          "RUA JOSÉ LEORNE LEITÃO",
          "RODOVIA DOUTOR SÓLON XIMENES ARAGÃO"
        ],
        "nearby_streets_count": 32,
        "node_id": 84,
        "parent_area": "BOA VIAGEM",
        "parent_risk_level": "moderado",
        "parent_risk_score": 32.1,
        "parent_status": "MODERADO",
        "rank": 84,
        "region": "interior",
        "risk_score": 44.671,
        "score": 44.671,
        "source_geometry_type": "Polygon"
      },
      "type": "Feature"
    },
    {
      "geometry": {
        "coordinates": [
          [
            [
              -39.579054,
              -3.482269
            ],
            [
              -39.579724,
              -3.482175
            ],
            [
              -39.579765,
              -3.481968
            ],
            [
              -39.582047,
              -3.481738
            ],
            [
              -39.582025,
              -3.481022
            ],
            [
              -39.583319,
              -3.480912
            ],
            [
              -39.585855,
              -3.480684
            ],
            [
              -39.585939,
              -3.480433
            ],
            [
              -39.586174,
              -3.480442
            ],
            [
              -39.58618,
              -3.48127
            ],
            [
              -39.586149,
              -3.481376
            ],
            [
              -39.586101,
              -3.481476
            ],
            [
              -39.586026,
              -3.481587
            ],
            [
              -39.585871,
              -3.481814
            ],
            [
              -39.585753,
              -3.482065
            ],
            [
              -39.585675,
              -3.482355
            ],
            [
              -39.585096,
              -3.484541
            ],
            [
              -39.583864,
              -3.484399
            ],
            [
              -39.583143,
              -3.485728
            ],
            [
              -39.582371,
              -3.485546
            ],
            [
              -39.58049,
              -3.485759
            ],
            [
              -39.580442,
              -3.485535
            ],
            [
              -39.580427,
              -3.48515
            ],
            [
              -39.579363,
              -3.485229
            ],
            [
              -39.579198,
              -3.483653
            ],
            [
              -39.579054,
              -3.482269
            ]
          ]
        ],
        "type": "Polygon"
      },
      "properties": {
        "bairro": "ITAPIPOCA",
        "faction": "PCC",
        "generated_at": "2026-07-11T17:06:46.108016",
        "geometry_type": "Polygon",
        "is_centroid": false,
        "is_tactical": true,
        "local_street_pressure": 1.207,
        "municipality": "ITAPIPOCA",
        "name": "CURA",
        "nearby_streets": [
          "CURA",
          "ESTRADA CURA"
        ],
        "nearby_streets_count": 2,
        "node_id": 85,
        "parent_area": "ITAPIPOCA",
        "parent_risk_level": "moderado",
        "parent_risk_score": 50.4,
        "parent_status": "MODERADO",
        "peak_hours": "Entre 17hs e 22hs",
        "rank": 85,
        "region": "interior",
        "risk_score": 43.868,
        "score": 43.868,
        "source_geometry_type": "Polygon"
      },
      "type": "Feature"
    },
    {
      "geometry": {
        "coordinates": [
          [
            [
              -39.579054,
              -3.482269
            ],
            [
              -39.579724,
              -3.482175
            ],
            [
              -39.579765,
              -3.481968
            ],
            [
              -39.582047,
              -3.481738
            ],
            [
              -39.582025,
              -3.481022
            ],
            [
              -39.583319,
              -3.480912
            ],
            [
              -39.585855,
              -3.480684
            ],
            [
              -39.585939,
              -3.480433
            ],
            [
              -39.586174,
              -3.480442
            ],
            [
              -39.58618,
              -3.48127
            ],
            [
              -39.586149,
              -3.481376
            ],
            [
              -39.586101,
              -3.481476
            ],
            [
              -39.586026,
              -3.481587
            ],
            [
              -39.585871,
              -3.481814
            ],
            [
              -39.585753,
              -3.482065
            ],
            [
              -39.585675,
              -3.482355
            ],
            [
              -39.585096,
              -3.484541
            ],
            [
              -39.583864,
              -3.484399
            ],
            [
              -39.583143,
              -3.485728
            ],
            [
              -39.582371,
              -3.485546
            ],
            [
              -39.58049,
              -3.485759
            ],
            [
              -39.580442,
              -3.485535
            ],
            [
              -39.580427,
              -3.48515
            ],
            [
              -39.579363,
              -3.485229
            ],
            [
              -39.579198,
              -3.483653
            ],
            [
              -39.579054,
              -3.482269
            ]
          ]
        ],
        "type": "Polygon"
      },
      "properties": {
        "bairro": "ITAPIPOCA",
        "faction": "PCC",
        "generated_at": "2026-07-11T17:06:46.108016",
        "geometry_type": "Polygon",
        "is_centroid": false,
        "is_tactical": true,
        "local_street_pressure": 1.491,
        "municipality": "ITAPIPOCA",
        "name": "BETÂNIA",
        "nearby_streets": [
          "BETÂNIA",
          "RUA FRANCISCO DE CASTRO FILHO",
          "RUA ANTÔNIO ALVES DOS SANTOS"
        ],
        "nearby_streets_count": 3,
        "node_id": 86,
        "parent_area": "ITAPIPOCA",
        "parent_risk_level": "moderado",
        "parent_risk_score": 50.4,
        "parent_status": "MODERADO",
        "peak_hours": "Entre 17hs e 22hs",
        "rank": 86,
        "region": "interior",
        "risk_score": 42.796,
        "score": 42.796,
        "source_geometry_type": "Polygon"
      },
      "type": "Feature"
    },
    {
      "geometry": {
        "coordinates": [
          [
            [
              -39.558124,
              -3.466943
            ],
            [
              -39.557252,
              -3.469283
            ],
            [
              -39.557985,
              -3.472474
            ],
            [
              -39.558097,
              -3.473253
            ],
            [
              -39.558382,
              -3.47403
            ],
            [
              -39.557038,
              -3.474048
            ],
            [
              -39.556741,
              -3.474254
            ],
            [
              -39.554749,
              -3.473789
            ],
            [
              -39.553559,
              -3.471936
            ],
            [
              -39.551747,
              -3.473035
            ],
            [
              -39.551293,
              -3.472769
            ],
            [
              -39.550328,
              -3.472481
            ],
            [
              -39.549112,
              -3.470082
            ],
            [
              -39.552638,
              -3.46692
            ],
            [
              -39.553004,
              -3.466617
            ],
            [
              -39.558124,
              -3.466943
            ]
          ]
        ],
        "type": "Polygon"
      },
      "properties": {
        "bairro": "ITAPIPOCA",
        "faction": "PCC",
        "generated_at": "2026-07-11T17:06:46.108016",
        "geometry_type": "Polygon",
        "is_centroid": false,
        "is_tactical": true,
        "local_street_pressure": 1.169,
        "municipality": "ITAPIPOCA",
        "name": "Julho",
        "nearby_streets": [
          "JULHO",
          "CASINHAS"
        ],
        "nearby_streets_count": 2,
        "node_id": 87,
        "parent_area": "ITAPIPOCA",
        "parent_risk_level": "moderado",
        "parent_risk_score": 50.4,
        "parent_status": "MODERADO",
        "peak_hours": "Entre 17hs e 22hs",
        "rank": 87,
        "region": "interior",
        "risk_score": 42.243,
        "score": 42.243,
        "source_geometry_type": "Polygon"
      },
      "type": "Feature"
    },
    {
      "geometry": {
        "coordinates": [
          [
            [
              -38.368805,
              -5.10698
            ],
            [
              -38.369286,
              -5.109484
            ],
            [
              -38.368809,
              -5.10993
            ],
            [
              -38.36838,
              -5.109501
            ],
            [
              -38.366862,
              -5.110536
            ],
            [
              -38.366607,
              -5.110769
            ],
            [
              -38.364604,
              -5.112333
            ],
            [
              -38.363287,
              -5.108901
            ],
            [
              -38.363314,
              -5.108787
            ],
            [
              -38.363162,
              -5.108394
            ],
            [
              -38.361856,
              -5.104965
            ],
            [
              -38.361892,
              -5.104699
            ],
            [
              -38.361973,
              -5.10466
            ],
            [
              -38.363483,
              -5.104924
            ],
            [
              -38.36331,
              -5.103871
            ],
            [
              -38.363314,
              -5.103804
            ],
            [
              -38.365256,
              -5.104117
            ],
            [
              -38.366282,
              -5.104139
            ],
            [
              -38.366937,
              -5.104134
            ],
            [
              -38.368647,
              -5.104207
            ],
            [
              -38.368688,
              -5.104667
            ],
            [
              -38.368801,
              -5.104749
            ],
            [
              -38.368757,
              -5.105004
            ],
            [
              -38.368282,
              -5.104979
            ],
            [
              -38.36804,
              -5.105037
            ],
            [
              -38.368042,
              -5.105147
            ],
            [
              -38.367858,
              -5.105241
            ],
            [
              -38.367901,
              -5.10539
            ],
            [
              -38.368123,
              -5.105443
            ],
            [
              -38.36814,
              -5.105531
            ],
            [
              -38.368699,
              -5.105668
            ],
            [
              -38.368725,
              -5.10573
            ],
            [
              -38.368789,
              -5.106425
            ],
            [
              -38.368729,
              -5.106476
            ],
            [
              -38.366071,
              -5.106702
            ],
            [
              -38.366062,
              -5.106784
            ],
            [
              -38.366118,
              -5.106779
            ],
            [
              -38.366253,
              -5.107078
            ],
            [
              -38.366335,
              -5.107082
            ],
            [
              -38.366381,
              -5.107245
            ],
            [
              -38.368805,
              -5.10698
            ]
          ]
        ],
        "type": "Polygon"
      },
      "properties": {
        "bairro": "MORADA NOVA",
        "faction": "CV",
        "generated_at": "2026-07-11T17:06:46.108016",
        "geometry_type": "Polygon",
        "is_centroid": false,
        "is_tactical": true,
        "local_street_pressure": 8.045,
        "municipality": "MORADA NOVA",
        "name": "2 de Agosto",
        "nearby_streets": [
          "2 DE AGOSTO",
          "RUA JOAQUIM CHAGAS FILHO",
          "RUA MÂNCIO RODRIGUES"
        ],
        "nearby_streets_count": 24,
        "node_id": 88,
        "parent_area": "MORADA NOVA",
        "parent_risk_level": "moderado",
        "parent_risk_score": 35.1,
        "parent_status": "MODERADO",
        "peak_hours": "Entre 19hs e 00hs",
        "rank": 88,
        "region": "interior",
        "risk_score": 41.908,
        "score": 41.908,
        "source_geometry_type": "Polygon"
      },
      "type": "Feature"
    },
    {
      "geometry": {
        "coordinates": [
          [
            [
              -39.564259,
              -3.469514
            ],
            [
              -39.564119,
              -3.470736
            ],
            [
              -39.562367,
              -3.470519
            ],
            [
              -39.562127,
              -3.472032
            ],
            [
              -39.562007,
              -3.472094
            ],
            [
              -39.56047,
              -3.47188
            ],
            [
              -39.560764,
              -3.469668
            ],
            [
              -39.557617,
              -3.469203
            ],
            [
              -39.55766,
              -3.468568
            ],
            [
              -39.558692,
              -3.468675
            ],
            [
              -39.564259,
              -3.469514
            ]
          ]
        ],
        "type": "Polygon"
      },
      "properties": {
        "bairro": "ITAPIPOCA",
        "faction": "PCC",
        "generated_at": "2026-07-11T17:06:46.108016",
        "geometry_type": "Polygon",
        "is_centroid": false,
        "is_tactical": true,
        "local_street_pressure": 1.371,
        "municipality": "ITAPIPOCA",
        "name": "Casinhas",
        "nearby_streets": [
          "CASINHAS",
          "JULHO",
          "NOVA ALDEOTA"
        ],
        "nearby_streets_count": 3,
        "node_id": 89,
        "parent_area": "ITAPIPOCA",
        "parent_risk_level": "moderado",
        "parent_risk_score": 50.4,
        "parent_status": "MODERADO",
        "peak_hours": "Entre 17hs e 22hs",
        "rank": 89,
        "region": "interior",
        "risk_score": 41.908,
        "score": 41.908,
        "source_geometry_type": "Polygon"
      },
      "type": "Feature"
    },
    {
      "geometry": {
        "coordinates": [
          [
            [
              -38.37605,
              -5.098275
            ],
            [
              -38.376147,
              -5.098646
            ],
            [
              -38.376213,
              -5.098817
            ],
            [
              -38.376416,
              -5.098786
            ],
            [
              -38.376624,
              -5.099443
            ],
            [
              -38.376848,
              -5.099463
            ],
            [
              -38.376869,
              -5.099961
            ],
            [
              -38.3767,
              -5.099979
            ],
            [
              -38.376732,
              -5.100315
            ],
            [
              -38.376351,
              -5.100464
            ],
            [
              -38.376423,
              -5.100626
            ],
            [
              -38.376614,
              -5.10059
            ],
            [
              -38.376697,
              -5.100786
            ],
            [
              -38.376825,
              -5.100776
            ],
            [
              -38.37702,
              -5.101007
            ],
            [
              -38.376935,
              -5.101143
            ],
            [
              -38.377295,
              -5.101555
            ],
            [
              -38.377478,
              -5.101511
            ],
            [
              -38.37795,
              -5.101944
            ],
            [
              -38.377991,
              -5.102152
            ],
            [
              -38.378123,
              -5.102219
            ],
            [
              -38.378147,
              -5.102398
            ],
            [
              -38.378301,
              -5.102411
            ],
            [
              -38.378322,
              -5.102816
            ],
            [
              -38.378377,
              -5.102811
            ],
            [
              -38.378775,
              -5.103095
            ],
            [
              -38.379335,
              -5.102981
            ],
            [
              -38.379421,
              -5.103155
            ],
            [
              -38.379695,
              -5.103151
            ],
            [
              -38.379815,
              -5.103351
            ],
            [
              -38.37983,
              -5.103718
            ],
            [
              -38.37832,
              -5.103729
            ],
            [
              -38.378193,
              -5.103876
            ],
            [
              -38.377677,
              -5.103589
            ],
            [
              -38.377448,
              -5.103417
            ],
            [
              -38.377532,
              -5.103292
            ],
            [
              -38.376705,
              -5.102783
            ],
            [
              -38.376581,
              -5.102892
            ],
            [
              -38.37653,
              -5.102834
            ],
            [
              -38.376399,
              -5.102927
            ],
            [
              -38.37619,
              -5.102675
            ],
            [
              -38.375805,
              -5.10191
            ],
            [
              -38.375618,
              -5.101335
            ],
            [
              -38.375843,
              -5.101241
            ],
            [
              -38.375593,
              -5.100531
            ],
            [
              -38.375303,
              -5.10064
            ],
            [
              -38.374712,
              -5.098981
            ],
            [
              -38.375045,
              -5.098889
            ],
            [
              -38.374903,
              -5.098382
            ],
            [
              -38.375048,
              -5.098353
            ],
            [
              -38.375084,
              -5.098425
            ],
            [
              -38.375168,
              -5.098425
            ],
            [
              -38.375172,
              -5.098278
            ],
            [
              -38.375453,
              -5.098212
            ],
            [
              -38.375549,
              -5.09822
            ],
            [
              -38.375591,
              -5.098367
            ],
            [
              -38.37605,
              -5.098275
            ]
          ]
        ],
        "type": "Polygon"
      },
      "properties": {
        "bairro": "MORADA NOVA",
        "faction": "CV",
        "generated_at": "2026-07-11T17:06:46.108016",
        "geometry_type": "Polygon",
        "is_centroid": false,
        "is_tactical": true,
        "local_street_pressure": 8.187,
        "municipality": "MORADA NOVA",
        "name": "Vila Chagas",
        "nearby_streets": [
          "VILA CHAGAS",
          "VILA ANDRADE",
          "VILA GIRÃO"
        ],
        "nearby_streets_count": 21,
        "node_id": 90,
        "parent_area": "MORADA NOVA",
        "parent_risk_level": "moderado",
        "parent_risk_score": 35.1,
        "parent_status": "MODERADO",
        "peak_hours": "Entre 19hs e 00hs",
        "rank": 90,
        "region": "interior",
        "risk_score": 41.635,
        "score": 41.635,
        "source_geometry_type": "Polygon"
      },
      "type": "Feature"
    },
    {
      "geometry": {
        "coordinates": [
          [
            [
              -39.73706,
              -5.127069
            ],
            [
              -39.737736,
              -5.128394
            ],
            [
              -39.737349,
              -5.128661
            ],
            [
              -39.737317,
              -5.12895
            ],
            [
              -39.737542,
              -5.129206
            ],
            [
              -39.737392,
              -5.129313
            ],
            [
              -39.737135,
              -5.129666
            ],
            [
              -39.737338,
              -5.130008
            ],
            [
              -39.737263,
              -5.130478
            ],
            [
              -39.736888,
              -5.130628
            ],
            [
              -39.736942,
              -5.131183
            ],
            [
              -39.736512,
              -5.131205
            ],
            [
              -39.736673,
              -5.131397
            ],
            [
              -39.736545,
              -5.131792
            ],
            [
              -39.735171,
              -5.13145
            ],
            [
              -39.734388,
              -5.131269
            ],
            [
              -39.733991,
              -5.131365
            ],
            [
              -39.733562,
              -5.131333
            ],
            [
              -39.733283,
              -5.131194
            ],
            [
              -39.732768,
              -5.131344
            ],
            [
              -39.732253,
              -5.131547
            ],
            [
              -39.731899,
              -5.131215
            ],
            [
              -39.73162,
              -5.131344
            ],
            [
              -39.731363,
              -5.130884
            ],
            [
              -39.731556,
              -5.130553
            ],
            [
              -39.731502,
              -5.130232
            ],
            [
              -39.732661,
              -5.129677
            ],
            [
              -39.732382,
              -5.129068
            ],
            [
              -39.733449,
              -5.128587
            ],
            [
              -39.73706,
              -5.127069
            ]
          ]
        ],
        "type": "Polygon"
      },
      "properties": {
        "bairro": "BOA VIAGEM",
        "faction": "PCC",
        "generated_at": "2026-07-11T17:06:46.108016",
        "geometry_type": "Polygon",
        "is_centroid": false,
        "is_tactical": true,
        "local_street_pressure": 9.444,
        "municipality": "BOA VIAGEM",
        "name": "Vila Azul- Boa Viagem",
        "nearby_streets": [
          "VILA AZUL- BOA VIAGEM",
          "RUA VEREADOR JOSÉ VIÊIRA DE LIMA",
          "ALTO DO MOTOR"
        ],
        "nearby_streets_count": 28,
        "node_id": 91,
        "parent_area": "BOA VIAGEM",
        "parent_risk_level": "moderado",
        "parent_risk_score": 32.1,
        "parent_status": "MODERADO",
        "rank": 91,
        "region": "interior",
        "risk_score": 41.602,
        "score": 41.602,
        "source_geometry_type": "Polygon"
      },
      "type": "Feature"
    },
    {
      "geometry": {
        "coordinates": [
          [
            [
              -39.741636,
              -5.123818
            ],
            [
              -39.742152,
              -5.124811
            ],
            [
              -39.738128,
              -5.126543
            ],
            [
              -39.737914,
              -5.12603
            ],
            [
              -39.738536,
              -5.125805
            ],
            [
              -39.73845,
              -5.12557
            ],
            [
              -39.738235,
              -5.125559
            ],
            [
              -39.738192,
              -5.12542
            ],
            [
              -39.737817,
              -5.125442
            ],
            [
              -39.737796,
              -5.125688
            ],
            [
              -39.73727,
              -5.125688
            ],
            [
              -39.737334,
              -5.125399
            ],
            [
              -39.736626,
              -5.125495
            ],
            [
              -39.736422,
              -5.125143
            ],
            [
              -39.736658,
              -5.125046
            ],
            [
              -39.736605,
              -5.12479
            ],
            [
              -39.736873,
              -5.124747
            ],
            [
              -39.736916,
              -5.124972
            ],
            [
              -39.737291,
              -5.124918
            ],
            [
              -39.737291,
              -5.125153
            ],
            [
              -39.738268,
              -5.125004
            ],
            [
              -39.738332,
              -5.124544
            ],
            [
              -39.739974,
              -5.124309
            ],
            [
              -39.741684,
              -5.122966
            ],
            [
              -39.74192,
              -5.12287
            ],
            [
              -39.74222,
              -5.122699
            ],
            [
              -39.742403,
              -5.122966
            ],
            [
              -39.741984,
              -5.12333
            ],
            [
              -39.742059,
              -5.123501
            ],
            [
              -39.741845,
              -5.123789
            ],
            [
              -39.741684,
              -5.123586
            ],
            [
              -39.741587,
              -5.123672
            ],
            [
              -39.741636,
              -5.123818
            ]
          ]
        ],
        "type": "Polygon"
      },
      "properties": {
        "bairro": "BOA VIAGEM",
        "faction": "PCC",
        "generated_at": "2026-07-11T17:06:46.108016",
        "geometry_type": "Polygon",
        "is_centroid": false,
        "is_tactical": true,
        "local_street_pressure": 9.537,
        "municipality": "BOA VIAGEM",
        "name": "Alto da Queiroz",
        "nearby_streets": [
          "ALTO DA QUEIROZ",
          "RUA MANOEL AMARO DE OLIVEIRA",
          "RUA ANTENOR GOMES DE BARROS LEAL"
        ],
        "nearby_streets_count": 26,
        "node_id": 92,
        "parent_area": "BOA VIAGEM",
        "parent_risk_level": "moderado",
        "parent_risk_score": 32.1,
        "parent_status": "MODERADO",
        "rank": 92,
        "region": "interior",
        "risk_score": 41.571,
        "score": 41.571,
        "source_geometry_type": "Polygon"
      },
      "type": "Feature"
    },
    {
      "geometry": {
        "coordinates": [
          [
            [
              -38.376738,
              -5.108197
            ],
            [
              -38.376792,
              -5.108123
            ],
            [
              -38.37689,
              -5.108052
            ],
            [
              -38.377097,
              -5.108119
            ],
            [
              -38.377154,
              -5.108075
            ],
            [
              -38.377503,
              -5.108193
            ],
            [
              -38.377529,
              -5.108289
            ],
            [
              -38.377619,
              -5.108334
            ],
            [
              -38.377598,
              -5.108488
            ],
            [
              -38.377719,
              -5.108533
            ],
            [
              -38.377754,
              -5.108459
            ],
            [
              -38.378258,
              -5.108584
            ],
            [
              -38.378236,
              -5.108703
            ],
            [
              -38.378418,
              -5.108765
            ],
            [
              -38.378428,
              -5.108843
            ],
            [
              -38.37847,
              -5.108866
            ],
            [
              -38.378356,
              -5.109081
            ],
            [
              -38.378382,
              -5.109159
            ],
            [
              -38.378371,
              -5.109237
            ],
            [
              -38.378275,
              -5.109212
            ],
            [
              -38.37825,
              -5.109383
            ],
            [
              -38.378325,
              -5.10941
            ],
            [
              -38.378349,
              -5.109661
            ],
            [
              -38.378214,
              -5.109673
            ],
            [
              -38.378185,
              -5.109642
            ],
            [
              -38.378093,
              -5.109635
            ],
            [
              -38.378076,
              -5.109746
            ],
            [
              -38.377993,
              -5.109743
            ],
            [
              -38.37795,
              -5.10954
            ],
            [
              -38.377682,
              -5.109547
            ],
            [
              -38.376889,
              -5.109598
            ],
            [
              -38.376738,
              -5.108197
            ]
          ]
        ],
        "type": "Polygon"
      },
      "properties": {
        "bairro": "MORADA NOVA",
        "faction": "CV",
        "generated_at": "2026-07-11T17:06:46.108016",
        "geometry_type": "Polygon",
        "is_centroid": false,
        "is_tactical": true,
        "local_street_pressure": 7.9,
        "municipality": "MORADA NOVA",
        "name": "Padre Lucena",
        "nearby_streets": [
          "PADRE LUCENA",
          "PRAÇA EDUARDO GIRÃO",
          "AVENIDA FRANCISCO GALVÃO DE OLIVEIRA"
        ],
        "nearby_streets_count": 23,
        "node_id": 93,
        "parent_area": "MORADA NOVA",
        "parent_risk_level": "moderado",
        "parent_risk_score": 35.1,
        "parent_status": "MODERADO",
        "peak_hours": "Entre 19hs e 00hs",
        "rank": 93,
        "region": "interior",
        "risk_score": 41.057,
        "score": 41.057,
        "source_geometry_type": "Polygon"
      },
      "type": "Feature"
    },
    {
      "geometry": {
        "coordinates": [
          [
            [
              -38.374277,
              -5.109525
            ],
            [
              -38.374341,
              -5.109553
            ],
            [
              -38.374551,
              -5.110316
            ],
            [
              -38.374719,
              -5.111018
            ],
            [
              -38.374903,
              -5.11222
            ],
            [
              -38.37454,
              -5.112572
            ],
            [
              -38.374764,
              -5.112928
            ],
            [
              -38.374805,
              -5.113124
            ],
            [
              -38.37481,
              -5.113205
            ],
            [
              -38.374616,
              -5.113372
            ],
            [
              -38.372437,
              -5.111093
            ],
            [
              -38.374277,
              -5.109525
            ]
          ]
        ],
        "type": "Polygon"
      },
      "properties": {
        "bairro": "MORADA NOVA",
        "faction": "CV",
        "generated_at": "2026-07-11T17:06:46.108016",
        "geometry_type": "Polygon",
        "is_centroid": false,
        "is_tactical": true,
        "local_street_pressure": 7.65,
        "municipality": "MORADA NOVA",
        "name": "Rosário",
        "nearby_streets": [
          "ROSÁRIO",
          "RUA MÃE ROSÁRIO",
          "RUA RAIMUNDO BELMIRO"
        ],
        "nearby_streets_count": 19,
        "node_id": 94,
        "parent_area": "MORADA NOVA",
        "parent_risk_level": "moderado",
        "parent_risk_score": 35.1,
        "parent_status": "MODERADO",
        "peak_hours": "Entre 19hs e 00hs",
        "rank": 94,
        "region": "interior",
        "risk_score": 40.71,
        "score": 40.71,
        "source_geometry_type": "Polygon"
      },
      "type": "Feature"
    },
    {
      "geometry": {
        "coordinates": [
          [
            [
              -38.381492,
              -5.100809
            ],
            [
              -38.381578,
              -5.101193
            ],
            [
              -38.381971,
              -5.101187
            ],
            [
              -38.381995,
              -5.101313
            ],
            [
              -38.382179,
              -5.101355
            ],
            [
              -38.382216,
              -5.101503
            ],
            [
              -38.38226,
              -5.101646
            ],
            [
              -38.382612,
              -5.101611
            ],
            [
              -38.382586,
              -5.102312
            ],
            [
              -38.382863,
              -5.102364
            ],
            [
              -38.382892,
              -5.103006
            ],
            [
              -38.382879,
              -5.10366
            ],
            [
              -38.382809,
              -5.104063
            ],
            [
              -38.382542,
              -5.104709
            ],
            [
              -38.382606,
              -5.105378
            ],
            [
              -38.382724,
              -5.105462
            ],
            [
              -38.382769,
              -5.105722
            ],
            [
              -38.382706,
              -5.10579
            ],
            [
              -38.382625,
              -5.10656
            ],
            [
              -38.382613,
              -5.107132
            ],
            [
              -38.382566,
              -5.107353
            ],
            [
              -38.382586,
              -5.109174
            ],
            [
              -38.381735,
              -5.10967
            ],
            [
              -38.381379,
              -5.109693
            ],
            [
              -38.381308,
              -5.109495
            ],
            [
              -38.381031,
              -5.109522
            ],
            [
              -38.380942,
              -5.109159
            ],
            [
              -38.380658,
              -5.109192
            ],
            [
              -38.38064,
              -5.108871
            ],
            [
              -38.380716,
              -5.108752
            ],
            [
              -38.380832,
              -5.108716
            ],
            [
              -38.380817,
              -5.108322
            ],
            [
              -38.380544,
              -5.108302
            ],
            [
              -38.380498,
              -5.10759
            ],
            [
              -38.380138,
              -5.107489
            ],
            [
              -38.379799,
              -5.108557
            ],
            [
              -38.378765,
              -5.108564
            ],
            [
              -38.378617,
              -5.108415
            ],
            [
              -38.37854,
              -5.108472
            ],
            [
              -38.37842,
              -5.108414
            ],
            [
              -38.378236,
              -5.108277
            ],
            [
              -38.378281,
              -5.108001
            ],
            [
              -38.378233,
              -5.107696
            ],
            [
              -38.378178,
              -5.107672
            ],
            [
              -38.378014,
              -5.106858
            ],
            [
              -38.377852,
              -5.106882
            ],
            [
              -38.377791,
              -5.10681
            ],
            [
              -38.37764,
              -5.106309
            ],
            [
              -38.377581,
              -5.10622
            ],
            [
              -38.377544,
              -5.106094
            ],
            [
              -38.377415,
              -5.105834
            ],
            [
              -38.377295,
              -5.105242
            ],
            [
              -38.377484,
              -5.10518
            ],
            [
              -38.377909,
              -5.105057
            ],
            [
              -38.377951,
              -5.105118
            ],
            [
              -38.378368,
              -5.105038
            ],
            [
              -38.379872,
              -5.104695
            ],
            [
              -38.37983,
              -5.103718
            ],
            [
              -38.379815,
              -5.103351
            ],
            [
              -38.379695,
              -5.103151
            ],
            [
              -38.380435,
              -5.103084
            ],
            [
              -38.380231,
              -5.102342
            ],
            [
              -38.380154,
              -5.101458
            ],
            [
              -38.379505,
              -5.101473
            ],
            [
              -38.379387,
              -5.101414
            ],
            [
              -38.379455,
              -5.101007
            ],
            [
              -38.37994,
              -5.100972
            ],
            [
              -38.380385,
              -5.100868
            ],
            [
              -38.380312,
              -5.100129
            ],
            [
              -38.380372,
              -5.100063
            ],
            [
              -38.38068,
              -5.100072
            ],
            [
              -38.380812,
              -5.100832
            ],
            [
              -38.381492,
              -5.100809
            ]
          ]
        ],
        "type": "Polygon"
      },
      "properties": {
        "bairro": "MORADA NOVA",
        "faction": "CV",
        "generated_at": "2026-07-11T17:06:46.108016",
        "geometry_type": "Polygon",
        "is_centroid": false,
        "is_tactical": true,
        "local_street_pressure": 7.355,
        "municipality": "MORADA NOVA",
        "name": "Girilândia",
        "nearby_streets": [
          "GIRILÂNDIA",
          "RUA QUINCAS GOMES",
          "RUA RAIMUNDO CARNEIRO GIRÃO"
        ],
        "nearby_streets_count": 19,
        "node_id": 95,
        "parent_area": "MORADA NOVA",
        "parent_risk_level": "moderado",
        "parent_risk_score": 35.1,
        "parent_status": "MODERADO",
        "peak_hours": "Entre 19hs e 00hs",
        "rank": 95,
        "region": "interior",
        "risk_score": 40.668,
        "score": 40.668,
        "source_geometry_type": "Polygon"
      },
      "type": "Feature"
    },
    {
      "geometry": {
        "coordinates": [
          [
            [
              -38.370334,
              -5.098474
            ],
            [
              -38.370733,
              -5.098944
            ],
            [
              -38.371526,
              -5.098712
            ],
            [
              -38.371734,
              -5.099029
            ],
            [
              -38.371919,
              -5.098998
            ],
            [
              -38.37224,
              -5.099761
            ],
            [
              -38.372409,
              -5.099807
            ],
            [
              -38.372414,
              -5.099968
            ],
            [
              -38.372534,
              -5.099988
            ],
            [
              -38.372533,
              -5.100125
            ],
            [
              -38.372811,
              -5.100216
            ],
            [
              -38.372824,
              -5.100325
            ],
            [
              -38.373256,
              -5.100457
            ],
            [
              -38.373235,
              -5.100744
            ],
            [
              -38.373169,
              -5.10081
            ],
            [
              -38.371778,
              -5.100496
            ],
            [
              -38.371766,
              -5.100934
            ],
            [
              -38.371822,
              -5.101113
            ],
            [
              -38.371858,
              -5.10152
            ],
            [
              -38.371865,
              -5.101808
            ],
            [
              -38.371806,
              -5.101814
            ],
            [
              -38.371824,
              -5.102071
            ],
            [
              -38.371591,
              -5.10211
            ],
            [
              -38.371489,
              -5.101921
            ],
            [
              -38.370947,
              -5.10204
            ],
            [
              -38.368816,
              -5.102866
            ],
            [
              -38.368996,
              -5.103313
            ],
            [
              -38.36621,
              -5.103534
            ],
            [
              -38.366134,
              -5.103513
            ],
            [
              -38.366058,
              -5.102245
            ],
            [
              -38.365001,
              -5.102285
            ],
            [
              -38.364687,
              -5.098765
            ],
            [
              -38.36517,
              -5.098514
            ],
            [
              -38.36647,
              -5.098067
            ],
            [
              -38.366835,
              -5.099065
            ],
            [
              -38.367018,
              -5.099023
            ],
            [
              -38.36727,
              -5.099483
            ],
            [
              -38.367734,
              -5.099349
            ],
            [
              -38.367885,
              -5.099772
            ],
            [
              -38.368178,
              -5.099681
            ],
            [
              -38.368434,
              -5.100422
            ],
            [
              -38.369127,
              -5.100115
            ],
            [
              -38.369319,
              -5.100502
            ],
            [
              -38.369987,
              -5.100109
            ],
            [
              -38.369749,
              -5.09928
            ],
            [
              -38.369568,
              -5.099248
            ],
            [
              -38.369402,
              -5.098964
            ],
            [
              -38.370334,
              -5.098474
            ]
          ]
        ],
        "type": "Polygon"
      },
      "properties": {
        "bairro": "MORADA NOVA",
        "faction": "CV",
        "generated_at": "2026-07-11T17:06:46.108016",
        "geometry_type": "Polygon",
        "is_centroid": false,
        "is_tactical": true,
        "local_street_pressure": 7.361,
        "municipality": "MORADA NOVA",
        "name": "Sao Francisco",
        "nearby_streets": [
          "SAO FRANCISCO",
          "CAMPO DE AVIAÇÃO",
          "VILA BEZERRA"
        ],
        "nearby_streets_count": 22,
        "node_id": 96,
        "parent_area": "MORADA NOVA",
        "parent_risk_level": "moderado",
        "parent_risk_score": 35.1,
        "parent_status": "MODERADO",
        "peak_hours": "Entre 19hs e 00hs",
        "rank": 96,
        "region": "interior",
        "risk_score": 40.627,
        "score": 40.627,
        "source_geometry_type": "Polygon"
      },
      "type": "Feature"
    },
    {
      "geometry": {
        "coordinates": [
          [
            [
              -38.375244,
              -5.094689
            ],
            [
              -38.375338,
              -5.095335
            ],
            [
              -38.375374,
              -5.095429
            ],
            [
              -38.375447,
              -5.095765
            ],
            [
              -38.375074,
              -5.095824
            ],
            [
              -38.374884,
              -5.095889
            ],
            [
              -38.374821,
              -5.095746
            ],
            [
              -38.374513,
              -5.095811
            ],
            [
              -38.374581,
              -5.09629
            ],
            [
              -38.374894,
              -5.096218
            ],
            [
              -38.374978,
              -5.096459
            ],
            [
              -38.374947,
              -5.096812
            ],
            [
              -38.375037,
              -5.096858
            ],
            [
              -38.375038,
              -5.097013
            ],
            [
              -38.375124,
              -5.097078
            ],
            [
              -38.375094,
              -5.097658
            ],
            [
              -38.375082,
              -5.097935
            ],
            [
              -38.374851,
              -5.097972
            ],
            [
              -38.37479,
              -5.097693
            ],
            [
              -38.374548,
              -5.097692
            ],
            [
              -38.374516,
              -5.097816
            ],
            [
              -38.374307,
              -5.097893
            ],
            [
              -38.374246,
              -5.097739
            ],
            [
              -38.374036,
              -5.097796
            ],
            [
              -38.374017,
              -5.097643
            ],
            [
              -38.373825,
              -5.097632
            ],
            [
              -38.373755,
              -5.09728
            ],
            [
              -38.373153,
              -5.097333
            ],
            [
              -38.373256,
              -5.09789
            ],
            [
              -38.373458,
              -5.097842
            ],
            [
              -38.373946,
              -5.098805
            ],
            [
              -38.374038,
              -5.099188
            ],
            [
              -38.373758,
              -5.099247
            ],
            [
              -38.373798,
              -5.099359
            ],
            [
              -38.373504,
              -5.099475
            ],
            [
              -38.373468,
              -5.099419
            ],
            [
              -38.373113,
              -5.099522
            ],
            [
              -38.372982,
              -5.098988
            ],
            [
              -38.372566,
              -5.099092
            ],
            [
              -38.372295,
              -5.098707
            ],
            [
              -38.371769,
              -5.09744
            ],
            [
              -38.371261,
              -5.097552
            ],
            [
              -38.371244,
              -5.097634
            ],
            [
              -38.370918,
              -5.097661
            ],
            [
              -38.370561,
              -5.095541
            ],
            [
              -38.370352,
              -5.093552
            ],
            [
              -38.370897,
              -5.093441
            ],
            [
              -38.371444,
              -5.09334
            ],
            [
              -38.371568,
              -5.093523
            ],
            [
              -38.371802,
              -5.093529
            ],
            [
              -38.37185,
              -5.093908
            ],
            [
              -38.372252,
              -5.093927
            ],
            [
              -38.372361,
              -5.094523
            ],
            [
              -38.37321,
              -5.094445
            ],
            [
              -38.374123,
              -5.094423
            ],
            [
              -38.374136,
              -5.094603
            ],
            [
              -38.374509,
              -5.094696
            ],
            [
              -38.374634,
              -5.093559
            ],
            [
              -38.375052,
              -5.093607
            ],
            [
              -38.375045,
              -5.093849
            ],
            [
              -38.374872,
              -5.093857
            ],
            [
              -38.374857,
              -5.094451
            ],
            [
              -38.374885,
              -5.094658
            ],
            [
              -38.375244,
              -5.094689
            ]
          ]
        ],
        "type": "Polygon"
      },
      "properties": {
        "bairro": "MORADA NOVA",
        "faction": "CV",
        "generated_at": "2026-07-11T17:06:46.108016",
        "geometry_type": "Polygon",
        "is_centroid": false,
        "is_tactical": true,
        "local_street_pressure": 6.497,
        "municipality": "MORADA NOVA",
        "name": "Vila Bezerra",
        "nearby_streets": [
          "VILA BEZERRA",
          "RUA PADRE FRANCISCO ALVES TEIXEIRA",
          "VILA CHAGAS"
        ],
        "nearby_streets_count": 18,
        "node_id": 97,
        "parent_area": "MORADA NOVA",
        "parent_risk_level": "moderado",
        "parent_risk_score": 35.1,
        "parent_status": "MODERADO",
        "peak_hours": "Entre 19hs e 00hs",
        "rank": 97,
        "region": "interior",
        "risk_score": 39.127,
        "score": 39.127,
        "source_geometry_type": "Polygon"
      },
      "type": "Feature"
    },
    {
      "geometry": {
        "coordinates": [
          [
            [
              -39.740899,
              -5.125478
            ],
            [
              -39.741102,
              -5.125864
            ],
            [
              -39.740705,
              -5.126024
            ],
            [
              -39.740898,
              -5.126281
            ],
            [
              -39.740855,
              -5.126655
            ],
            [
              -39.741081,
              -5.127328
            ],
            [
              -39.74107,
              -5.12782
            ],
            [
              -39.741091,
              -5.129059
            ],
            [
              -39.741284,
              -5.129123
            ],
            [
              -39.741295,
              -5.129273
            ],
            [
              -39.741166,
              -5.129284
            ],
            [
              -39.741134,
              -5.129743
            ],
            [
              -39.741157,
              -5.130393
            ],
            [
              -39.7415,
              -5.130436
            ],
            [
              -39.7415,
              -5.131408
            ],
            [
              -39.739504,
              -5.131408
            ],
            [
              -39.739386,
              -5.132114
            ],
            [
              -39.738754,
              -5.132028
            ],
            [
              -39.738356,
              -5.132092
            ],
            [
              -39.73826,
              -5.13221
            ],
            [
              -39.737949,
              -5.132178
            ],
            [
              -39.738131,
              -5.131099
            ],
            [
              -39.738346,
              -5.130543
            ],
            [
              -39.738646,
              -5.13049
            ],
            [
              -39.738678,
              -5.129517
            ],
            [
              -39.739065,
              -5.129485
            ],
            [
              -39.739075,
              -5.12848
            ],
            [
              -39.739022,
              -5.127797
            ],
            [
              -39.740202,
              -5.127797
            ],
            [
              -39.74018,
              -5.127091
            ],
            [
              -39.739848,
              -5.125927
            ],
            [
              -39.740899,
              -5.125478
            ]
          ]
        ],
        "type": "Polygon"
      },
      "properties": {
        "bairro": "BOA VIAGEM",
        "faction": "PCC",
        "generated_at": "2026-07-11T17:06:46.108016",
        "geometry_type": "Polygon",
        "is_centroid": false,
        "is_tactical": true,
        "local_street_pressure": 7.667,
        "municipality": "BOA VIAGEM",
        "name": "Ponte Nova",
        "nearby_streets": [
          "PONTE NOVA",
          "RUA FRANCISCO TIBIRÍÇA FAÇANHA",
          "RUA FRANCISCO CAMURÇA"
        ],
        "nearby_streets_count": 21,
        "node_id": 98,
        "parent_area": "BOA VIAGEM",
        "parent_risk_level": "moderado",
        "parent_risk_score": 32.1,
        "parent_status": "MODERADO",
        "rank": 98,
        "region": "interior",
        "risk_score": 38.7,
        "score": 38.7,
        "source_geometry_type": "Polygon"
      },
      "type": "Feature"
    },
    {
      "geometry": {
        "coordinates": [
          [
            [
              -39.729512,
              -5.126946
            ],
            [
              -39.728833,
              -5.127016
            ],
            [
              -39.728768,
              -5.126663
            ],
            [
              -39.728296,
              -5.126695
            ],
            [
              -39.728329,
              -5.126866
            ],
            [
              -39.727878,
              -5.12693
            ],
            [
              -39.727975,
              -5.127497
            ],
            [
              -39.727696,
              -5.127486
            ],
            [
              -39.727588,
              -5.126941
            ],
            [
              -39.727342,
              -5.127026
            ],
            [
              -39.727277,
              -5.126866
            ],
            [
              -39.726805,
              -5.126909
            ],
            [
              -39.72687,
              -5.127849
            ],
            [
              -39.727106,
              -5.127839
            ],
            [
              -39.727277,
              -5.12801
            ],
            [
              -39.726097,
              -5.128202
            ],
            [
              -39.725807,
              -5.127561
            ],
            [
              -39.725228,
              -5.127625
            ],
            [
              -39.724713,
              -5.127123
            ],
            [
              -39.724359,
              -5.126385
            ],
            [
              -39.724005,
              -5.125958
            ],
            [
              -39.723983,
              -5.124911
            ],
            [
              -39.725582,
              -5.124889
            ],
            [
              -39.725622,
              -5.125354
            ],
            [
              -39.726336,
              -5.125188
            ],
            [
              -39.727291,
              -5.124943
            ],
            [
              -39.729061,
              -5.124328
            ],
            [
              -39.729512,
              -5.126946
            ]
          ]
        ],
        "type": "Polygon"
      },
      "properties": {
        "bairro": "BOA VIAGEM",
        "faction": "PCC",
        "generated_at": "2026-07-11T17:06:46.108016",
        "geometry_type": "Polygon",
        "is_centroid": false,
        "is_tactical": true,
        "local_street_pressure": 7.441,
        "municipality": "BOA VIAGEM",
        "name": "Tibiaquari",
        "nearby_streets": [
          "TIBIAQUARI",
          "BAIRRO JOSÉ ROSA",
          "RUA MONSENHOR JOSÉ CÂNDIDO"
        ],
        "nearby_streets_count": 21,
        "node_id": 99,
        "parent_area": "BOA VIAGEM",
        "parent_risk_level": "moderado",
        "parent_risk_score": 32.1,
        "parent_status": "MODERADO",
        "rank": 99,
        "region": "interior",
        "risk_score": 38.353,
        "score": 38.353,
        "source_geometry_type": "Polygon"
      },
      "type": "Feature"
    },
    {
      "geometry": {
        "coordinates": [
          [
            [
              -38.472577,
              -3.815896
            ],
            [
              -38.472663,
              -3.81642
            ],
            [
              -38.471949,
              -3.816929
            ],
            [
              -38.470844,
              -3.816388
            ],
            [
              -38.470774,
              -3.815751
            ],
            [
              -38.470683,
              -3.815757
            ],
            [
              -38.470667,
              -3.815585
            ],
            [
              -38.471649,
              -3.815708
            ],
            [
              -38.471649,
              -3.815778
            ],
            [
              -38.472577,
              -3.815896
            ]
          ]
        ],
        "type": "Polygon"
      },
      "properties": {
        "bairro": "JOSÉ DE ALENCAR",
        "faction": "CV",
        "generated_at": "2026-07-11T17:06:46.108016",
        "geometry_type": "Polygon",
        "is_centroid": false,
        "is_tactical": true,
        "local_street_pressure": 6.63,
        "municipality": "José de Alencar",
        "name": "José de Alencar",
        "nearby_streets": [
          "JOSÉ DE ALENCAR",
          "GRUTA",
          "RUA ANTÔNIO CALIXTO"
        ],
        "nearby_streets_count": 16,
        "node_id": 100,
        "parent_area": "JOSÉ DE ALENCAR",
        "parent_risk_level": "moderado",
        "parent_risk_score": 33.0,
        "parent_status": "MODERADO",
        "peak_hours": "Entre 12hs e 17hs",
        "rank": 100,
        "region": "interior",
        "risk_score": 37.547,
        "score": 37.547,
        "source_geometry_type": "Polygon"
      },
      "type": "Feature"
    },
    {
      "geometry": {
        "coordinates": [
          [
            [
              -39.730132,
              -5.128187
            ],
            [
              -39.730733,
              -5.128743
            ],
            [
              -39.730948,
              -5.129747
            ],
            [
              -39.730841,
              -5.130324
            ],
            [
              -39.730604,
              -5.130559
            ],
            [
              -39.730798,
              -5.131094
            ],
            [
              -39.731184,
              -5.131478
            ],
            [
              -39.731398,
              -5.132013
            ],
            [
              -39.73112,
              -5.132162
            ],
            [
              -39.73142,
              -5.133744
            ],
            [
              -39.73215,
              -5.13368
            ],
            [
              -39.732214,
              -5.1343
            ],
            [
              -39.732128,
              -5.134577
            ],
            [
              -39.731613,
              -5.13477
            ],
            [
              -39.731785,
              -5.135282
            ],
            [
              -39.732407,
              -5.135154
            ],
            [
              -39.732514,
              -5.135582
            ],
            [
              -39.731549,
              -5.135881
            ],
            [
              -39.731162,
              -5.135689
            ],
            [
              -39.730926,
              -5.135518
            ],
            [
              -39.729424,
              -5.135945
            ],
            [
              -39.729145,
              -5.135389
            ],
            [
              -39.728888,
              -5.134876
            ],
            [
              -39.728909,
              -5.134406
            ],
            [
              -39.729403,
              -5.133979
            ],
            [
              -39.730004,
              -5.13368
            ],
            [
              -39.729596,
              -5.131991
            ],
            [
              -39.729231,
              -5.131799
            ],
            [
              -39.728459,
              -5.132205
            ],
            [
              -39.728158,
              -5.132269
            ],
            [
              -39.727,
              -5.132868
            ],
            [
              -39.725369,
              -5.133445
            ],
            [
              -39.725262,
              -5.133081
            ],
            [
              -39.724639,
              -5.133017
            ],
            [
              -39.724232,
              -5.132782
            ],
            [
              -39.723738,
              -5.132675
            ],
            [
              -39.723566,
              -5.132205
            ],
            [
              -39.723695,
              -5.131542
            ],
            [
              -39.724103,
              -5.13103
            ],
            [
              -39.724468,
              -5.130239
            ],
            [
              -39.724682,
              -5.129213
            ],
            [
              -39.724897,
              -5.12885
            ],
            [
              -39.725347,
              -5.128935
            ],
            [
              -39.725712,
              -5.129726
            ],
            [
              -39.726742,
              -5.129363
            ],
            [
              -39.727343,
              -5.129384
            ],
            [
              -39.728759,
              -5.128721
            ],
            [
              -39.72921,
              -5.128721
            ],
            [
              -39.728974,
              -5.128166
            ],
            [
              -39.729553,
              -5.128016
            ],
            [
              -39.730132,
              -5.128187
            ]
          ]
        ],
        "type": "Polygon"
      },
      "properties": {
        "bairro": "BOA VIAGEM",
        "faction": "PCC",
        "generated_at": "2026-07-11T17:06:46.108016",
        "geometry_type": "Polygon",
        "is_centroid": false,
        "is_tactical": true,
        "local_street_pressure": 6.543,
        "municipality": "BOA VIAGEM",
        "name": "Bairro Nossa Senhora de Fátima- Boa Viagem",
        "nearby_streets": [
          "AREA SEM NOME",
          "BAIRRO NOSSA SENHORA DE FÁTIMA- BOA VIAGEM",
          "RUA PADRE ANTÔNIO CORREIA DE SÁ"
        ],
        "nearby_streets_count": 17,
        "node_id": 101,
        "parent_area": "BOA VIAGEM",
        "parent_risk_level": "moderado",
        "parent_risk_score": 32.1,
        "parent_status": "MODERADO",
        "rank": 101,
        "region": "interior",
        "risk_score": 37.293,
        "score": 37.293,
        "source_geometry_type": "Polygon"
      },
      "type": "Feature"
    },
    {
      "geometry": {
        "coordinates": [
          [
            [
              -38.36764,
              -5.092207
            ],
            [
              -38.367636,
              -5.092028
            ],
            [
              -38.368575,
              -5.092034
            ],
            [
              -38.369233,
              -5.091988
            ],
            [
              -38.369229,
              -5.092148
            ],
            [
              -38.369063,
              -5.092225
            ],
            [
              -38.369094,
              -5.092774
            ],
            [
              -38.369522,
              -5.092786
            ],
            [
              -38.369533,
              -5.092984
            ],
            [
              -38.369772,
              -5.092992
            ],
            [
              -38.369781,
              -5.093185
            ],
            [
              -38.370205,
              -5.093243
            ],
            [
              -38.370258,
              -5.093521
            ],
            [
              -38.370352,
              -5.093552
            ],
            [
              -38.370866,
              -5.097513
            ],
            [
              -38.370597,
              -5.097781
            ],
            [
              -38.369954,
              -5.098148
            ],
            [
              -38.370096,
              -5.098582
            ],
            [
              -38.368909,
              -5.099158
            ],
            [
              -38.368557,
              -5.098333
            ],
            [
              -38.367994,
              -5.096781
            ],
            [
              -38.367969,
              -5.096243
            ],
            [
              -38.367704,
              -5.09562
            ],
            [
              -38.368147,
              -5.095465
            ],
            [
              -38.367886,
              -5.093765
            ],
            [
              -38.368015,
              -5.093594
            ],
            [
              -38.368263,
              -5.093549
            ],
            [
              -38.368207,
              -5.092951
            ],
            [
              -38.368067,
              -5.09228
            ],
            [
              -38.36764,
              -5.092207
            ]
          ]
        ],
        "type": "Polygon"
      },
      "properties": {
        "bairro": "MORADA NOVA",
        "faction": "CV",
        "generated_at": "2026-07-11T17:06:46.108016",
        "geometry_type": "Polygon",
        "is_centroid": false,
        "is_tactical": true,
        "local_street_pressure": 5.336,
        "municipality": "MORADA NOVA",
        "name": "Campo de Aviação",
        "nearby_streets": [
          "CAMPO DE AVIAÇÃO",
          "AVENIDA AGOSTINHO CHAGAS",
          "RUA RODOLFO TEÓFILO"
        ],
        "nearby_streets_count": 13,
        "node_id": 102,
        "parent_area": "MORADA NOVA",
        "parent_risk_level": "moderado",
        "parent_risk_score": 35.1,
        "parent_status": "MODERADO",
        "peak_hours": "Entre 19hs e 00hs",
        "rank": 102,
        "region": "interior",
        "risk_score": 37.237,
        "score": 37.237,
        "source_geometry_type": "Polygon"
      },
      "type": "Feature"
    },
    {
      "geometry": {
        "coordinates": [
          [
            [
              -39.734909,
              -5.115432
            ],
            [
              -39.735553,
              -5.117035
            ],
            [
              -39.735081,
              -5.117633
            ],
            [
              -39.735166,
              -5.118168
            ],
            [
              -39.734287,
              -5.118403
            ],
            [
              -39.733171,
              -5.118638
            ],
            [
              -39.732248,
              -5.118916
            ],
            [
              -39.731476,
              -5.119215
            ],
            [
              -39.731197,
              -5.118339
            ],
            [
              -39.730596,
              -5.118125
            ],
            [
              -39.73006,
              -5.118445
            ],
            [
              -39.730639,
              -5.11898
            ],
            [
              -39.729952,
              -5.119108
            ],
            [
              -39.728815,
              -5.118296
            ],
            [
              -39.726605,
              -5.116479
            ],
            [
              -39.727399,
              -5.116244
            ],
            [
              -39.727163,
              -5.115282
            ],
            [
              -39.727152,
              -5.115069
            ],
            [
              -39.727366,
              -5.114834
            ],
            [
              -39.726615,
              -5.113078
            ],
            [
              -39.727698,
              -5.112757
            ],
            [
              -39.729027,
              -5.115661
            ],
            [
              -39.729306,
              -5.115629
            ],
            [
              -39.729735,
              -5.116516
            ],
            [
              -39.72996,
              -5.116356
            ],
            [
              -39.729821,
              -5.116025
            ],
            [
              -39.729993,
              -5.115896
            ],
            [
              -39.729939,
              -5.115661
            ],
            [
              -39.730272,
              -5.115533
            ],
            [
              -39.730347,
              -5.115202
            ],
            [
              -39.730765,
              -5.114999
            ],
            [
              -39.730765,
              -5.114764
            ],
            [
              -39.731216,
              -5.114539
            ],
            [
              -39.732267,
              -5.116612
            ],
            [
              -39.732696,
              -5.116206
            ],
            [
              -39.733029,
              -5.115779
            ],
            [
              -39.733608,
              -5.114636
            ],
            [
              -39.733898,
              -5.114817
            ],
            [
              -39.733769,
              -5.11517
            ],
            [
              -39.733962,
              -5.115277
            ],
            [
              -39.734091,
              -5.115426
            ],
            [
              -39.734252,
              -5.115522
            ],
            [
              -39.734756,
              -5.115277
            ],
            [
              -39.734874,
              -5.115501
            ],
            [
              -39.734909,
              -5.115432
            ]
          ]
        ],
        "type": "Polygon"
      },
      "properties": {
        "bairro": "BOA VIAGEM",
        "faction": "PCC",
        "generated_at": "2026-07-11T17:06:46.108016",
        "geometry_type": "Polygon",
        "is_centroid": false,
        "is_tactical": true,
        "local_street_pressure": 6.369,
        "municipality": "BOA VIAGEM",
        "name": "Recreio- Boa Viagem",
        "nearby_streets": [
          "RUA RAIMUNDO DA CUNHA RAMOS",
          "RECREIO- BOA VIAGEM",
          "RUA EDSON TADEU ALBUQUERQUE"
        ],
        "nearby_streets_count": 18,
        "node_id": 103,
        "parent_area": "BOA VIAGEM",
        "parent_risk_level": "moderado",
        "parent_risk_score": 32.1,
        "parent_status": "MODERADO",
        "rank": 103,
        "region": "interior",
        "risk_score": 36.913,
        "score": 36.913,
        "source_geometry_type": "Polygon"
      },
      "type": "Feature"
    },
    {
      "geometry": {
        "coordinates": [
          [
            [
              -38.374285,
              -5.113607
            ],
            [
              -38.374422,
              -5.11421
            ],
            [
              -38.374211,
              -5.114254
            ],
            [
              -38.374231,
              -5.114331
            ],
            [
              -38.373612,
              -5.114443
            ],
            [
              -38.373534,
              -5.114268
            ],
            [
              -38.37331,
              -5.114343
            ],
            [
              -38.373209,
              -5.11441
            ],
            [
              -38.372842,
              -5.114491
            ],
            [
              -38.372588,
              -5.114475
            ],
            [
              -38.372523,
              -5.114401
            ],
            [
              -38.372182,
              -5.114454
            ],
            [
              -38.371951,
              -5.114587
            ],
            [
              -38.372118,
              -5.115178
            ],
            [
              -38.371227,
              -5.115482
            ],
            [
              -38.370788,
              -5.11545
            ],
            [
              -38.370746,
              -5.114245
            ],
            [
              -38.370308,
              -5.113673
            ],
            [
              -38.371304,
              -5.112792
            ],
            [
              -38.370517,
              -5.111859
            ],
            [
              -38.372326,
              -5.111151
            ],
            [
              -38.372681,
              -5.111614
            ],
            [
              -38.374389,
              -5.113402
            ],
            [
              -38.374285,
              -5.113607
            ]
          ]
        ],
        "type": "Polygon"
      },
      "properties": {
        "bairro": "MORADA NOVA",
        "faction": "CV",
        "generated_at": "2026-07-11T17:06:46.108016",
        "geometry_type": "Polygon",
        "is_centroid": false,
        "is_tactical": true,
        "local_street_pressure": 5.162,
        "municipality": "MORADA NOVA",
        "name": "Várzea",
        "nearby_streets": [
          "VÁRZEA",
          "ROSÁRIO",
          "RUA RAIMUNDO BELMIRO"
        ],
        "nearby_streets_count": 14,
        "node_id": 104,
        "parent_area": "MORADA NOVA",
        "parent_risk_level": "moderado",
        "parent_risk_score": 35.1,
        "parent_status": "MODERADO",
        "peak_hours": "Entre 19hs e 00hs",
        "rank": 104,
        "region": "interior",
        "risk_score": 36.881,
        "score": 36.881,
        "source_geometry_type": "Polygon"
      },
      "type": "Feature"
    },
    {
      "geometry": {
        "coordinates": [
          [
            [
              -40.475977,
              -4.195009
            ],
            [
              -40.477308,
              -4.197631
            ],
            [
              -40.476846,
              -4.19792
            ],
            [
              -40.4769,
              -4.198519
            ],
            [
              -40.476814,
              -4.198786
            ],
            [
              -40.476353,
              -4.198701
            ],
            [
              -40.476042,
              -4.198958
            ],
            [
              -40.475827,
              -4.198604
            ],
            [
              -40.475033,
              -4.199032
            ],
            [
              -40.474572,
              -4.199139
            ],
            [
              -40.473971,
              -4.199332
            ],
            [
              -40.473274,
              -4.199514
            ],
            [
              -40.472984,
              -4.199664
            ],
            [
              -40.472544,
              -4.199674
            ],
            [
              -40.472383,
              -4.199589
            ],
            [
              -40.471879,
              -4.19869
            ],
            [
              -40.471643,
              -4.198262
            ],
            [
              -40.471417,
              -4.198037
            ],
            [
              -40.471074,
              -4.19777
            ],
            [
              -40.47086,
              -4.197545
            ],
            [
              -40.475977,
              -4.195009
            ]
          ]
        ],
        "type": "Polygon"
      },
      "properties": {
        "bairro": "PIRES FERREIRA",
        "faction": "CV",
        "generated_at": "2026-07-11T17:06:46.108016",
        "geometry_type": "Polygon",
        "is_centroid": false,
        "is_tactical": true,
        "local_street_pressure": 4.116,
        "municipality": "Varjota",
        "name": "Caixa D´agua - Varjota",
        "nearby_streets": [
          "RUA ANTÔNIO DE OLIVEIRA",
          "CAIXA D´AGUA - VARJOTA",
          "RUA JAÍR CASTELO BRANCO"
        ],
        "nearby_streets_count": 11,
        "node_id": 105,
        "parent_area": "PIRES FERREIRA",
        "parent_risk_level": "moderado",
        "parent_risk_score": 36.2,
        "parent_status": "MODERADO",
        "rank": 105,
        "region": "interior",
        "risk_score": 36.139,
        "score": 36.139,
        "source_geometry_type": "Polygon"
      },
      "type": "Feature"
    },
    {
      "geometry": {
        "coordinates": [
          [
            [
              -39.729061,
              -5.124328
            ],
            [
              -39.727291,
              -5.124943
            ],
            [
              -39.725622,
              -5.125354
            ],
            [
              -39.725582,
              -5.124889
            ],
            [
              -39.723983,
              -5.124911
            ],
            [
              -39.724004,
              -5.124191
            ],
            [
              -39.724187,
              -5.124138
            ],
            [
              -39.725002,
              -5.124245
            ],
            [
              -39.725098,
              -5.12401
            ],
            [
              -39.725313,
              -5.123753
            ],
            [
              -39.724342,
              -5.122697
            ],
            [
              -39.725061,
              -5.122013
            ],
            [
              -39.724525,
              -5.121415
            ],
            [
              -39.723881,
              -5.121895
            ],
            [
              -39.72328,
              -5.121286
            ],
            [
              -39.724374,
              -5.120389
            ],
            [
              -39.724696,
              -5.120709
            ],
            [
              -39.724911,
              -5.120592
            ],
            [
              -39.725394,
              -5.121051
            ],
            [
              -39.725812,
              -5.12072
            ],
            [
              -39.726434,
              -5.121374
            ],
            [
              -39.726627,
              -5.121214
            ],
            [
              -39.727188,
              -5.121865
            ],
            [
              -39.72706,
              -5.122261
            ],
            [
              -39.727811,
              -5.122912
            ],
            [
              -39.728905,
              -5.123522
            ],
            [
              -39.729838,
              -5.12397
            ],
            [
              -39.729061,
              -5.124328
            ]
          ]
        ],
        "type": "Polygon"
      },
      "properties": {
        "bairro": "BOA VIAGEM",
        "faction": "PCC",
        "generated_at": "2026-07-11T17:06:46.108016",
        "geometry_type": "Polygon",
        "is_centroid": false,
        "is_tactical": true,
        "local_street_pressure": 5.934,
        "municipality": "BOA VIAGEM",
        "name": "Bairro José Rosa",
        "nearby_streets": [
          "BAIRRO JOSÉ ROSA",
          "TIBIAQUARI",
          "RUA JOSÉ DE QUEIRÓS SAMPAIO"
        ],
        "nearby_streets_count": 17,
        "node_id": 106,
        "parent_area": "BOA VIAGEM",
        "parent_risk_level": "moderado",
        "parent_risk_score": 32.1,
        "parent_status": "MODERADO",
        "rank": 106,
        "region": "interior",
        "risk_score": 36.013,
        "score": 36.013,
        "source_geometry_type": "Polygon"
      },
      "type": "Feature"
    },
    {
      "geometry": {
        "coordinates": [
          [
            [
              -38.356679,
              -5.100323
            ],
            [
              -38.356852,
              -5.100353
            ],
            [
              -38.356856,
              -5.100454
            ],
            [
              -38.357022,
              -5.100482
            ],
            [
              -38.357039,
              -5.100872
            ],
            [
              -38.358503,
              -5.101095
            ],
            [
              -38.358495,
              -5.101229
            ],
            [
              -38.358529,
              -5.101307
            ],
            [
              -38.358493,
              -5.101841
            ],
            [
              -38.359163,
              -5.101914
            ],
            [
              -38.359753,
              -5.101947
            ],
            [
              -38.359705,
              -5.102667
            ],
            [
              -38.360486,
              -5.102894
            ],
            [
              -38.361219,
              -5.103826
            ],
            [
              -38.361366,
              -5.104538
            ],
            [
              -38.360828,
              -5.104645
            ],
            [
              -38.360359,
              -5.104706
            ],
            [
              -38.359478,
              -5.10476
            ],
            [
              -38.359533,
              -5.105535
            ],
            [
              -38.359292,
              -5.105606
            ],
            [
              -38.359218,
              -5.105454
            ],
            [
              -38.359152,
              -5.105403
            ],
            [
              -38.359005,
              -5.105068
            ],
            [
              -38.358492,
              -5.104994
            ],
            [
              -38.358069,
              -5.104914
            ],
            [
              -38.357833,
              -5.104802
            ],
            [
              -38.357642,
              -5.104649
            ],
            [
              -38.357218,
              -5.104725
            ],
            [
              -38.357248,
              -5.104979
            ],
            [
              -38.356522,
              -5.105005
            ],
            [
              -38.356449,
              -5.104706
            ],
            [
              -38.356679,
              -5.100323
            ]
          ]
        ],
        "type": "Polygon"
      },
      "properties": {
        "bairro": "MORADA NOVA",
        "faction": "CV",
        "generated_at": "2026-07-11T17:06:46.108016",
        "geometry_type": "Polygon",
        "is_centroid": false,
        "is_tactical": true,
        "local_street_pressure": 4.491,
        "municipality": "MORADA NOVA",
        "name": "Alto Tiradentes",
        "nearby_streets": [
          "ALTO TIRADENTES",
          "RUA RAIMUNDO VIANA",
          "AVENIDA PRESIDENTE GEISEL"
        ],
        "nearby_streets_count": 11,
        "node_id": 107,
        "parent_area": "MORADA NOVA",
        "parent_risk_level": "moderado",
        "parent_risk_score": 35.1,
        "parent_status": "MODERADO",
        "peak_hours": "Entre 19hs e 00hs",
        "rank": 107,
        "region": "interior",
        "risk_score": 35.896,
        "score": 35.896,
        "source_geometry_type": "Polygon"
      },
      "type": "Feature"
    },
    {
      "geometry": {
        "coordinates": [
          [
            [
              -39.736548,
              -5.134096
            ],
            [
              -39.73665,
              -5.134247
            ],
            [
              -39.736752,
              -5.134187
            ],
            [
              -39.73687,
              -5.134354
            ],
            [
              -39.736822,
              -5.134396
            ],
            [
              -39.736867,
              -5.13447
            ],
            [
              -39.736802,
              -5.13453
            ],
            [
              -39.736902,
              -5.13468
            ],
            [
              -39.736968,
              -5.134671
            ],
            [
              -39.737095,
              -5.134833
            ],
            [
              -39.737159,
              -5.134793
            ],
            [
              -39.737238,
              -5.134886
            ],
            [
              -39.737063,
              -5.135051
            ],
            [
              -39.737472,
              -5.135712
            ],
            [
              -39.73738,
              -5.135784
            ],
            [
              -39.737723,
              -5.136377
            ],
            [
              -39.738261,
              -5.137403
            ],
            [
              -39.738711,
              -5.138567
            ],
            [
              -39.738338,
              -5.138764
            ],
            [
              -39.738219,
              -5.138621
            ],
            [
              -39.737689,
              -5.138833
            ],
            [
              -39.737789,
              -5.139056
            ],
            [
              -39.736857,
              -5.139498
            ],
            [
              -39.736389,
              -5.13939
            ],
            [
              -39.736652,
              -5.137319
            ],
            [
              -39.736536,
              -5.137034
            ],
            [
              -39.736752,
              -5.136679
            ],
            [
              -39.736696,
              -5.135851
            ],
            [
              -39.736444,
              -5.135396
            ],
            [
              -39.736147,
              -5.135533
            ],
            [
              -39.736065,
              -5.135335
            ],
            [
              -39.736107,
              -5.135306
            ],
            [
              -39.736007,
              -5.135063
            ],
            [
              -39.736229,
              -5.134873
            ],
            [
              -39.736063,
              -5.134642
            ],
            [
              -39.73594,
              -5.134456
            ],
            [
              -39.73603,
              -5.134388
            ],
            [
              -39.735996,
              -5.134332
            ],
            [
              -39.736076,
              -5.13428
            ],
            [
              -39.736029,
              -5.134194
            ],
            [
              -39.736369,
              -5.13396
            ],
            [
              -39.736493,
              -5.134112
            ],
            [
              -39.736548,
              -5.134096
            ]
          ]
        ],
        "type": "Polygon"
      },
      "properties": {
        "bairro": "BOA VIAGEM",
        "faction": "PCC",
        "generated_at": "2026-07-11T17:06:46.108016",
        "geometry_type": "Polygon",
        "is_centroid": false,
        "is_tactical": true,
        "local_street_pressure": 5.88,
        "municipality": "BOA VIAGEM",
        "name": "Vila Holanda",
        "nearby_streets": [
          "VILA HOLANDA",
          "RUA ANTÔNIO ROCHA BEZERRA",
          "RUA FELISBELO VIÊIRA FREITAS"
        ],
        "nearby_streets_count": 16,
        "node_id": 108,
        "parent_area": "BOA VIAGEM",
        "parent_risk_level": "moderado",
        "parent_risk_score": 32.1,
        "parent_status": "MODERADO",
        "rank": 108,
        "region": "interior",
        "risk_score": 35.796,
        "score": 35.796,
        "source_geometry_type": "Polygon"
      },
      "type": "Feature"
    },
    {
      "geometry": {
        "coordinates": [
          [
            [
              -40.470784,
              -4.197586
            ],
            [
              -40.471105,
              -4.197928
            ],
            [
              -40.471706,
              -4.198464
            ],
            [
              -40.472286,
              -4.199683
            ],
            [
              -40.471915,
              -4.200073
            ],
            [
              -40.472162,
              -4.200202
            ],
            [
              -40.472226,
              -4.200555
            ],
            [
              -40.471625,
              -4.200662
            ],
            [
              -40.471636,
              -4.201689
            ],
            [
              -40.47213,
              -4.201999
            ],
            [
              -40.471915,
              -4.202213
            ],
            [
              -40.47007,
              -4.201068
            ],
            [
              -40.469404,
              -4.202898
            ],
            [
              -40.469072,
              -4.203904
            ],
            [
              -40.468932,
              -4.203797
            ],
            [
              -40.468793,
              -4.204032
            ],
            [
              -40.468686,
              -4.203925
            ],
            [
              -40.468246,
              -4.204599
            ],
            [
              -40.467892,
              -4.205188
            ],
            [
              -40.467677,
              -4.205049
            ],
            [
              -40.467742,
              -4.204749
            ],
            [
              -40.46757,
              -4.204642
            ],
            [
              -40.467417,
              -4.205
            ],
            [
              -40.467481,
              -4.205311
            ],
            [
              -40.467309,
              -4.205557
            ],
            [
              -40.467374,
              -4.205921
            ],
            [
              -40.467578,
              -4.206274
            ],
            [
              -40.467298,
              -4.206402
            ],
            [
              -40.46703,
              -4.206092
            ],
            [
              -40.466644,
              -4.206124
            ],
            [
              -40.466472,
              -4.206135
            ],
            [
              -40.46643,
              -4.205963
            ],
            [
              -40.466161,
              -4.206049
            ],
            [
              -40.465872,
              -4.206124
            ],
            [
              -40.465829,
              -4.206359
            ],
            [
              -40.465496,
              -4.206488
            ],
            [
              -40.465282,
              -4.206284
            ],
            [
              -40.465153,
              -4.206434
            ],
            [
              -40.46526,
              -4.206616
            ],
            [
              -40.465046,
              -4.20698
            ],
            [
              -40.464648,
              -4.20698
            ],
            [
              -40.464573,
              -4.206712
            ],
            [
              -40.464992,
              -4.206424
            ],
            [
              -40.464777,
              -4.206231
            ],
            [
              -40.46497,
              -4.206049
            ],
            [
              -40.464724,
              -4.205664
            ],
            [
              -40.464166,
              -4.206231
            ],
            [
              -40.46394,
              -4.205953
            ],
            [
              -40.464648,
              -4.205321
            ],
            [
              -40.464606,
              -4.20514
            ],
            [
              -40.465711,
              -4.204316
            ],
            [
              -40.466043,
              -4.204144
            ],
            [
              -40.466408,
              -4.204134
            ],
            [
              -40.466912,
              -4.203716
            ],
            [
              -40.466773,
              -4.203256
            ],
            [
              -40.46659,
              -4.203267
            ],
            [
              -40.466515,
              -4.202711
            ],
            [
              -40.466794,
              -4.202636
            ],
            [
              -40.467674,
              -4.202903
            ],
            [
              -40.467781,
              -4.20239
            ],
            [
              -40.466944,
              -4.201919
            ],
            [
              -40.466548,
              -4.201437
            ],
            [
              -40.465711,
              -4.202336
            ],
            [
              -40.4654,
              -4.202668
            ],
            [
              -40.465507,
              -4.202882
            ],
            [
              -40.465357,
              -4.203096
            ],
            [
              -40.464327,
              -4.203706
            ],
            [
              -40.464273,
              -4.203984
            ],
            [
              -40.46378,
              -4.204209
            ],
            [
              -40.463651,
              -4.204037
            ],
            [
              -40.46335,
              -4.204166
            ],
            [
              -40.463168,
              -4.203813
            ],
            [
              -40.462878,
              -4.203588
            ],
            [
              -40.462449,
              -4.203909
            ],
            [
              -40.462696,
              -4.204251
            ],
            [
              -40.462417,
              -4.204455
            ],
            [
              -40.46275,
              -4.204744
            ],
            [
              -40.462953,
              -4.205043
            ],
            [
              -40.46246,
              -4.205311
            ],
            [
              -40.462245,
              -4.205022
            ],
            [
              -40.461827,
              -4.205268
            ],
            [
              -40.461526,
              -4.204829
            ],
            [
              -40.460818,
              -4.205257
            ],
            [
              -40.461119,
              -4.205771
            ],
            [
              -40.460818,
              -4.206028
            ],
            [
              -40.460604,
              -4.205867
            ],
            [
              -40.460475,
              -4.205653
            ],
            [
              -40.459681,
              -4.206242
            ],
            [
              -40.459488,
              -4.205985
            ],
            [
              -40.459155,
              -4.20561
            ],
            [
              -40.459456,
              -4.205343
            ],
            [
              -40.459874,
              -4.205118
            ],
            [
              -40.459992,
              -4.204915
            ],
            [
              -40.460035,
              -4.204765
            ],
            [
              -40.459381,
              -4.20423
            ],
            [
              -40.459531,
              -4.204005
            ],
            [
              -40.460271,
              -4.204401
            ],
            [
              -40.46069,
              -4.20332
            ],
            [
              -40.460893,
              -4.203385
            ],
            [
              -40.461001,
              -4.203278
            ],
            [
              -40.461398,
              -4.20362
            ],
            [
              -40.46158,
              -4.203802
            ],
            [
              -40.46291,
              -4.202657
            ],
            [
              -40.462632,
              -4.202229
            ],
            [
              -40.462438,
              -4.201769
            ],
            [
              -40.470784,
              -4.197586
            ]
          ]
        ],
        "type": "Polygon"
      },
      "properties": {
        "bairro": "PIRES FERREIRA",
        "faction": "CV",
        "generated_at": "2026-07-11T17:06:46.108016",
        "geometry_type": "Polygon",
        "is_centroid": false,
        "is_tactical": true,
        "local_street_pressure": 3.445,
        "municipality": "Varjota",
        "name": "Bairro Arariranha- Varjota",
        "nearby_streets": [
          "RUA ANTº FLORÊNCIO DE ARAÚJO",
          "BAIRRO ARARIRANHA- VARJOTA",
          "RUA JUREMA"
        ],
        "nearby_streets_count": 8,
        "node_id": 109,
        "parent_area": "PIRES FERREIRA",
        "parent_risk_level": "moderado",
        "parent_risk_score": 36.2,
        "parent_status": "MODERADO",
        "rank": 109,
        "region": "interior",
        "risk_score": 35.558,
        "score": 35.558,
        "source_geometry_type": "Polygon"
      },
      "type": "Feature"
    },
    {
      "geometry": {
        "coordinates": [
          [
            [
              -40.476498,
              -4.199037
            ],
            [
              -40.476347,
              -4.20061
            ],
            [
              -40.476455,
              -4.201059
            ],
            [
              -40.476498,
              -4.201423
            ],
            [
              -40.476444,
              -4.201883
            ],
            [
              -40.47653,
              -4.202161
            ],
            [
              -40.476755,
              -4.202621
            ],
            [
              -40.477077,
              -4.202942
            ],
            [
              -40.476884,
              -4.203509
            ],
            [
              -40.476562,
              -4.20397
            ],
            [
              -40.476154,
              -4.204237
            ],
            [
              -40.475993,
              -4.203948
            ],
            [
              -40.475607,
              -4.20397
            ],
            [
              -40.475521,
              -4.203905
            ],
            [
              -40.475618,
              -4.203734
            ],
            [
              -40.474878,
              -4.202161
            ],
            [
              -40.475886,
              -4.200877
            ],
            [
              -40.47594,
              -4.200642
            ],
            [
              -40.476068,
              -4.200043
            ],
            [
              -40.476197,
              -4.19909
            ],
            [
              -40.476498,
              -4.199037
            ]
          ]
        ],
        "type": "Polygon"
      },
      "properties": {
        "bairro": "PIRES FERREIRA",
        "faction": "CV",
        "generated_at": "2026-07-11T17:06:46.108016",
        "geometry_type": "Polygon",
        "is_centroid": false,
        "is_tactical": true,
        "local_street_pressure": 3.239,
        "municipality": "Varjota",
        "name": "Ararinha - Varjota",
        "nearby_streets": [
          "ARARINHA - VARJOTA",
          "RUA ANTÔNIO DE OLIVEIRA",
          "RUA MARIA JOSÉ VERAS"
        ],
        "nearby_streets_count": 9,
        "node_id": 110,
        "parent_area": "PIRES FERREIRA",
        "parent_risk_level": "moderado",
        "parent_risk_score": 36.2,
        "parent_status": "MODERADO",
        "rank": 110,
        "region": "interior",
        "risk_score": 34.552,
        "score": 34.552,
        "source_geometry_type": "Polygon"
      },
      "type": "Feature"
    },
    {
      "geometry": {
        "coordinates": [
          [
            [
              -38.45446,
              -4.606102
            ],
            [
              -38.455406,
              -4.607253
            ],
            [
              -38.455628,
              -4.607361
            ],
            [
              -38.455778,
              -4.607586
            ],
            [
              -38.455894,
              -4.608132
            ],
            [
              -38.455386,
              -4.608308
            ],
            [
              -38.455442,
              -4.608566
            ],
            [
              -38.455098,
              -4.60886
            ],
            [
              -38.455086,
              -4.609907
            ],
            [
              -38.454765,
              -4.609976
            ],
            [
              -38.454307,
              -4.610518
            ],
            [
              -38.454181,
              -4.610544
            ],
            [
              -38.453998,
              -4.609127
            ],
            [
              -38.453603,
              -4.609177
            ],
            [
              -38.453006,
              -4.608483
            ],
            [
              -38.450388,
              -4.607862
            ],
            [
              -38.44913,
              -4.608908
            ],
            [
              -38.448718,
              -4.608748
            ],
            [
              -38.447747,
              -4.609043
            ],
            [
              -38.447558,
              -4.608627
            ],
            [
              -38.445349,
              -4.608903
            ],
            [
              -38.445091,
              -4.60862
            ],
            [
              -38.44442,
              -4.608771
            ],
            [
              -38.444069,
              -4.609412
            ],
            [
              -38.44387,
              -4.609464
            ],
            [
              -38.443574,
              -4.60943
            ],
            [
              -38.443489,
              -4.609054
            ],
            [
              -38.443041,
              -4.609054
            ],
            [
              -38.442999,
              -4.608467
            ],
            [
              -38.443453,
              -4.60831
            ],
            [
              -38.443566,
              -4.608152
            ],
            [
              -38.444862,
              -4.607885
            ],
            [
              -38.445506,
              -4.606957
            ],
            [
              -38.45446,
              -4.606102
            ]
          ]
        ],
        "type": "Polygon"
      },
      "properties": {
        "bairro": "OCARA",
        "faction": "CV",
        "generated_at": "2026-07-11T17:06:46.108016",
        "geometry_type": "Polygon",
        "is_centroid": false,
        "is_tactical": true,
        "local_street_pressure": 2.411,
        "municipality": "Morada Nova",
        "name": "Aruaru - Morada Nova",
        "nearby_streets": [
          "RUA LUÍS SILVA",
          "RUA MANOEL ANASTÁCIO",
          "ARUARU - MORADA NOVA"
        ],
        "nearby_streets_count": 4,
        "node_id": 111,
        "parent_area": "OCARA",
        "parent_risk_level": "moderado",
        "parent_risk_score": 35.1,
        "parent_status": "MODERADO",
        "rank": 111,
        "region": "interior",
        "risk_score": 34.27,
        "score": 34.27,
        "source_geometry_type": "Polygon"
      },
      "type": "Feature"
    },
    {
      "geometry": {
        "coordinates": [
          [
            [
              -38.362797,
              -5.089474
            ],
            [
              -38.362945,
              -5.090915
            ],
            [
              -38.362996,
              -5.091551
            ],
            [
              -38.364815,
              -5.091686
            ],
            [
              -38.364884,
              -5.091721
            ],
            [
              -38.364917,
              -5.092444
            ],
            [
              -38.363844,
              -5.092538
            ],
            [
              -38.363984,
              -5.093689
            ],
            [
              -38.363558,
              -5.093808
            ],
            [
              -38.363851,
              -5.096838
            ],
            [
              -38.362019,
              -5.097546
            ],
            [
              -38.361349,
              -5.097729
            ],
            [
              -38.360865,
              -5.097889
            ],
            [
              -38.360686,
              -5.096463
            ],
            [
              -38.360461,
              -5.094079
            ],
            [
              -38.357778,
              -5.094344
            ],
            [
              -38.357793,
              -5.093567
            ],
            [
              -38.358148,
              -5.093537
            ],
            [
              -38.358146,
              -5.0932
            ],
            [
              -38.358402,
              -5.09318
            ],
            [
              -38.358397,
              -5.093006
            ],
            [
              -38.358486,
              -5.092954
            ],
            [
              -38.358707,
              -5.092651
            ],
            [
              -38.358698,
              -5.092437
            ],
            [
              -38.358743,
              -5.092432
            ],
            [
              -38.358721,
              -5.092225
            ],
            [
              -38.360024,
              -5.092066
            ],
            [
              -38.360036,
              -5.092215
            ],
            [
              -38.360211,
              -5.092193
            ],
            [
              -38.360276,
              -5.092462
            ],
            [
              -38.361518,
              -5.092322
            ],
            [
              -38.361435,
              -5.090294
            ],
            [
              -38.361646,
              -5.09027
            ],
            [
              -38.36169,
              -5.08942
            ],
            [
              -38.362367,
              -5.088996
            ],
            [
              -38.362396,
              -5.089537
            ],
            [
              -38.362797,
              -5.089474
            ]
          ]
        ],
        "type": "Polygon"
      },
      "properties": {
        "bairro": "MORADA NOVA",
        "faction": "CV",
        "generated_at": "2026-07-11T17:06:46.108016",
        "geometry_type": "Polygon",
        "is_centroid": false,
        "is_tactical": true,
        "local_street_pressure": 2.557,
        "municipality": "MORADA NOVA",
        "name": "Divino Espírito Santo",
        "nearby_streets": [
          "DIVINO ESPÍRITO SANTO",
          "RUA ZÉCA NOBRE",
          "CAMPO DE AVIAÇÃO"
        ],
        "nearby_streets_count": 7,
        "node_id": 112,
        "parent_area": "MORADA NOVA",
        "parent_risk_level": "moderado",
        "parent_risk_score": 35.1,
        "parent_status": "MODERADO",
        "peak_hours": "Entre 19hs e 00hs",
        "rank": 112,
        "region": "interior",
        "risk_score": 33.055,
        "score": 33.055,
        "source_geometry_type": "Polygon"
      },
      "type": "Feature"
    },
    {
      "geometry": {
        "coordinates": [
          [
            [
              -38.376738,
              -5.108197
            ],
            [
              -38.376792,
              -5.108123
            ],
            [
              -38.37689,
              -5.108052
            ],
            [
              -38.377097,
              -5.108119
            ],
            [
              -38.377154,
              -5.108075
            ],
            [
              -38.377503,
              -5.108193
            ],
            [
              -38.377529,
              -5.108289
            ],
            [
              -38.377619,
              -5.108334
            ],
            [
              -38.377598,
              -5.108488
            ],
            [
              -38.377719,
              -5.108533
            ],
            [
              -38.377754,
              -5.108459
            ],
            [
              -38.378258,
              -5.108584
            ],
            [
              -38.378236,
              -5.108703
            ],
            [
              -38.378418,
              -5.108765
            ],
            [
              -38.378428,
              -5.108843
            ],
            [
              -38.37847,
              -5.108866
            ],
            [
              -38.378356,
              -5.109081
            ],
            [
              -38.378382,
              -5.109159
            ],
            [
              -38.378371,
              -5.109237
            ],
            [
              -38.378275,
              -5.109212
            ],
            [
              -38.37825,
              -5.109383
            ],
            [
              -38.378325,
              -5.10941
            ],
            [
              -38.378349,
              -5.109661
            ],
            [
              -38.378214,
              -5.109673
            ],
            [
              -38.378185,
              -5.109642
            ],
            [
              -38.378093,
              -5.109635
            ],
            [
              -38.378076,
              -5.109746
            ],
            [
              -38.377993,
              -5.109743
            ],
            [
              -38.37795,
              -5.10954
            ],
            [
              -38.377682,
              -5.109547
            ],
            [
              -38.376889,
              -5.109598
            ],
            [
              -38.376738,
              -5.108197
            ]
          ]
        ],
        "type": "Polygon"
      },
      "properties": {
        "bairro": "MORADA NOVA",
        "faction": "CV",
        "generated_at": "2026-07-11T17:06:46.108016",
        "geometry_type": "Polygon",
        "is_centroid": false,
        "is_tactical": true,
        "local_street_pressure": 2.64,
        "municipality": "MORADA NOVA",
        "name": "Roldão",
        "nearby_streets": [
          "ROLDÃO",
          "AVENIDA VALDÍVINO ROLDÃO",
          "RUA JOSÉ AMBRÓSIO"
        ],
        "nearby_streets_count": 3,
        "node_id": 113,
        "parent_area": "MORADA NOVA",
        "parent_risk_level": "moderado",
        "parent_risk_score": 35.1,
        "parent_status": "MODERADO",
        "peak_hours": "Entre 19hs e 00hs",
        "rank": 113,
        "region": "interior",
        "risk_score": 32.911,
        "score": 32.911,
        "source_geometry_type": "Polygon"
      },
      "type": "Feature"
    },
    {
      "geometry": {
        "coordinates": [
          [
            [
              -39.298227,
              -6.794449
            ],
            [
              -39.300802,
              -6.795024
            ],
            [
              -39.301542,
              -6.795035
            ],
            [
              -39.302153,
              -6.795013
            ],
            [
              -39.302647,
              -6.794917
            ],
            [
              -39.30313,
              -6.794747
            ],
            [
              -39.303334,
              -6.79578
            ],
            [
              -39.303945,
              -6.795642
            ],
            [
              -39.304117,
              -6.796143
            ],
            [
              -39.304374,
              -6.7961
            ],
            [
              -39.304364,
              -6.796505
            ],
            [
              -39.304063,
              -6.796654
            ],
            [
              -39.304106,
              -6.797421
            ],
            [
              -39.303977,
              -6.797485
            ],
            [
              -39.303945,
              -6.797634
            ],
            [
              -39.303902,
              -6.797922
            ],
            [
              -39.303902,
              -6.798145
            ],
            [
              -39.303999,
              -6.798369
            ],
            [
              -39.304213,
              -6.798561
            ],
            [
              -39.304653,
              -6.798859
            ],
            [
              -39.304514,
              -6.799115
            ],
            [
              -39.303988,
              -6.798742
            ],
            [
              -39.303838,
              -6.798636
            ],
            [
              -39.303055,
              -6.798838
            ],
            [
              -39.302861,
              -6.801043
            ],
            [
              -39.30254,
              -6.800873
            ],
            [
              -39.302271,
              -6.800649
            ],
            [
              -39.302207,
              -6.800873
            ],
            [
              -39.302121,
              -6.801203
            ],
            [
              -39.300855,
              -6.800415
            ],
            [
              -39.301005,
              -6.800031
            ],
            [
              -39.300984,
              -6.799413
            ],
            [
              -39.299439,
              -6.798731
            ],
            [
              -39.299525,
              -6.798071
            ],
            [
              -39.299138,
              -6.798028
            ],
            [
              -39.299149,
              -6.797847
            ],
            [
              -39.297561,
              -6.79756
            ],
            [
              -39.297604,
              -6.797357
            ],
            [
              -39.297368,
              -6.79724
            ],
            [
              -39.29724,
              -6.797101
            ],
            [
              -39.297808,
              -6.796484
            ],
            [
              -39.298227,
              -6.794449
            ]
          ]
        ],
        "type": "Polygon"
      },
      "properties": {
        "bairro": "VÁRZEA ALEGRE",
        "faction": "CV",
        "generated_at": "2026-07-11T17:06:46.108016",
        "geometry_type": "Polygon",
        "is_centroid": false,
        "is_tactical": true,
        "local_street_pressure": 1.541,
        "municipality": "VARJOTA",
        "name": "Varjota - Várzea alegre",
        "nearby_streets": [
          "VARJOTA - VÁRZEA ALEGRE",
          "AREA SEM NOME",
          "ZEZINHO DA COSTA - VÁRZEA ALEGRE"
        ],
        "nearby_streets_count": 4,
        "node_id": 114,
        "parent_area": "VÁRZEA ALEGRE",
        "parent_risk_level": "moderado",
        "parent_risk_score": 36.2,
        "parent_status": "MODERADO",
        "peak_hours": "Entre 00hs e 05hs",
        "rank": 114,
        "region": "interior",
        "risk_score": 32.258,
        "score": 32.258,
        "source_geometry_type": "Polygon"
      },
      "type": "Feature"
    },
    {
      "geometry": {
        "coordinates": [
          [
            [
              -38.385775,
              -5.100956
            ],
            [
              -38.386429,
              -5.100892
            ],
            [
              -38.386794,
              -5.100892
            ],
            [
              -38.386848,
              -5.101287
            ],
            [
              -38.387009,
              -5.101597
            ],
            [
              -38.387374,
              -5.101501
            ],
            [
              -38.387556,
              -5.101961
            ],
            [
              -38.38777,
              -5.102687
            ],
            [
              -38.388618,
              -5.10258
            ],
            [
              -38.388672,
              -5.102292
            ],
            [
              -38.388833,
              -5.101993
            ],
            [
              -38.388811,
              -5.101726
            ],
            [
              -38.388994,
              -5.101319
            ],
            [
              -38.388972,
              -5.100999
            ],
            [
              -38.389219,
              -5.10101
            ],
            [
              -38.389294,
              -5.101694
            ],
            [
              -38.389369,
              -5.102068
            ],
            [
              -38.389369,
              -5.103093
            ],
            [
              -38.389498,
              -5.103072
            ],
            [
              -38.389584,
              -5.103542
            ],
            [
              -38.388425,
              -5.103767
            ],
            [
              -38.388478,
              -5.104878
            ],
            [
              -38.388532,
              -5.105754
            ],
            [
              -38.388575,
              -5.106171
            ],
            [
              -38.389873,
              -5.106289
            ],
            [
              -38.389863,
              -5.106802
            ],
            [
              -38.39012,
              -5.106812
            ],
            [
              -38.390077,
              -5.107699
            ],
            [
              -38.38924,
              -5.107656
            ],
            [
              -38.38924,
              -5.107913
            ],
            [
              -38.388704,
              -5.10787
            ],
            [
              -38.38879,
              -5.106791
            ],
            [
              -38.38644,
              -5.106759
            ],
            [
              -38.386762,
              -5.103841
            ],
            [
              -38.385732,
              -5.103991
            ],
            [
              -38.385775,
              -5.100956
            ]
          ]
        ],
        "type": "Polygon"
      },
      "properties": {
        "bairro": "MORADA NOVA",
        "faction": "CV",
        "generated_at": "2026-07-11T17:06:46.108016",
        "geometry_type": "Polygon",
        "is_centroid": false,
        "is_tactical": true,
        "local_street_pressure": 1.893,
        "municipality": "MORADA NOVA",
        "name": "Parque De Exposições",
        "nearby_streets": [
          "PARQUE DE EXPOSIÇÕES",
          "GIRILÂNDIA",
          "RUA SALUSTIANO DE CASTRO"
        ],
        "nearby_streets_count": 5,
        "node_id": 115,
        "parent_area": "MORADA NOVA",
        "parent_risk_level": "moderado",
        "parent_risk_score": 35.1,
        "parent_status": "MODERADO",
        "peak_hours": "Entre 19hs e 00hs",
        "rank": 115,
        "region": "interior",
        "risk_score": 31.821,
        "score": 31.821,
        "source_geometry_type": "Polygon"
      },
      "type": "Feature"
    },
    {
      "geometry": {
        "coordinates": [
          [
            [
              -38.098219,
              -5.137443
            ],
            [
              -38.098037,
              -5.138437
            ],
            [
              -38.09823,
              -5.139084
            ],
            [
              -38.098562,
              -5.140296
            ],
            [
              -38.098975,
              -5.141595
            ],
            [
              -38.099485,
              -5.142882
            ],
            [
              -38.098369,
              -5.143363
            ],
            [
              -38.097618,
              -5.141771
            ],
            [
              -38.09713,
              -5.140815
            ],
            [
              -38.096575,
              -5.139674
            ],
            [
              -38.096319,
              -5.139205
            ],
            [
              -38.095837,
              -5.13872
            ],
            [
              -38.095484,
              -5.138273
            ],
            [
              -38.093801,
              -5.134994
            ],
            [
              -38.091674,
              -5.130631
            ],
            [
              -38.090674,
              -5.129068
            ],
            [
              -38.092676,
              -5.128116
            ],
            [
              -38.093597,
              -5.127661
            ],
            [
              -38.093741,
              -5.127915
            ],
            [
              -38.094451,
              -5.127614
            ],
            [
              -38.094296,
              -5.127309
            ],
            [
              -38.094847,
              -5.127135
            ],
            [
              -38.094693,
              -5.126732
            ],
            [
              -38.09544,
              -5.126309
            ],
            [
              -38.09652,
              -5.125831
            ],
            [
              -38.097232,
              -5.125604
            ],
            [
              -38.097754,
              -5.126676
            ],
            [
              -38.097382,
              -5.126843
            ],
            [
              -38.097475,
              -5.127098
            ],
            [
              -38.097028,
              -5.127316
            ],
            [
              -38.097026,
              -5.127625
            ],
            [
              -38.097532,
              -5.127453
            ],
            [
              -38.097779,
              -5.128104
            ],
            [
              -38.097012,
              -5.128489
            ],
            [
              -38.097276,
              -5.129496
            ],
            [
              -38.10008,
              -5.127846
            ],
            [
              -38.100269,
              -5.128485
            ],
            [
              -38.098626,
              -5.129393
            ],
            [
              -38.098834,
              -5.129697
            ],
            [
              -38.100276,
              -5.129007
            ],
            [
              -38.100482,
              -5.129822
            ],
            [
              -38.099694,
              -5.130304
            ],
            [
              -38.099997,
              -5.130892
            ],
            [
              -38.09891,
              -5.132998
            ],
            [
              -38.099374,
              -5.134002
            ],
            [
              -38.098797,
              -5.135846
            ],
            [
              -38.098219,
              -5.137443
            ]
          ]
        ],
        "type": "Polygon"
      },
      "properties": {
        "bairro": "LIMOEIRO DO NORTE",
        "faction": "CV",
        "generated_at": "2026-07-11T17:06:46.108016",
        "geometry_type": "Polygon",
        "is_centroid": false,
        "is_tactical": true,
        "local_street_pressure": 1.801,
        "municipality": "Morada Nova",
        "name": "Pedras - Morada Nova",
        "nearby_streets": [
          "PEDRAS - MORADA NOVA",
          "RUA ANA NOGUEIRA MAIA",
          "RUA JOÃO MONTEIRO"
        ],
        "nearby_streets_count": 3,
        "node_id": 116,
        "parent_area": "LIMOEIRO DO NORTE",
        "parent_risk_level": "moderado",
        "parent_risk_score": 35.1,
        "parent_status": "MODERADO",
        "peak_hours": "Entre 16hs e 21hs",
        "rank": 116,
        "region": "interior",
        "risk_score": 31.786,
        "score": 31.786,
        "source_geometry_type": "Polygon"
      },
      "type": "Feature"
    },
    {
      "geometry": {
        "coordinates": [
          [
            [
              -40.121277,
              -2.908082
            ],
            [
              -40.127382,
              -2.909172
            ],
            [
              -40.127327,
              -2.909628
            ],
            [
              -40.124133,
              -2.909228
            ],
            [
              -40.124226,
              -2.909826
            ],
            [
              -40.123866,
              -2.910081
            ],
            [
              -40.123109,
              -2.910199
            ],
            [
              -40.123502,
              -2.912444
            ],
            [
              -40.124062,
              -2.912433
            ],
            [
              -40.124632,
              -2.912308
            ],
            [
              -40.124714,
              -2.912745
            ],
            [
              -40.123711,
              -2.912884
            ],
            [
              -40.123678,
              -2.913228
            ],
            [
              -40.123377,
              -2.913316
            ],
            [
              -40.123497,
              -2.914413
            ],
            [
              -40.125319,
              -2.914214
            ],
            [
              -40.12581,
              -2.919101
            ],
            [
              -40.126778,
              -2.919131
            ],
            [
              -40.126942,
              -2.920463
            ],
            [
              -40.127385,
              -2.920562
            ],
            [
              -40.127226,
              -2.921396
            ],
            [
              -40.125739,
              -2.921209
            ],
            [
              -40.125711,
              -2.920872
            ],
            [
              -40.122498,
              -2.920477
            ],
            [
              -40.122529,
              -2.918903
            ],
            [
              -40.122322,
              -2.917374
            ],
            [
              -40.121919,
              -2.917595
            ],
            [
              -40.120494,
              -2.917805
            ],
            [
              -40.120551,
              -2.918747
            ],
            [
              -40.119881,
              -2.91886
            ],
            [
              -40.119302,
              -2.914787
            ],
            [
              -40.118905,
              -2.911622
            ],
            [
              -40.12004,
              -2.911491
            ],
            [
              -40.119892,
              -2.910226
            ],
            [
              -40.121334,
              -2.910271
            ],
            [
              -40.121277,
              -2.908082
            ]
          ]
        ],
        "type": "Polygon"
      },
      "properties": {
        "bairro": "ACARAÚ",
        "faction": "CV",
        "generated_at": "2026-07-11T17:06:46.108016",
        "geometry_type": "Polygon",
        "is_centroid": false,
        "is_tactical": true,
        "local_street_pressure": 1.257,
        "municipality": "MORADA NOVA",
        "name": "Morada Nova - Acaraú",
        "nearby_streets": [
          "MORADA NOVA - ACARAÚ",
          "AVENIDA VOLUNTÁRIOS DA PÁTRIA",
          "RUA COSMO PINTO DA SILVEIRA"
        ],
        "nearby_streets_count": 3,
        "node_id": 117,
        "parent_area": "ACARAÚ",
        "parent_risk_level": "moderado",
        "parent_risk_score": 35.1,
        "parent_status": "MODERADO",
        "peak_hours": "Entre 05hs e 10hs",
        "rank": 117,
        "region": "interior",
        "risk_score": 31.542,
        "score": 31.542,
        "source_geometry_type": "Polygon"
      },
      "type": "Feature"
    },
    {
      "geometry": {
        "coordinates": [
          [
            [
              -38.368996,
              -5.125155
            ],
            [
              -38.368932,
              -5.128019
            ],
            [
              -38.368696,
              -5.128276
            ],
            [
              -38.368589,
              -5.128447
            ],
            [
              -38.365692,
              -5.130648
            ],
            [
              -38.365885,
              -5.131033
            ],
            [
              -38.364276,
              -5.132358
            ],
            [
              -38.363289,
              -5.132336
            ],
            [
              -38.36331,
              -5.131716
            ],
            [
              -38.362945,
              -5.131481
            ],
            [
              -38.363246,
              -5.13005
            ],
            [
              -38.362924,
              -5.129985
            ],
            [
              -38.363846,
              -5.125732
            ],
            [
              -38.364211,
              -5.125732
            ],
            [
              -38.363653,
              -5.128596
            ],
            [
              -38.364512,
              -5.128703
            ],
            [
              -38.365155,
              -5.127015
            ],
            [
              -38.365434,
              -5.126673
            ],
            [
              -38.366121,
              -5.12569
            ],
            [
              -38.366507,
              -5.126074
            ],
            [
              -38.36773,
              -5.126032
            ],
            [
              -38.367795,
              -5.125177
            ],
            [
              -38.36891,
              -5.124963
            ],
            [
              -38.368996,
              -5.125155
            ]
          ]
        ],
        "type": "Polygon"
      },
      "properties": {
        "bairro": "MORADA NOVA",
        "faction": "CV",
        "generated_at": "2026-07-11T17:06:46.108016",
        "geometry_type": "Polygon",
        "is_centroid": false,
        "is_tactical": true,
        "local_street_pressure": 1.576,
        "municipality": "MORADA NOVA",
        "name": "Balneario - Morada Nova",
        "nearby_streets": [
          "BALNEARIO - MORADA NOVA",
          "ESTRADA DO UIRAPONGA"
        ],
        "nearby_streets_count": 2,
        "node_id": 118,
        "parent_area": "MORADA NOVA",
        "parent_risk_level": "moderado",
        "parent_risk_score": 35.1,
        "parent_status": "MODERADO",
        "peak_hours": "Entre 19hs e 00hs",
        "rank": 118,
        "region": "interior",
        "risk_score": 31.463,
        "score": 31.463,
        "source_geometry_type": "Polygon"
      },
      "type": "Feature"
    },
    {
      "geometry": {
        "coordinates": [
          [
            [
              -38.330489,
              -5.103238
            ],
            [
              -38.330575,
              -5.097628
            ],
            [
              -38.331519,
              -5.098355
            ],
            [
              -38.333794,
              -5.098312
            ],
            [
              -38.334437,
              -5.098654
            ],
            [
              -38.335038,
              -5.09859
            ],
            [
              -38.335553,
              -5.1028
            ],
            [
              -38.330489,
              -5.103238
            ]
          ]
        ],
        "type": "Polygon"
      },
      "properties": {
        "bairro": "MORADA NOVA",
        "faction": "CV",
        "generated_at": "2026-07-11T17:06:46.108016",
        "geometry_type": "Polygon",
        "is_centroid": false,
        "is_tactical": true,
        "local_street_pressure": 1.507,
        "municipality": "MORADA NOVA",
        "name": "Vazantes - Morada Nova",
        "nearby_streets": [
          "VAZANTES - MORADA NOVA",
          "RUA SALUSTIANO CAVALCANTE"
        ],
        "nearby_streets_count": 2,
        "node_id": 119,
        "parent_area": "MORADA NOVA",
        "parent_risk_level": "moderado",
        "parent_risk_score": 35.1,
        "parent_status": "MODERADO",
        "peak_hours": "Entre 19hs e 00hs",
        "rank": 119,
        "region": "interior",
        "risk_score": 31.332,
        "score": 31.332,
        "source_geometry_type": "Polygon"
      },
      "type": "Feature"
    },
    {
      "geometry": {
        "coordinates": [
          [
            [
              -39.721857,
              -5.133559
            ],
            [
              -39.721396,
              -5.133634
            ],
            [
              -39.720548,
              -5.133911
            ],
            [
              -39.720452,
              -5.133484
            ],
            [
              -39.720012,
              -5.133612
            ],
            [
              -39.719722,
              -5.13311
            ],
            [
              -39.719604,
              -5.132191
            ],
            [
              -39.720913,
              -5.131999
            ],
            [
              -39.721053,
              -5.13233
            ],
            [
              -39.721439,
              -5.132202
            ],
            [
              -39.721857,
              -5.133559
            ]
          ]
        ],
        "type": "Polygon"
      },
      "properties": {
        "bairro": "BOA VIAGEM",
        "faction": "PCC",
        "generated_at": "2026-07-11T17:06:46.108016",
        "geometry_type": "Polygon",
        "is_centroid": false,
        "is_tactical": true,
        "local_street_pressure": 2.916,
        "municipality": "BOA VIAGEM",
        "name": "Bairro Oséas Facundo",
        "nearby_streets": [
          "BAIRRO OSÉAS FACUNDO",
          "BAIRRO NOSSA SENHORA DE FÁTIMA- BOA VIAGEM",
          "AREA SEM NOME"
        ],
        "nearby_streets_count": 8,
        "node_id": 120,
        "parent_area": "BOA VIAGEM",
        "parent_risk_level": "moderado",
        "parent_risk_score": 32.1,
        "parent_status": "MODERADO",
        "rank": 120,
        "region": "interior",
        "risk_score": 31.058,
        "score": 31.058,
        "source_geometry_type": "Polygon"
      },
      "type": "Feature"
    },
    {
      "geometry": {
        "coordinates": [
          [
            [
              -38.266627,
              -5.269027
            ],
            [
              -38.26668,
              -5.268226
            ],
            [
              -38.267431,
              -5.268215
            ],
            [
              -38.267506,
              -5.268664
            ],
            [
              -38.268182,
              -5.268674
            ],
            [
              -38.268214,
              -5.268397
            ],
            [
              -38.26948,
              -5.268407
            ],
            [
              -38.270564,
              -5.268493
            ],
            [
              -38.272088,
              -5.268621
            ],
            [
              -38.273311,
              -5.268974
            ],
            [
              -38.274083,
              -5.26907
            ],
            [
              -38.274341,
              -5.269465
            ],
            [
              -38.274716,
              -5.269572
            ],
            [
              -38.27521,
              -5.269818
            ],
            [
              -38.275574,
              -5.270234
            ],
            [
              -38.27581,
              -5.270309
            ],
            [
              -38.276057,
              -5.270512
            ],
            [
              -38.275784,
              -5.270694
            ],
            [
              -38.275961,
              -5.271003
            ],
            [
              -38.275,
              -5.271954
            ],
            [
              -38.275312,
              -5.27244
            ],
            [
              -38.275832,
              -5.272173
            ],
            [
              -38.276089,
              -5.27251
            ],
            [
              -38.275676,
              -5.272745
            ],
            [
              -38.275837,
              -5.273028
            ],
            [
              -38.275955,
              -5.27299
            ],
            [
              -38.276492,
              -5.274142
            ],
            [
              -38.276165,
              -5.274393
            ],
            [
              -38.276717,
              -5.275007
            ],
            [
              -38.277211,
              -5.275365
            ],
            [
              -38.277356,
              -5.275622
            ],
            [
              -38.277254,
              -5.275691
            ],
            [
              -38.277527,
              -5.276049
            ],
            [
              -38.277452,
              -5.276086
            ],
            [
              -38.277758,
              -5.276482
            ],
            [
              -38.277308,
              -5.276893
            ],
            [
              -38.276857,
              -5.276583
            ],
            [
              -38.276648,
              -5.276668
            ],
            [
              -38.276771,
              -5.27685
            ],
            [
              -38.276599,
              -5.27701
            ],
            [
              -38.276835,
              -5.277235
            ],
            [
              -38.276369,
              -5.277561
            ],
            [
              -38.27668,
              -5.278559
            ],
            [
              -38.276425,
              -5.278669
            ],
            [
              -38.276516,
              -5.278933
            ],
            [
              -38.276283,
              -5.279014
            ],
            [
              -38.276366,
              -5.279166
            ],
            [
              -38.276092,
              -5.279289
            ],
            [
              -38.275988,
              -5.279107
            ],
            [
              -38.275741,
              -5.279232
            ],
            [
              -38.275604,
              -5.278939
            ],
            [
              -38.275704,
              -5.278875
            ],
            [
              -38.27551,
              -5.278503
            ],
            [
              -38.275194,
              -5.278645
            ],
            [
              -38.275008,
              -5.278239
            ],
            [
              -38.275277,
              -5.278084
            ],
            [
              -38.275116,
              -5.27786
            ],
            [
              -38.273056,
              -5.27887
            ],
            [
              -38.27268,
              -5.27841
            ],
            [
              -38.272332,
              -5.278554
            ],
            [
              -38.272208,
              -5.278212
            ],
            [
              -38.271892,
              -5.278319
            ],
            [
              -38.271742,
              -5.278413
            ],
            [
              -38.27179,
              -5.278602
            ],
            [
              -38.271873,
              -5.278854
            ],
            [
              -38.271235,
              -5.279166
            ],
            [
              -38.271047,
              -5.278779
            ],
            [
              -38.27069,
              -5.278915
            ],
            [
              -38.270636,
              -5.278755
            ],
            [
              -38.271197,
              -5.278399
            ],
            [
              -38.271757,
              -5.278086
            ],
            [
              -38.272474,
              -5.277667
            ],
            [
              -38.272337,
              -5.277448
            ],
            [
              -38.272339,
              -5.277393
            ],
            [
              -38.273192,
              -5.276891
            ],
            [
              -38.272768,
              -5.276223
            ],
            [
              -38.272473,
              -5.276388
            ],
            [
              -38.272167,
              -5.275961
            ],
            [
              -38.27192,
              -5.276089
            ],
            [
              -38.271631,
              -5.275876
            ],
            [
              -38.270987,
              -5.276511
            ],
            [
              -38.270568,
              -5.275854
            ],
            [
              -38.270096,
              -5.276159
            ],
            [
              -38.269887,
              -5.275769
            ],
            [
              -38.271062,
              -5.275122
            ],
            [
              -38.270332,
              -5.274353
            ],
            [
              -38.269892,
              -5.274065
            ],
            [
              -38.269522,
              -5.274343
            ],
            [
              -38.269436,
              -5.274278
            ],
            [
              -38.269243,
              -5.274508
            ],
            [
              -38.268455,
              -5.273686
            ],
            [
              -38.268498,
              -5.273568
            ],
            [
              -38.268348,
              -5.273382
            ],
            [
              -38.268112,
              -5.273488
            ],
            [
              -38.267962,
              -5.273211
            ],
            [
              -38.268219,
              -5.273056
            ],
            [
              -38.268026,
              -5.27281
            ],
            [
              -38.267479,
              -5.273002
            ],
            [
              -38.266996,
              -5.271998
            ],
            [
              -38.266599,
              -5.272628
            ],
            [
              -38.266116,
              -5.272169
            ],
            [
              -38.266575,
              -5.271753
            ],
            [
              -38.26688,
              -5.271444
            ],
            [
              -38.26717,
              -5.271091
            ],
            [
              -38.26702,
              -5.270909
            ],
            [
              -38.267369,
              -5.270482
            ],
            [
              -38.267632,
              -5.270001
            ],
            [
              -38.267571,
              -5.269687
            ],
            [
              -38.267571,
              -5.269323
            ],
            [
              -38.267576,
              -5.269222
            ],
            [
              -38.266627,
              -5.269027
            ]
          ]
        ],
        "type": "Polygon"
      },
      "properties": {
        "bairro": "SÃO JOÃO DO JAGUARIBE",
        "faction": "CV",
        "generated_at": "2026-07-11T17:06:46.108016",
        "geometry_type": "Polygon",
        "is_centroid": false,
        "is_tactical": true,
        "local_street_pressure": 0.828,
        "municipality": "Morada Nova",
        "name": "Setor NH3 - Morada Nova",
        "nearby_streets": [
          "SETOR NH3 - MORADA NOVA"
        ],
        "nearby_streets_count": 1,
        "node_id": 121,
        "parent_area": "SÃO JOÃO DO JAGUARIBE",
        "parent_risk_level": "moderado",
        "parent_risk_score": 35.1,
        "parent_status": "MODERADO",
        "peak_hours": "Entre 17hs e 22hs",
        "rank": 121,
        "region": "interior",
        "risk_score": 30.421,
        "score": 30.421,
        "source_geometry_type": "Polygon"
      },
      "type": "Feature"
    },
    {
      "geometry": {
        "coordinates": [
          [
            [
              -38.339776,
              -5.123987
            ],
            [
              -38.34205,
              -5.124638
            ],
            [
              -38.342576,
              -5.124681
            ],
            [
              -38.342447,
              -5.12528
            ],
            [
              -38.342362,
              -5.127994
            ],
            [
              -38.339186,
              -5.12715
            ],
            [
              -38.339433,
              -5.125055
            ],
            [
              -38.339776,
              -5.123987
            ]
          ]
        ],
        "type": "Polygon"
      },
      "properties": {
        "bairro": "MORADA NOVA",
        "faction": "CV",
        "generated_at": "2026-07-11T17:06:46.108016",
        "geometry_type": "Polygon",
        "is_centroid": false,
        "is_tactical": true,
        "local_street_pressure": 0.971,
        "municipality": "MORADA NOVA",
        "name": "Setor 1 - Morada Nova",
        "nearby_streets": [
          "SETOR 1 - MORADA NOVA"
        ],
        "nearby_streets_count": 1,
        "node_id": 122,
        "parent_area": "MORADA NOVA",
        "parent_risk_level": "moderado",
        "parent_risk_score": 35.1,
        "parent_status": "MODERADO",
        "peak_hours": "Entre 19hs e 00hs",
        "rank": 122,
        "region": "interior",
        "risk_score": 30.273,
        "score": 30.273,
        "source_geometry_type": "Polygon"
      },
      "type": "Feature"
    },
    {
      "geometry": {
        "coordinates": [
          [
            [
              -38.098219,
              -5.137443
            ],
            [
              -38.098037,
              -5.138437
            ],
            [
              -38.09823,
              -5.139084
            ],
            [
              -38.098562,
              -5.140296
            ],
            [
              -38.098975,
              -5.141595
            ],
            [
              -38.099485,
              -5.142882
            ],
            [
              -38.098369,
              -5.143363
            ],
            [
              -38.097618,
              -5.141771
            ],
            [
              -38.09713,
              -5.140815
            ],
            [
              -38.096575,
              -5.139674
            ],
            [
              -38.096319,
              -5.139205
            ],
            [
              -38.095837,
              -5.13872
            ],
            [
              -38.095484,
              -5.138273
            ],
            [
              -38.093801,
              -5.134994
            ],
            [
              -38.091674,
              -5.130631
            ],
            [
              -38.090674,
              -5.129068
            ],
            [
              -38.092676,
              -5.128116
            ],
            [
              -38.093597,
              -5.127661
            ],
            [
              -38.093741,
              -5.127915
            ],
            [
              -38.094451,
              -5.127614
            ],
            [
              -38.094296,
              -5.127309
            ],
            [
              -38.094847,
              -5.127135
            ],
            [
              -38.094693,
              -5.126732
            ],
            [
              -38.09544,
              -5.126309
            ],
            [
              -38.09652,
              -5.125831
            ],
            [
              -38.097232,
              -5.125604
            ],
            [
              -38.097754,
              -5.126676
            ],
            [
              -38.097382,
              -5.126843
            ],
            [
              -38.097475,
              -5.127098
            ],
            [
              -38.097028,
              -5.127316
            ],
            [
              -38.097026,
              -5.127625
            ],
            [
              -38.097532,
              -5.127453
            ],
            [
              -38.097779,
              -5.128104
            ],
            [
              -38.097012,
              -5.128489
            ],
            [
              -38.097276,
              -5.129496
            ],
            [
              -38.10008,
              -5.127846
            ],
            [
              -38.100269,
              -5.128485
            ],
            [
              -38.098626,
              -5.129393
            ],
            [
              -38.098834,
              -5.129697
            ],
            [
              -38.100276,
              -5.129007
            ],
            [
              -38.100482,
              -5.129822
            ],
            [
              -38.099694,
              -5.130304
            ],
            [
              -38.099997,
              -5.130892
            ],
            [
              -38.09891,
              -5.132998
            ],
            [
              -38.099374,
              -5.134002
            ],
            [
              -38.098797,
              -5.135846
            ],
            [
              -38.098219,
              -5.137443
            ]
          ]
        ],
        "type": "Polygon"
      },
      "properties": {
        "bairro": "LIMOEIRO DO NORTE",
        "faction": "CV",
        "generated_at": "2026-07-11T17:06:46.108016",
        "geometry_type": "Polygon",
        "is_centroid": false,
        "is_tactical": true,
        "local_street_pressure": 0.645,
        "municipality": "Morada Nova",
        "name": "Setor NH5 - Morada Nova",
        "nearby_streets": [
          "SETOR NH5 - MORADA NOVA"
        ],
        "nearby_streets_count": 1,
        "node_id": 123,
        "parent_area": "LIMOEIRO DO NORTE",
        "parent_risk_level": "moderado",
        "parent_risk_score": 35.1,
        "parent_status": "MODERADO",
        "peak_hours": "Entre 16hs e 21hs",
        "rank": 123,
        "region": "interior",
        "risk_score": 30.227,
        "score": 30.227,
        "source_geometry_type": "Polygon"
      },
      "type": "Feature"
    },
    {
      "geometry": {
        "coordinates": [
          [
            [
              -38.098219,
              -5.137443
            ],
            [
              -38.098037,
              -5.138437
            ],
            [
              -38.09823,
              -5.139084
            ],
            [
              -38.098562,
              -5.140296
            ],
            [
              -38.098975,
              -5.141595
            ],
            [
              -38.099485,
              -5.142882
            ],
            [
              -38.098369,
              -5.143363
            ],
            [
              -38.097618,
              -5.141771
            ],
            [
              -38.09713,
              -5.140815
            ],
            [
              -38.096575,
              -5.139674
            ],
            [
              -38.096319,
              -5.139205
            ],
            [
              -38.095837,
              -5.13872
            ],
            [
              -38.095484,
              -5.138273
            ],
            [
              -38.093801,
              -5.134994
            ],
            [
              -38.091674,
              -5.130631
            ],
            [
              -38.090674,
              -5.129068
            ],
            [
              -38.092676,
              -5.128116
            ],
            [
              -38.093597,
              -5.127661
            ],
            [
              -38.093741,
              -5.127915
            ],
            [
              -38.094451,
              -5.127614
            ],
            [
              -38.094296,
              -5.127309
            ],
            [
              -38.094847,
              -5.127135
            ],
            [
              -38.094693,
              -5.126732
            ],
            [
              -38.09544,
              -5.126309
            ],
            [
              -38.09652,
              -5.125831
            ],
            [
              -38.097232,
              -5.125604
            ],
            [
              -38.097754,
              -5.126676
            ],
            [
              -38.097382,
              -5.126843
            ],
            [
              -38.097475,
              -5.127098
            ],
            [
              -38.097028,
              -5.127316
            ],
            [
              -38.097026,
              -5.127625
            ],
            [
              -38.097532,
              -5.127453
            ],
            [
              -38.097779,
              -5.128104
            ],
            [
              -38.097012,
              -5.128489
            ],
            [
              -38.097276,
              -5.129496
            ],
            [
              -38.10008,
              -5.127846
            ],
            [
              -38.100269,
              -5.128485
            ],
            [
              -38.098626,
              -5.129393
            ],
            [
              -38.098834,
              -5.129697
            ],
            [
              -38.100276,
              -5.129007
            ],
            [
              -38.100482,
              -5.129822
            ],
            [
              -38.099694,
              -5.130304
            ],
            [
              -38.099997,
              -5.130892
            ],
            [
              -38.09891,
              -5.132998
            ],
            [
              -38.099374,
              -5.134002
            ],
            [
              -38.098797,
              -5.135846
            ],
            [
              -38.098219,
              -5.137443
            ]
          ]
        ],
        "type": "Polygon"
      },
      "properties": {
        "bairro": "LIMOEIRO DO NORTE",
        "faction": "CV",
        "generated_at": "2026-07-11T17:06:46.108016",
        "geometry_type": "Polygon",
        "is_centroid": false,
        "is_tactical": true,
        "local_street_pressure": 0.715,
        "municipality": "Morada Nova",
        "name": "Setor NH4 - Morada Nova",
        "nearby_streets": [
          "SETOR NH4 - MORADA NOVA"
        ],
        "nearby_streets_count": 1,
        "node_id": 124,
        "parent_area": "LIMOEIRO DO NORTE",
        "parent_risk_level": "moderado",
        "parent_risk_score": 35.1,
        "parent_status": "MODERADO",
        "peak_hours": "Entre 16hs e 21hs",
        "rank": 124,
        "region": "interior",
        "risk_score": 30.143,
        "score": 30.143,
        "source_geometry_type": "Polygon"
      },
      "type": "Feature"
    },
    {
      "geometry": {
        "coordinates": [
          [
            [
              -40.680316,
              -5.170865
            ],
            [
              -40.680539,
              -5.17151
            ],
            [
              -40.680634,
              -5.171625
            ],
            [
              -40.680815,
              -5.171759
            ],
            [
              -40.68078,
              -5.172108
            ],
            [
              -40.680505,
              -5.172337
            ],
            [
              -40.679955,
              -5.17235
            ],
            [
              -40.679886,
              -5.172636
            ],
            [
              -40.67974,
              -5.172628
            ],
            [
              -40.679607,
              -5.17272
            ],
            [
              -40.679712,
              -5.172983
            ],
            [
              -40.679841,
              -5.172992
            ],
            [
              -40.679953,
              -5.173471
            ],
            [
              -40.679589,
              -5.173533
            ],
            [
              -40.679359,
              -5.173744
            ],
            [
              -40.678652,
              -5.173177
            ],
            [
              -40.678364,
              -5.172826
            ],
            [
              -40.678255,
              -5.172749
            ],
            [
              -40.676965,
              -5.171224
            ],
            [
              -40.676872,
              -5.171208
            ],
            [
              -40.676746,
              -5.171158
            ],
            [
              -40.676557,
              -5.170904
            ],
            [
              -40.676574,
              -5.170832
            ],
            [
              -40.676497,
              -5.170793
            ],
            [
              -40.676484,
              -5.17052
            ],
            [
              -40.676777,
              -5.170401
            ],
            [
              -40.676881,
              -5.170583
            ],
            [
              -40.677079,
              -5.170557
            ],
            [
              -40.677556,
              -5.170643
            ],
            [
              -40.678114,
              -5.170859
            ],
            [
              -40.678219,
              -5.170889
            ],
            [
              -40.678298,
              -5.170496
            ],
            [
              -40.678233,
              -5.170257
            ],
            [
              -40.678164,
              -5.17006
            ],
            [
              -40.678232,
              -5.16991
            ],
            [
              -40.678432,
              -5.169893
            ],
            [
              -40.679854,
              -5.170201
            ],
            [
              -40.679926,
              -5.170233
            ],
            [
              -40.67996,
              -5.170363
            ],
            [
              -40.679848,
              -5.170792
            ],
            [
              -40.680316,
              -5.170865
            ]
          ]
        ],
        "type": "Polygon"
      },
      "properties": {
        "bairro": "CRATEÚS",
        "faction": "CV",
        "generated_at": "2026-07-11T17:06:46.108016",
        "geometry_type": "Polygon",
        "is_centroid": false,
        "is_tactical": true,
        "local_street_pressure": 1.864,
        "municipality": "CONJUNTO PALMEIRAS",
        "name": "Conjunto",
        "nearby_streets": [
          "CONJUNTO",
          "PONTE PRETA",
          "ALTAMIRA"
        ],
        "nearby_streets_count": 5,
        "node_id": 125,
        "parent_area": "CRATEÚS",
        "parent_risk_level": "moderado",
        "parent_risk_score": 31.9,
        "parent_status": "MODERADO",
        "peak_hours": "Entre 21hs e 02hs",
        "rank": 125,
        "region": "interior",
        "risk_score": 29.35,
        "score": 29.35,
        "source_geometry_type": "Polygon"
      },
      "type": "Feature"
    }
  ],
  "metadata": {
    "generated_at": "2026-07-11T17:06:46.108016",
    "region": "interior",
    "source": "Sentinela Micronodes Dynamic Overlay",
    "threshold_min_score": 31.0,
    "total": 125
  },
  "type": "FeatureCollection"
}