{
  "features": [
    {
      "geometry": {
        "coordinates": [
          [
            [
              -39.262348,
              -3.26771
            ],
            [
              -39.2627,
              -3.270058
            ],
            [
              -39.262254,
              -3.270115
            ],
            [
              -39.262444,
              -3.270997
            ],
            [
              -39.261405,
              -3.271017
            ],
            [
              -39.261258,
              -3.270178
            ],
            [
              -39.259983,
              -3.270409
            ],
            [
              -39.258624,
              -3.270868
            ],
            [
              -39.258356,
              -3.270001
            ],
            [
              -39.258625,
              -3.269924
            ],
            [
              -39.258383,
              -3.268784
            ],
            [
              -39.259285,
              -3.268606
            ],
            [
              -39.259257,
              -3.268265
            ],
            [
              -39.262348,
              -3.26771
            ]
          ]
        ],
        "type": "Polygon"
      },
      "properties": {
        "bairro": "TRAIRI",
        "faction": "CV",
        "generated_at": "2026-06-11T08:48:20.151252",
        "geometry_type": "Polygon",
        "is_centroid": false,
        "is_tactical": true,
        "local_street_pressure": 4.44,
        "municipality": "Trairí",
        "name": "Cotesa - Trairí",
        "nearby_streets": [
          "COTESA - TRAIRÍ",
          "RUA JOSEFA MARTINS",
          "AVENIDA ANTÔNIO"
        ],
        "nearby_streets_count": 9,
        "node_id": 1,
        "parent_area": "TRAIRI",
        "parent_risk_level": "alto",
        "parent_risk_score": 62.5,
        "parent_status": "ALTO",
        "peak_hours": "Entre 18hs e 23hs",
        "rank": 1,
        "region": "rmf",
        "risk_score": 66.584,
        "score": 66.584,
        "source_geometry_type": "Polygon"
      },
      "type": "Feature"
    },
    {
      "geometry": {
        "coordinates": [
          [
            [
              -39.264852,
              -3.287676
            ],
            [
              -39.26403,
              -3.287669
            ],
            [
              -39.262174,
              -3.28784
            ],
            [
              -39.261873,
              -3.284783
            ],
            [
              -39.261651,
              -3.282062
            ],
            [
              -39.261769,
              -3.281866
            ],
            [
              -39.261972,
              -3.281766
            ],
            [
              -39.26239,
              -3.281775
            ],
            [
              -39.26441,
              -3.282069
            ],
            [
              -39.264274,
              -3.283229
            ],
            [
              -39.265382,
              -3.283287
            ],
            [
              -39.265706,
              -3.284257
            ],
            [
              -39.266493,
              -3.284122
            ],
            [
              -39.2665,
              -3.28386
            ],
            [
              -39.266683,
              -3.283872
            ],
            [
              -39.266696,
              -3.284285
            ],
            [
              -39.267072,
              -3.284295
            ],
            [
              -39.267046,
              -3.285204
            ],
            [
              -39.266682,
              -3.285318
            ],
            [
              -39.266726,
              -3.285619
            ],
            [
              -39.266986,
              -3.285532
            ],
            [
              -39.267012,
              -3.286208
            ],
            [
              -39.267211,
              -3.286205
            ],
            [
              -39.267226,
              -3.286339
            ],
            [
              -39.267096,
              -3.28742
            ],
            [
              -39.264852,
              -3.287676
            ]
          ]
        ],
        "type": "Polygon"
      },
      "properties": {
        "bairro": "TRAIRI",
        "faction": "CV",
        "generated_at": "2026-06-11T08:48:20.151252",
        "geometry_type": "Polygon",
        "is_centroid": false,
        "is_tactical": true,
        "local_street_pressure": 4.125,
        "municipality": "Trairí",
        "name": "São Francisco - Trairí",
        "nearby_streets": [
          "SÃO FRANCISCO - TRAIRÍ",
          "RUA JOSÉ DIAS DE SENA",
          "RUA VALTER SÁLES"
        ],
        "nearby_streets_count": 10,
        "node_id": 2,
        "parent_area": "TRAIRI",
        "parent_risk_level": "alto",
        "parent_risk_score": 62.5,
        "parent_status": "ALTO",
        "peak_hours": "Entre 18hs e 23hs",
        "rank": 2,
        "region": "rmf",
        "risk_score": 65.723,
        "score": 65.723,
        "source_geometry_type": "Polygon"
      },
      "type": "Feature"
    },
    {
      "geometry": {
        "coordinates": [
          [
            [
              -39.272004,
              -3.268818
            ],
            [
              -39.272198,
              -3.270306
            ],
            [
              -39.270687,
              -3.271494
            ],
            [
              -39.271018,
              -3.271897
            ],
            [
              -39.270856,
              -3.272073
            ],
            [
              -39.271021,
              -3.272266
            ],
            [
              -39.270943,
              -3.272334
            ],
            [
              -39.271001,
              -3.27239
            ],
            [
              -39.270401,
              -3.272909
            ],
            [
              -39.269717,
              -3.273116
            ],
            [
              -39.269494,
              -3.274062
            ],
            [
              -39.269197,
              -3.274322
            ],
            [
              -39.268882,
              -3.27478
            ],
            [
              -39.26873,
              -3.275008
            ],
            [
              -39.268652,
              -3.275272
            ],
            [
              -39.268962,
              -3.276423
            ],
            [
              -39.272501,
              -3.275819
            ],
            [
              -39.272708,
              -3.27629
            ],
            [
              -39.272744,
              -3.276466
            ],
            [
              -39.272829,
              -3.276436
            ],
            [
              -39.272875,
              -3.27682
            ],
            [
              -39.272362,
              -3.276818
            ],
            [
              -39.272349,
              -3.277013
            ],
            [
              -39.271979,
              -3.276955
            ],
            [
              -39.271697,
              -3.276816
            ],
            [
              -39.27166,
              -3.276666
            ],
            [
              -39.27117,
              -3.276774
            ],
            [
              -39.268366,
              -3.277509
            ],
            [
              -39.267912,
              -3.275807
            ],
            [
              -39.26818,
              -3.275718
            ],
            [
              -39.267687,
              -3.273587
            ],
            [
              -39.267304,
              -3.272768
            ],
            [
              -39.270684,
              -3.268477
            ],
            [
              -39.270847,
              -3.26832
            ],
            [
              -39.271032,
              -3.26819
            ],
            [
              -39.271499,
              -3.268005
            ],
            [
              -39.271625,
              -3.268832
            ],
            [
              -39.272004,
              -3.268818
            ]
          ]
        ],
        "type": "Polygon"
      },
      "properties": {
        "bairro": "TRAIRI",
        "faction": "CV",
        "generated_at": "2026-06-11T08:48:20.151252",
        "geometry_type": "Polygon",
        "is_centroid": false,
        "is_tactical": true,
        "local_street_pressure": 3.706,
        "municipality": "Trairí",
        "name": "Vila Nova - Trairí",
        "nearby_streets": [
          "VILA NOVA - TRAIRÍ",
          "RUA MANOEL TEIXEIRA",
          "RUA DOUTOR CÉLSO BARROSO"
        ],
        "nearby_streets_count": 12,
        "node_id": 3,
        "parent_area": "TRAIRI",
        "parent_risk_level": "alto",
        "parent_risk_score": 62.5,
        "parent_status": "ALTO",
        "peak_hours": "Entre 18hs e 23hs",
        "rank": 3,
        "region": "rmf",
        "risk_score": 63.893,
        "score": 63.893,
        "source_geometry_type": "Polygon"
      },
      "type": "Feature"
    },
    {
      "geometry": {
        "coordinates": [
          [
            [
              -39.254725,
              -3.268445
            ],
            [
              -39.257041,
              -3.267878
            ],
            [
              -39.257705,
              -3.270098
            ],
            [
              -39.257236,
              -3.270236
            ],
            [
              -39.257534,
              -3.271261
            ],
            [
              -39.255997,
              -3.271762
            ],
            [
              -39.255468,
              -3.271943
            ],
            [
              -39.254972,
              -3.271913
            ],
            [
              -39.255016,
              -3.27211
            ],
            [
              -39.253408,
              -3.272483
            ],
            [
              -39.253218,
              -3.27185
            ],
            [
              -39.253684,
              -3.271859
            ],
            [
              -39.253623,
              -3.271468
            ],
            [
              -39.253577,
              -3.27132
            ],
            [
              -39.253349,
              -3.27132
            ],
            [
              -39.253217,
              -3.270841
            ],
            [
              -39.253372,
              -3.270772
            ],
            [
              -39.253272,
              -3.270328
            ],
            [
              -39.255157,
              -3.270316
            ],
            [
              -39.254725,
              -3.268445
            ]
          ]
        ],
        "type": "Polygon"
      },
      "properties": {
        "bairro": "TRAIRI",
        "faction": "CV",
        "generated_at": "2026-06-11T08:48:20.151252",
        "geometry_type": "Polygon",
        "is_centroid": false,
        "is_tactical": true,
        "local_street_pressure": 2.341,
        "municipality": "Trairí",
        "name": "Crianco - Trairí",
        "nearby_streets": [
          "CRIANCO - TRAIRÍ",
          "AVENIDA NOSSA SENHORA DO LIVRAMENTO",
          "COTESA - TRAIRÍ"
        ],
        "nearby_streets_count": 6,
        "node_id": 4,
        "parent_area": "TRAIRI",
        "parent_risk_level": "alto",
        "parent_risk_score": 62.5,
        "parent_status": "ALTO",
        "peak_hours": "Entre 18hs e 23hs",
        "rank": 4,
        "region": "rmf",
        "risk_score": 58.128,
        "score": 58.128,
        "source_geometry_type": "Polygon"
      },
      "type": "Feature"
    },
    {
      "geometry": {
        "coordinates": [
          [
            [
              -39.320662,
              -3.276294
            ],
            [
              -39.317002,
              -3.276257
            ],
            [
              -39.314624,
              -3.275582
            ],
            [
              -39.313934,
              -3.274985
            ],
            [
              -39.313914,
              -3.274479
            ],
            [
              -39.313958,
              -3.274382
            ],
            [
              -39.314719,
              -3.27453
            ],
            [
              -39.314931,
              -3.274005
            ],
            [
              -39.315445,
              -3.274174
            ],
            [
              -39.315685,
              -3.274498
            ],
            [
              -39.316079,
              -3.274648
            ],
            [
              -39.316248,
              -3.274484
            ],
            [
              -39.316698,
              -3.274573
            ],
            [
              -39.316774,
              -3.274611
            ],
            [
              -39.316687,
              -3.275042
            ],
            [
              -39.318357,
              -3.275246
            ],
            [
              -39.31853,
              -3.274782
            ],
            [
              -39.318622,
              -3.274688
            ],
            [
              -39.318725,
              -3.274893
            ],
            [
              -39.318938,
              -3.275041
            ],
            [
              -39.318922,
              -3.275228
            ],
            [
              -39.319634,
              -3.275305
            ],
            [
              -39.319876,
              -3.274547
            ],
            [
              -39.320139,
              -3.274569
            ],
            [
              -39.32022,
              -3.27434
            ],
            [
              -39.32089,
              -3.274452
            ],
            [
              -39.32101,
              -3.274251
            ],
            [
              -39.321174,
              -3.274274
            ],
            [
              -39.321118,
              -3.275007
            ],
            [
              -39.321365,
              -3.275105
            ],
            [
              -39.321368,
              -3.275248
            ],
            [
              -39.32178,
              -3.275266
            ],
            [
              -39.32186,
              -3.274933
            ],
            [
              -39.321929,
              -3.274914
            ],
            [
              -39.322193,
              -3.27493
            ],
            [
              -39.32252,
              -3.274094
            ],
            [
              -39.322653,
              -3.274275
            ],
            [
              -39.322416,
              -3.275749
            ],
            [
              -39.322062,
              -3.275859
            ],
            [
              -39.32189,
              -3.276177
            ],
            [
              -39.32141,
              -3.276193
            ],
            [
              -39.320722,
              -3.276095
            ],
            [
              -39.320662,
              -3.276294
            ]
          ]
        ],
        "type": "Polygon"
      },
      "properties": {
        "bairro": "TRAIRI",
        "faction": "CV",
        "generated_at": "2026-06-11T08:48:20.151252",
        "geometry_type": "Polygon",
        "is_centroid": false,
        "is_tactical": true,
        "local_street_pressure": 2.039,
        "municipality": "Trairí",
        "name": "Gualdrapras - Trairí",
        "nearby_streets": [
          "GUALDRAPRAS - TRAIRÍ",
          "RUA DAVID ROCHA",
          "RUA MARCILENE"
        ],
        "nearby_streets_count": 3,
        "node_id": 5,
        "parent_area": "TRAIRI",
        "parent_risk_level": "alto",
        "parent_risk_score": 62.5,
        "parent_status": "ALTO",
        "peak_hours": "Entre 18hs e 23hs",
        "rank": 5,
        "region": "rmf",
        "risk_score": 57.605,
        "score": 57.605,
        "source_geometry_type": "Polygon"
      },
      "type": "Feature"
    },
    {
      "geometry": {
        "coordinates": [
          [
            [
              -39.265547,
              -3.30223
            ],
            [
              -39.267228,
              -3.301708
            ],
            [
              -39.26813,
              -3.304453
            ],
            [
              -39.266422,
              -3.30498
            ],
            [
              -39.265547,
              -3.30223
            ]
          ]
        ],
        "type": "Polygon"
      },
      "properties": {
        "bairro": "TRAIRI",
        "faction": "CV",
        "generated_at": "2026-06-11T08:48:20.151252",
        "geometry_type": "Polygon",
        "is_centroid": false,
        "is_tactical": true,
        "local_street_pressure": 1.602,
        "municipality": "Trairí",
        "name": "CDD - Trairí",
        "nearby_streets": [
          "CDD - TRAIRÍ",
          "SÃO JOSÉ",
          "SÃO GONÇALO"
        ],
        "nearby_streets_count": 3,
        "node_id": 6,
        "parent_area": "TRAIRI",
        "parent_risk_level": "alto",
        "parent_risk_score": 62.5,
        "parent_status": "ALTO",
        "peak_hours": "Entre 18hs e 23hs",
        "rank": 6,
        "region": "rmf",
        "risk_score": 54.939,
        "score": 54.939,
        "source_geometry_type": "Polygon"
      },
      "type": "Feature"
    },
    {
      "geometry": {
        "coordinates": [
          [
            [
              -39.320662,
              -3.276294
            ],
            [
              -39.317002,
              -3.276257
            ],
            [
              -39.314624,
              -3.275582
            ],
            [
              -39.313934,
              -3.274985
            ],
            [
              -39.313914,
              -3.274479
            ],
            [
              -39.313958,
              -3.274382
            ],
            [
              -39.314719,
              -3.27453
            ],
            [
              -39.314931,
              -3.274005
            ],
            [
              -39.315445,
              -3.274174
            ],
            [
              -39.315685,
              -3.274498
            ],
            [
              -39.316079,
              -3.274648
            ],
            [
              -39.316248,
              -3.274484
            ],
            [
              -39.316698,
              -3.274573
            ],
            [
              -39.316774,
              -3.274611
            ],
            [
              -39.316687,
              -3.275042
            ],
            [
              -39.318357,
              -3.275246
            ],
            [
              -39.31853,
              -3.274782
            ],
            [
              -39.318622,
              -3.274688
            ],
            [
              -39.318725,
              -3.274893
            ],
            [
              -39.318938,
              -3.275041
            ],
            [
              -39.318922,
              -3.275228
            ],
            [
              -39.319634,
              -3.275305
            ],
            [
              -39.319876,
              -3.274547
            ],
            [
              -39.320139,
              -3.274569
            ],
            [
              -39.32022,
              -3.27434
            ],
            [
              -39.32089,
              -3.274452
            ],
            [
              -39.32101,
              -3.274251
            ],
            [
              -39.321174,
              -3.274274
            ],
            [
              -39.321118,
              -3.275007
            ],
            [
              -39.321365,
              -3.275105
            ],
            [
              -39.321368,
              -3.275248
            ],
            [
              -39.32178,
              -3.275266
            ],
            [
              -39.32186,
              -3.274933
            ],
            [
              -39.321929,
              -3.274914
            ],
            [
              -39.322193,
              -3.27493
            ],
            [
              -39.32252,
              -3.274094
            ],
            [
              -39.322653,
              -3.274275
            ],
            [
              -39.322416,
              -3.275749
            ],
            [
              -39.322062,
              -3.275859
            ],
            [
              -39.32189,
              -3.276177
            ],
            [
              -39.32141,
              -3.276193
            ],
            [
              -39.320722,
              -3.276095
            ],
            [
              -39.320662,
              -3.276294
            ]
          ]
        ],
        "type": "Polygon"
      },
      "properties": {
        "bairro": "TRAIRI",
        "faction": "CV",
        "generated_at": "2026-06-11T08:48:20.151252",
        "geometry_type": "Polygon",
        "is_centroid": false,
        "is_tactical": true,
        "local_street_pressure": 1.329,
        "municipality": "Trairí",
        "name": "Guajiru - Trairí",
        "nearby_streets": [
          "AVENIDA DOCA MALAQUIAS",
          "GUAJIRU - TRAIRÍ"
        ],
        "nearby_streets_count": 2,
        "node_id": 7,
        "parent_area": "TRAIRI",
        "parent_risk_level": "alto",
        "parent_risk_score": 62.5,
        "parent_status": "ALTO",
        "peak_hours": "Entre 18hs e 23hs",
        "rank": 7,
        "region": "rmf",
        "risk_score": 54.372,
        "score": 54.372,
        "source_geometry_type": "Polygon"
      },
      "type": "Feature"
    },
    {
      "geometry": {
        "coordinates": [
          [
            [
              -38.505174,
              -3.861742
            ],
            [
              -38.505756,
              -3.861172
            ],
            [
              -38.507043,
              -3.862612
            ],
            [
              -38.506526,
              -3.863044
            ],
            [
              -38.506358,
              -3.863182
            ],
            [
              -38.507708,
              -3.864592
            ],
            [
              -38.507054,
              -3.865192
            ],
            [
              -38.506807,
              -3.864956
            ],
            [
              -38.50626,
              -3.865481
            ],
            [
              -38.506568,
              -3.865834
            ],
            [
              -38.503242,
              -3.86729
            ],
            [
              -38.502169,
              -3.867376
            ],
            [
              -38.4991,
              -3.868468
            ],
            [
              -38.498564,
              -3.866905
            ],
            [
              -38.498864,
              -3.866712
            ],
            [
              -38.498242,
              -3.865535
            ],
            [
              -38.49925,
              -3.864486
            ],
            [
              -38.499486,
              -3.864785
            ],
            [
              -38.499637,
              -3.865535
            ],
            [
              -38.500302,
              -3.865877
            ],
            [
              -38.501482,
              -3.865192
            ],
            [
              -38.50174,
              -3.865749
            ],
            [
              -38.50249,
              -3.865299
            ],
            [
              -38.502383,
              -3.864678
            ],
            [
              -38.502898,
              -3.864272
            ],
            [
              -38.503263,
              -3.864293
            ],
            [
              -38.503628,
              -3.863801
            ],
            [
              -38.503258,
              -3.863362
            ],
            [
              -38.503918,
              -3.862805
            ],
            [
              -38.502673,
              -3.86143
            ],
            [
              -38.503889,
              -3.860332
            ],
            [
              -38.505174,
              -3.861742
            ]
          ]
        ],
        "type": "Polygon"
      },
      "properties": {
        "bairro": "ANCURI",
        "faction": "CV",
        "generated_at": "2026-06-11T08:48:20.151252",
        "geometry_type": "Polygon",
        "is_centroid": false,
        "is_tactical": true,
        "local_street_pressure": 4.04,
        "municipality": "Ancuri",
        "name": "Bairro Santa Fé",
        "nearby_streets": [
          "BAIRRO SANTA FÉ",
          "CONJUNTO VITÓRIA",
          "FAVELA DO PACOTE"
        ],
        "nearby_streets_count": 13,
        "node_id": 8,
        "parent_area": "ANCURI",
        "parent_risk_level": "moderado",
        "parent_risk_score": 32.6,
        "parent_status": "MODERADO",
        "peak_hours": "Entre 18hs e 23hs",
        "rank": 8,
        "region": "rmf",
        "risk_score": 44.023,
        "score": 44.023,
        "source_geometry_type": "Polygon"
      },
      "type": "Feature"
    },
    {
      "geometry": {
        "coordinates": [
          [
            [
              -38.510105,
              -3.862309
            ],
            [
              -38.510314,
              -3.863039
            ],
            [
              -38.510593,
              -3.86354
            ],
            [
              -38.510818,
              -3.863476
            ],
            [
              -38.51099,
              -3.864129
            ],
            [
              -38.510089,
              -3.864413
            ],
            [
              -38.510017,
              -3.864054
            ],
            [
              -38.509168,
              -3.864361
            ],
            [
              -38.509199,
              -3.8646
            ],
            [
              -38.508783,
              -3.864799
            ],
            [
              -38.508626,
              -3.864626
            ],
            [
              -38.508585,
              -3.864646
            ],
            [
              -38.508532,
              -3.864585
            ],
            [
              -38.508662,
              -3.864474
            ],
            [
              -38.508322,
              -3.864055
            ],
            [
              -38.508884,
              -3.863559
            ],
            [
              -38.507976,
              -3.862388
            ],
            [
              -38.508155,
              -3.862191
            ],
            [
              -38.508357,
              -3.862085
            ],
            [
              -38.50857,
              -3.86203
            ],
            [
              -38.508725,
              -3.86273
            ],
            [
              -38.510105,
              -3.862309
            ]
          ]
        ],
        "type": "Polygon"
      },
      "properties": {
        "bairro": "ANCURI",
        "faction": "CV",
        "generated_at": "2026-06-11T08:48:20.151252",
        "geometry_type": "Polygon",
        "is_centroid": false,
        "is_tactical": true,
        "local_street_pressure": 4.077,
        "municipality": "Ancuri",
        "name": "Favela do Pacote",
        "nearby_streets": [
          "FAVELA DO PACOTE",
          "BAIRRO SANTA FÉ",
          "RODOVIA 4º ANEL VIÁRIO"
        ],
        "nearby_streets_count": 10,
        "node_id": 9,
        "parent_area": "ANCURI",
        "parent_risk_level": "moderado",
        "parent_risk_score": 32.6,
        "parent_status": "MODERADO",
        "peak_hours": "Entre 18hs e 23hs",
        "rank": 9,
        "region": "rmf",
        "risk_score": 43.417,
        "score": 43.417,
        "source_geometry_type": "Polygon"
      },
      "type": "Feature"
    },
    {
      "geometry": {
        "coordinates": [
          [
            [
              -38.911258,
              -3.682817
            ],
            [
              -38.911904,
              -3.682892
            ],
            [
              -38.911942,
              -3.683016
            ],
            [
              -38.911994,
              -3.683436
            ],
            [
              -38.913298,
              -3.683359
            ],
            [
              -38.913346,
              -3.68316
            ],
            [
              -38.914242,
              -3.683219
            ],
            [
              -38.914358,
              -3.683368
            ],
            [
              -38.914489,
              -3.683346
            ],
            [
              -38.914876,
              -3.684621
            ],
            [
              -38.915804,
              -3.68433
            ],
            [
              -38.915773,
              -3.683571
            ],
            [
              -38.916778,
              -3.683333
            ],
            [
              -38.917074,
              -3.682971
            ],
            [
              -38.918347,
              -3.682894
            ],
            [
              -38.918706,
              -3.683022
            ],
            [
              -38.918791,
              -3.683489
            ],
            [
              -38.918235,
              -3.683693
            ],
            [
              -38.918313,
              -3.684032
            ],
            [
              -38.918696,
              -3.68438
            ],
            [
              -38.919429,
              -3.685293
            ],
            [
              -38.916804,
              -3.686184
            ],
            [
              -38.915985,
              -3.686687
            ],
            [
              -38.91661,
              -3.687921
            ],
            [
              -38.916442,
              -3.688335
            ],
            [
              -38.916883,
              -3.689505
            ],
            [
              -38.916422,
              -3.689767
            ],
            [
              -38.915745,
              -3.69016
            ],
            [
              -38.915983,
              -3.690792
            ],
            [
              -38.915709,
              -3.690922
            ],
            [
              -38.915438,
              -3.690968
            ],
            [
              -38.915373,
              -3.691061
            ],
            [
              -38.915072,
              -3.691098
            ],
            [
              -38.915023,
              -3.691149
            ],
            [
              -38.914578,
              -3.691171
            ],
            [
              -38.914497,
              -3.691128
            ],
            [
              -38.914422,
              -3.690809
            ],
            [
              -38.913804,
              -3.690799
            ],
            [
              -38.913727,
              -3.690654
            ],
            [
              -38.913091,
              -3.69069
            ],
            [
              -38.913061,
              -3.690772
            ],
            [
              -38.912669,
              -3.690937
            ],
            [
              -38.912476,
              -3.690823
            ],
            [
              -38.912255,
              -3.690869
            ],
            [
              -38.911488,
              -3.688846
            ],
            [
              -38.911276,
              -3.688822
            ],
            [
              -38.910949,
              -3.688552
            ],
            [
              -38.9109,
              -3.688355
            ],
            [
              -38.911441,
              -3.688194
            ],
            [
              -38.91141,
              -3.687394
            ],
            [
              -38.910694,
              -3.687331
            ],
            [
              -38.91069,
              -3.686955
            ],
            [
              -38.910411,
              -3.687007
            ],
            [
              -38.910166,
              -3.686221
            ],
            [
              -38.908706,
              -3.686603
            ],
            [
              -38.908551,
              -3.685757
            ],
            [
              -38.908327,
              -3.685796
            ],
            [
              -38.908057,
              -3.684463
            ],
            [
              -38.908273,
              -3.684413
            ],
            [
              -38.908367,
              -3.684317
            ],
            [
              -38.908664,
              -3.684286
            ],
            [
              -38.908571,
              -3.683424
            ],
            [
              -38.907753,
              -3.683464
            ],
            [
              -38.907707,
              -3.683236
            ],
            [
              -38.907827,
              -3.683162
            ],
            [
              -38.911258,
              -3.682817
            ]
          ]
        ],
        "type": "Polygon"
      },
      "properties": {
        "bairro": "CAUCAIA",
        "faction": "CV",
        "generated_at": "2026-06-11T08:48:20.151252",
        "geometry_type": "Polygon",
        "is_centroid": false,
        "is_tactical": true,
        "local_street_pressure": 3.092,
        "municipality": "CAUCAIA",
        "name": "Coité Pedreira",
        "nearby_streets": [
          "COITÉ PEDREIRA",
          "TRAVESSA DO PROFESSOR",
          "RUA MARIA DO PATROCÍNIO"
        ],
        "nearby_streets_count": 5,
        "node_id": 10,
        "parent_area": "CAUCAIA",
        "parent_risk_level": "moderado",
        "parent_risk_score": 35.9,
        "parent_status": "MODERADO",
        "rank": 10,
        "region": "rmf",
        "risk_score": 42.517,
        "score": 42.517,
        "source_geometry_type": "Polygon"
      },
      "type": "Feature"
    },
    {
      "geometry": {
        "coordinates": [
          [
            [
              -38.911258,
              -3.682817
            ],
            [
              -38.911904,
              -3.682892
            ],
            [
              -38.911942,
              -3.683016
            ],
            [
              -38.911994,
              -3.683436
            ],
            [
              -38.913298,
              -3.683359
            ],
            [
              -38.913346,
              -3.68316
            ],
            [
              -38.914242,
              -3.683219
            ],
            [
              -38.914358,
              -3.683368
            ],
            [
              -38.914489,
              -3.683346
            ],
            [
              -38.914876,
              -3.684621
            ],
            [
              -38.915804,
              -3.68433
            ],
            [
              -38.915773,
              -3.683571
            ],
            [
              -38.916778,
              -3.683333
            ],
            [
              -38.917074,
              -3.682971
            ],
            [
              -38.918347,
              -3.682894
            ],
            [
              -38.918706,
              -3.683022
            ],
            [
              -38.918791,
              -3.683489
            ],
            [
              -38.918235,
              -3.683693
            ],
            [
              -38.918313,
              -3.684032
            ],
            [
              -38.918696,
              -3.68438
            ],
            [
              -38.919429,
              -3.685293
            ],
            [
              -38.916804,
              -3.686184
            ],
            [
              -38.915985,
              -3.686687
            ],
            [
              -38.91661,
              -3.687921
            ],
            [
              -38.916442,
              -3.688335
            ],
            [
              -38.916883,
              -3.689505
            ],
            [
              -38.916422,
              -3.689767
            ],
            [
              -38.915745,
              -3.69016
            ],
            [
              -38.915983,
              -3.690792
            ],
            [
              -38.915709,
              -3.690922
            ],
            [
              -38.915438,
              -3.690968
            ],
            [
              -38.915373,
              -3.691061
            ],
            [
              -38.915072,
              -3.691098
            ],
            [
              -38.915023,
              -3.691149
            ],
            [
              -38.914578,
              -3.691171
            ],
            [
              -38.914497,
              -3.691128
            ],
            [
              -38.914422,
              -3.690809
            ],
            [
              -38.913804,
              -3.690799
            ],
            [
              -38.913727,
              -3.690654
            ],
            [
              -38.913091,
              -3.69069
            ],
            [
              -38.913061,
              -3.690772
            ],
            [
              -38.912669,
              -3.690937
            ],
            [
              -38.912476,
              -3.690823
            ],
            [
              -38.912255,
              -3.690869
            ],
            [
              -38.911488,
              -3.688846
            ],
            [
              -38.911276,
              -3.688822
            ],
            [
              -38.910949,
              -3.688552
            ],
            [
              -38.9109,
              -3.688355
            ],
            [
              -38.911441,
              -3.688194
            ],
            [
              -38.91141,
              -3.687394
            ],
            [
              -38.910694,
              -3.687331
            ],
            [
              -38.91069,
              -3.686955
            ],
            [
              -38.910411,
              -3.687007
            ],
            [
              -38.910166,
              -3.686221
            ],
            [
              -38.908706,
              -3.686603
            ],
            [
              -38.908551,
              -3.685757
            ],
            [
              -38.908327,
              -3.685796
            ],
            [
              -38.908057,
              -3.684463
            ],
            [
              -38.908273,
              -3.684413
            ],
            [
              -38.908367,
              -3.684317
            ],
            [
              -38.908664,
              -3.684286
            ],
            [
              -38.908571,
              -3.683424
            ],
            [
              -38.907753,
              -3.683464
            ],
            [
              -38.907707,
              -3.683236
            ],
            [
              -38.907827,
              -3.683162
            ],
            [
              -38.911258,
              -3.682817
            ]
          ]
        ],
        "type": "Polygon"
      },
      "properties": {
        "bairro": "CAUCAIA",
        "faction": "CV",
        "generated_at": "2026-06-11T08:48:20.151252",
        "geometry_type": "Polygon",
        "is_centroid": false,
        "is_tactical": true,
        "local_street_pressure": 2.793,
        "municipality": "CAUCAIA",
        "name": "Primavera",
        "nearby_streets": [
          "PRIMAVERA",
          "RUA VALESCA",
          "RUA ANTÔNIO BRASILEIRO"
        ],
        "nearby_streets_count": 4,
        "node_id": 11,
        "parent_area": "CAUCAIA",
        "parent_risk_level": "moderado",
        "parent_risk_score": 35.9,
        "parent_status": "MODERADO",
        "rank": 11,
        "region": "rmf",
        "risk_score": 41.055,
        "score": 41.055,
        "source_geometry_type": "Polygon"
      },
      "type": "Feature"
    },
    {
      "geometry": {
        "coordinates": [
          [
            [
              -38.667567,
              -3.742208
            ],
            [
              -38.667691,
              -3.742198
            ],
            [
              -38.667441,
              -3.74644
            ],
            [
              -38.666075,
              -3.74648
            ],
            [
              -38.666053,
              -3.74662
            ],
            [
              -38.665141,
              -3.746577
            ],
            [
              -38.665248,
              -3.744844
            ],
            [
              -38.665646,
              -3.744876
            ],
            [
              -38.665817,
              -3.742114
            ],
            [
              -38.667567,
              -3.742208
            ]
          ]
        ],
        "type": "Polygon"
      },
      "properties": {
        "bairro": "PARQUE SOLEDADE",
        "faction": "CV",
        "generated_at": "2026-06-11T08:48:20.151252",
        "geometry_type": "Polygon",
        "is_centroid": false,
        "is_tactical": true,
        "local_street_pressure": 2.71,
        "municipality": "CAUCAIA",
        "name": "Planalto Caucaia",
        "nearby_streets": [
          "PLANALTO CAUCAIA",
          "RUA 107",
          "NOVA CIGANA"
        ],
        "nearby_streets_count": 7,
        "node_id": 12,
        "parent_area": "PARQUE SOLEDADE",
        "parent_risk_level": "moderado",
        "parent_risk_score": 35.9,
        "parent_status": "MODERADO",
        "peak_hours": "Entre 18hs e 23hs",
        "rank": 12,
        "region": "rmf",
        "risk_score": 40.511,
        "score": 40.511,
        "source_geometry_type": "Polygon"
      },
      "type": "Feature"
    },
    {
      "geometry": {
        "coordinates": [
          [
            [
              -38.952839,
              -3.744318
            ],
            [
              -38.954126,
              -3.744275
            ],
            [
              -38.954684,
              -3.745132
            ],
            [
              -38.954641,
              -3.745988
            ],
            [
              -38.955456,
              -3.746202
            ],
            [
              -38.955542,
              -3.748814
            ],
            [
              -38.955156,
              -3.750613
            ],
            [
              -38.954512,
              -3.75147
            ],
            [
              -38.95301,
              -3.751684
            ],
            [
              -38.952581,
              -3.750699
            ],
            [
              -38.951809,
              -3.751384
            ],
            [
              -38.949963,
              -3.751641
            ],
            [
              -38.949963,
              -3.749756
            ],
            [
              -38.947603,
              -3.7492
            ],
            [
              -38.946144,
              -3.749756
            ],
            [
              -38.9458,
              -3.748429
            ],
            [
              -38.94992,
              -3.747487
            ],
            [
              -38.949835,
              -3.746588
            ],
            [
              -38.948762,
              -3.744703
            ],
            [
              -38.94859,
              -3.743033
            ],
            [
              -38.935158,
              -3.741706
            ],
            [
              -38.935672,
              -3.737809
            ],
            [
              -38.946702,
              -3.738879
            ],
            [
              -38.949663,
              -3.739222
            ],
            [
              -38.951079,
              -3.739821
            ],
            [
              -38.951337,
              -3.740592
            ],
            [
              -38.95065,
              -3.740892
            ],
            [
              -38.950564,
              -3.742434
            ],
            [
              -38.949963,
              -3.742691
            ],
            [
              -38.95035,
              -3.744275
            ],
            [
              -38.952023,
              -3.743804
            ],
            [
              -38.952839,
              -3.744318
            ]
          ]
        ],
        "type": "Polygon"
      },
      "properties": {
        "bairro": "CAUCAIA",
        "faction": "CV",
        "generated_at": "2026-06-11T08:48:20.151252",
        "geometry_type": "Polygon",
        "is_centroid": false,
        "is_tactical": true,
        "local_street_pressure": 2.021,
        "municipality": "Caucaia",
        "name": "Sítios Novos- Caucaia",
        "nearby_streets": [
          "SÍTIOS NOVOS- CAUCAIA",
          "RUA BOA ESPERANÇA",
          "ESTRADA PARÁ AGRIVILA"
        ],
        "nearby_streets_count": 4,
        "node_id": 13,
        "parent_area": "CAUCAIA",
        "parent_risk_level": "moderado",
        "parent_risk_score": 35.9,
        "parent_status": "MODERADO",
        "rank": 13,
        "region": "rmf",
        "risk_score": 40.392,
        "score": 40.392,
        "source_geometry_type": "Polygon"
      },
      "type": "Feature"
    },
    {
      "geometry": {
        "coordinates": [
          [
            [
              -38.911258,
              -3.682817
            ],
            [
              -38.911904,
              -3.682892
            ],
            [
              -38.911942,
              -3.683016
            ],
            [
              -38.911994,
              -3.683436
            ],
            [
              -38.913298,
              -3.683359
            ],
            [
              -38.913346,
              -3.68316
            ],
            [
              -38.914242,
              -3.683219
            ],
            [
              -38.914358,
              -3.683368
            ],
            [
              -38.914489,
              -3.683346
            ],
            [
              -38.914876,
              -3.684621
            ],
            [
              -38.915804,
              -3.68433
            ],
            [
              -38.915773,
              -3.683571
            ],
            [
              -38.916778,
              -3.683333
            ],
            [
              -38.917074,
              -3.682971
            ],
            [
              -38.918347,
              -3.682894
            ],
            [
              -38.918706,
              -3.683022
            ],
            [
              -38.918791,
              -3.683489
            ],
            [
              -38.918235,
              -3.683693
            ],
            [
              -38.918313,
              -3.684032
            ],
            [
              -38.918696,
              -3.68438
            ],
            [
              -38.919429,
              -3.685293
            ],
            [
              -38.916804,
              -3.686184
            ],
            [
              -38.915985,
              -3.686687
            ],
            [
              -38.91661,
              -3.687921
            ],
            [
              -38.916442,
              -3.688335
            ],
            [
              -38.916883,
              -3.689505
            ],
            [
              -38.916422,
              -3.689767
            ],
            [
              -38.915745,
              -3.69016
            ],
            [
              -38.915983,
              -3.690792
            ],
            [
              -38.915709,
              -3.690922
            ],
            [
              -38.915438,
              -3.690968
            ],
            [
              -38.915373,
              -3.691061
            ],
            [
              -38.915072,
              -3.691098
            ],
            [
              -38.915023,
              -3.691149
            ],
            [
              -38.914578,
              -3.691171
            ],
            [
              -38.914497,
              -3.691128
            ],
            [
              -38.914422,
              -3.690809
            ],
            [
              -38.913804,
              -3.690799
            ],
            [
              -38.913727,
              -3.690654
            ],
            [
              -38.913091,
              -3.69069
            ],
            [
              -38.913061,
              -3.690772
            ],
            [
              -38.912669,
              -3.690937
            ],
            [
              -38.912476,
              -3.690823
            ],
            [
              -38.912255,
              -3.690869
            ],
            [
              -38.911488,
              -3.688846
            ],
            [
              -38.911276,
              -3.688822
            ],
            [
              -38.910949,
              -3.688552
            ],
            [
              -38.9109,
              -3.688355
            ],
            [
              -38.911441,
              -3.688194
            ],
            [
              -38.91141,
              -3.687394
            ],
            [
              -38.910694,
              -3.687331
            ],
            [
              -38.91069,
              -3.686955
            ],
            [
              -38.910411,
              -3.687007
            ],
            [
              -38.910166,
              -3.686221
            ],
            [
              -38.908706,
              -3.686603
            ],
            [
              -38.908551,
              -3.685757
            ],
            [
              -38.908327,
              -3.685796
            ],
            [
              -38.908057,
              -3.684463
            ],
            [
              -38.908273,
              -3.684413
            ],
            [
              -38.908367,
              -3.684317
            ],
            [
              -38.908664,
              -3.684286
            ],
            [
              -38.908571,
              -3.683424
            ],
            [
              -38.907753,
              -3.683464
            ],
            [
              -38.907707,
              -3.683236
            ],
            [
              -38.907827,
              -3.683162
            ],
            [
              -38.911258,
              -3.682817
            ]
          ]
        ],
        "type": "Polygon"
      },
      "properties": {
        "bairro": "CAUCAIA",
        "faction": "CV",
        "generated_at": "2026-06-11T08:48:20.151252",
        "geometry_type": "Polygon",
        "is_centroid": false,
        "is_tactical": true,
        "local_street_pressure": 2.3,
        "municipality": "CAUCAIA",
        "name": "Tanubapa",
        "nearby_streets": [
          "TANUBAPA",
          "TRAVESSA JEOVÁ",
          "RUA FCO. JEOVÁ DA MOTA"
        ],
        "nearby_streets_count": 3,
        "node_id": 14,
        "parent_area": "CAUCAIA",
        "parent_risk_level": "moderado",
        "parent_risk_score": 35.9,
        "parent_status": "MODERADO",
        "rank": 14,
        "region": "rmf",
        "risk_score": 40.016,
        "score": 40.016,
        "source_geometry_type": "Polygon"
      },
      "type": "Feature"
    },
    {
      "geometry": {
        "coordinates": [
          [
            [
              -38.911258,
              -3.682817
            ],
            [
              -38.911904,
              -3.682892
            ],
            [
              -38.911942,
              -3.683016
            ],
            [
              -38.911994,
              -3.683436
            ],
            [
              -38.913298,
              -3.683359
            ],
            [
              -38.913346,
              -3.68316
            ],
            [
              -38.914242,
              -3.683219
            ],
            [
              -38.914358,
              -3.683368
            ],
            [
              -38.914489,
              -3.683346
            ],
            [
              -38.914876,
              -3.684621
            ],
            [
              -38.915804,
              -3.68433
            ],
            [
              -38.915773,
              -3.683571
            ],
            [
              -38.916778,
              -3.683333
            ],
            [
              -38.917074,
              -3.682971
            ],
            [
              -38.918347,
              -3.682894
            ],
            [
              -38.918706,
              -3.683022
            ],
            [
              -38.918791,
              -3.683489
            ],
            [
              -38.918235,
              -3.683693
            ],
            [
              -38.918313,
              -3.684032
            ],
            [
              -38.918696,
              -3.68438
            ],
            [
              -38.919429,
              -3.685293
            ],
            [
              -38.916804,
              -3.686184
            ],
            [
              -38.915985,
              -3.686687
            ],
            [
              -38.91661,
              -3.687921
            ],
            [
              -38.916442,
              -3.688335
            ],
            [
              -38.916883,
              -3.689505
            ],
            [
              -38.916422,
              -3.689767
            ],
            [
              -38.915745,
              -3.69016
            ],
            [
              -38.915983,
              -3.690792
            ],
            [
              -38.915709,
              -3.690922
            ],
            [
              -38.915438,
              -3.690968
            ],
            [
              -38.915373,
              -3.691061
            ],
            [
              -38.915072,
              -3.691098
            ],
            [
              -38.915023,
              -3.691149
            ],
            [
              -38.914578,
              -3.691171
            ],
            [
              -38.914497,
              -3.691128
            ],
            [
              -38.914422,
              -3.690809
            ],
            [
              -38.913804,
              -3.690799
            ],
            [
              -38.913727,
              -3.690654
            ],
            [
              -38.913091,
              -3.69069
            ],
            [
              -38.913061,
              -3.690772
            ],
            [
              -38.912669,
              -3.690937
            ],
            [
              -38.912476,
              -3.690823
            ],
            [
              -38.912255,
              -3.690869
            ],
            [
              -38.911488,
              -3.688846
            ],
            [
              -38.911276,
              -3.688822
            ],
            [
              -38.910949,
              -3.688552
            ],
            [
              -38.9109,
              -3.688355
            ],
            [
              -38.911441,
              -3.688194
            ],
            [
              -38.91141,
              -3.687394
            ],
            [
              -38.910694,
              -3.687331
            ],
            [
              -38.91069,
              -3.686955
            ],
            [
              -38.910411,
              -3.687007
            ],
            [
              -38.910166,
              -3.686221
            ],
            [
              -38.908706,
              -3.686603
            ],
            [
              -38.908551,
              -3.685757
            ],
            [
              -38.908327,
              -3.685796
            ],
            [
              -38.908057,
              -3.684463
            ],
            [
              -38.908273,
              -3.684413
            ],
            [
              -38.908367,
              -3.684317
            ],
            [
              -38.908664,
              -3.684286
            ],
            [
              -38.908571,
              -3.683424
            ],
            [
              -38.907753,
              -3.683464
            ],
            [
              -38.907707,
              -3.683236
            ],
            [
              -38.907827,
              -3.683162
            ],
            [
              -38.911258,
              -3.682817
            ]
          ]
        ],
        "type": "Polygon"
      },
      "properties": {
        "bairro": "CAUCAIA",
        "faction": "CV",
        "generated_at": "2026-06-11T08:48:20.151252",
        "geometry_type": "Polygon",
        "is_centroid": false,
        "is_tactical": true,
        "local_street_pressure": 2.447,
        "municipality": "Caucaia",
        "name": "Mingau - Caucaia",
        "nearby_streets": [
          "MINGAU - CAUCAIA",
          "RUA MINGUAU",
          "RUA ALTO DAS CAMPINAS"
        ],
        "nearby_streets_count": 4,
        "node_id": 15,
        "parent_area": "CAUCAIA",
        "parent_risk_level": "moderado",
        "parent_risk_score": 35.9,
        "parent_status": "MODERADO",
        "rank": 15,
        "region": "rmf",
        "risk_score": 39.296,
        "score": 39.296,
        "source_geometry_type": "Polygon"
      },
      "type": "Feature"
    },
    {
      "geometry": {
        "coordinates": [
          [
            [
              -38.671995,
              -3.727163
            ],
            [
              -38.671598,
              -3.727655
            ],
            [
              -38.671748,
              -3.727848
            ],
            [
              -38.671555,
              -3.728105
            ],
            [
              -38.671748,
              -3.728276
            ],
            [
              -38.669946,
              -3.729036
            ],
            [
              -38.668765,
              -3.726756
            ],
            [
              -38.670364,
              -3.725439
            ],
            [
              -38.671995,
              -3.727163
            ]
          ]
        ],
        "type": "Polygon"
      },
      "properties": {
        "bairro": "PARQUE SOLEDADE",
        "faction": "CV",
        "generated_at": "2026-06-11T08:48:20.151252",
        "geometry_type": "Polygon",
        "is_centroid": false,
        "is_tactical": true,
        "local_street_pressure": 1.572,
        "municipality": "Caucaia",
        "name": "Japuara- Caucaia",
        "nearby_streets": [
          "AVENIDA RAPOSO TAVARES",
          "JAPUARA- CAUCAIA",
          "RUA MARIA LUIZA SOARES"
        ],
        "nearby_streets_count": 4,
        "node_id": 16,
        "parent_area": "PARQUE SOLEDADE",
        "parent_risk_level": "moderado",
        "parent_risk_score": 35.9,
        "parent_status": "MODERADO",
        "peak_hours": "Entre 18hs e 23hs",
        "rank": 16,
        "region": "rmf",
        "risk_score": 39.013,
        "score": 39.013,
        "source_geometry_type": "Polygon"
      },
      "type": "Feature"
    },
    {
      "geometry": {
        "coordinates": [
          [
            [
              -38.667567,
              -3.742208
            ],
            [
              -38.667691,
              -3.742198
            ],
            [
              -38.667441,
              -3.74644
            ],
            [
              -38.666075,
              -3.74648
            ],
            [
              -38.666053,
              -3.74662
            ],
            [
              -38.665141,
              -3.746577
            ],
            [
              -38.665248,
              -3.744844
            ],
            [
              -38.665646,
              -3.744876
            ],
            [
              -38.665817,
              -3.742114
            ],
            [
              -38.667567,
              -3.742208
            ]
          ]
        ],
        "type": "Polygon"
      },
      "properties": {
        "bairro": "PARQUE SOLEDADE",
        "faction": "CV",
        "generated_at": "2026-06-11T08:48:20.151252",
        "geometry_type": "Polygon",
        "is_centroid": false,
        "is_tactical": true,
        "local_street_pressure": 2.262,
        "municipality": "CAUCAIA",
        "name": "Planalto Caucaia",
        "nearby_streets": [
          "AVENIDA CONTÔRNO NORTE",
          "CONDOMÍNIO PABUSSU",
          "RUA 107"
        ],
        "nearby_streets_count": 6,
        "node_id": 17,
        "parent_area": "PARQUE SOLEDADE",
        "parent_risk_level": "moderado",
        "parent_risk_score": 35.9,
        "parent_status": "MODERADO",
        "peak_hours": "Entre 18hs e 23hs",
        "rank": 17,
        "region": "rmf",
        "risk_score": 38.57,
        "score": 38.57,
        "source_geometry_type": "Polygon"
      },
      "type": "Feature"
    },
    {
      "geometry": {
        "coordinates": [
          [
            [
              -38.911258,
              -3.682817
            ],
            [
              -38.911904,
              -3.682892
            ],
            [
              -38.911942,
              -3.683016
            ],
            [
              -38.911994,
              -3.683436
            ],
            [
              -38.913298,
              -3.683359
            ],
            [
              -38.913346,
              -3.68316
            ],
            [
              -38.914242,
              -3.683219
            ],
            [
              -38.914358,
              -3.683368
            ],
            [
              -38.914489,
              -3.683346
            ],
            [
              -38.914876,
              -3.684621
            ],
            [
              -38.915804,
              -3.68433
            ],
            [
              -38.915773,
              -3.683571
            ],
            [
              -38.916778,
              -3.683333
            ],
            [
              -38.917074,
              -3.682971
            ],
            [
              -38.918347,
              -3.682894
            ],
            [
              -38.918706,
              -3.683022
            ],
            [
              -38.918791,
              -3.683489
            ],
            [
              -38.918235,
              -3.683693
            ],
            [
              -38.918313,
              -3.684032
            ],
            [
              -38.918696,
              -3.68438
            ],
            [
              -38.919429,
              -3.685293
            ],
            [
              -38.916804,
              -3.686184
            ],
            [
              -38.915985,
              -3.686687
            ],
            [
              -38.91661,
              -3.687921
            ],
            [
              -38.916442,
              -3.688335
            ],
            [
              -38.916883,
              -3.689505
            ],
            [
              -38.916422,
              -3.689767
            ],
            [
              -38.915745,
              -3.69016
            ],
            [
              -38.915983,
              -3.690792
            ],
            [
              -38.915709,
              -3.690922
            ],
            [
              -38.915438,
              -3.690968
            ],
            [
              -38.915373,
              -3.691061
            ],
            [
              -38.915072,
              -3.691098
            ],
            [
              -38.915023,
              -3.691149
            ],
            [
              -38.914578,
              -3.691171
            ],
            [
              -38.914497,
              -3.691128
            ],
            [
              -38.914422,
              -3.690809
            ],
            [
              -38.913804,
              -3.690799
            ],
            [
              -38.913727,
              -3.690654
            ],
            [
              -38.913091,
              -3.69069
            ],
            [
              -38.913061,
              -3.690772
            ],
            [
              -38.912669,
              -3.690937
            ],
            [
              -38.912476,
              -3.690823
            ],
            [
              -38.912255,
              -3.690869
            ],
            [
              -38.911488,
              -3.688846
            ],
            [
              -38.911276,
              -3.688822
            ],
            [
              -38.910949,
              -3.688552
            ],
            [
              -38.9109,
              -3.688355
            ],
            [
              -38.911441,
              -3.688194
            ],
            [
              -38.91141,
              -3.687394
            ],
            [
              -38.910694,
              -3.687331
            ],
            [
              -38.91069,
              -3.686955
            ],
            [
              -38.910411,
              -3.687007
            ],
            [
              -38.910166,
              -3.686221
            ],
            [
              -38.908706,
              -3.686603
            ],
            [
              -38.908551,
              -3.685757
            ],
            [
              -38.908327,
              -3.685796
            ],
            [
              -38.908057,
              -3.684463
            ],
            [
              -38.908273,
              -3.684413
            ],
            [
              -38.908367,
              -3.684317
            ],
            [
              -38.908664,
              -3.684286
            ],
            [
              -38.908571,
              -3.683424
            ],
            [
              -38.907753,
              -3.683464
            ],
            [
              -38.907707,
              -3.683236
            ],
            [
              -38.907827,
              -3.683162
            ],
            [
              -38.911258,
              -3.682817
            ]
          ]
        ],
        "type": "Polygon"
      },
      "properties": {
        "bairro": "CAUCAIA",
        "faction": "CV",
        "generated_at": "2026-06-11T08:48:20.151252",
        "geometry_type": "Polygon",
        "is_centroid": false,
        "is_tactical": true,
        "local_street_pressure": 1.964,
        "municipality": "Caucaia",
        "name": "Boqueirão- Caucaia",
        "nearby_streets": [
          "BOQUEIRÃO- CAUCAIA",
          "RUA JOSÉ ROCHA CRISÓSTOMO",
          "RUA MANOEL RODRIGUES DE LIMA"
        ],
        "nearby_streets_count": 3,
        "node_id": 18,
        "parent_area": "CAUCAIA",
        "parent_risk_level": "moderado",
        "parent_risk_score": 35.9,
        "parent_status": "MODERADO",
        "rank": 18,
        "region": "rmf",
        "risk_score": 37.683,
        "score": 37.683,
        "source_geometry_type": "Polygon"
      },
      "type": "Feature"
    },
    {
      "geometry": {
        "coordinates": [
          [
            [
              -38.702733,
              -3.702588
            ],
            [
              -38.700566,
              -3.703872
            ],
            [
              -38.700405,
              -3.703219
            ],
            [
              -38.700212,
              -3.703176
            ],
            [
              -38.699975,
              -3.703037
            ],
            [
              -38.699643,
              -3.703498
            ],
            [
              -38.699729,
              -3.703605
            ],
            [
              -38.6993,
              -3.70429
            ],
            [
              -38.698666,
              -3.704054
            ],
            [
              -38.698473,
              -3.703712
            ],
            [
              -38.698548,
              -3.702791
            ],
            [
              -38.698956,
              -3.702588
            ],
            [
              -38.698645,
              -3.701752
            ],
            [
              -38.6971,
              -3.702106
            ],
            [
              -38.697046,
              -3.701795
            ],
            [
              -38.694922,
              -3.70248
            ],
            [
              -38.694547,
              -3.701217
            ],
            [
              -38.695491,
              -3.701014
            ],
            [
              -38.695748,
              -3.701699
            ],
            [
              -38.697057,
              -3.701453
            ],
            [
              -38.700437,
              -3.700596
            ],
            [
              -38.700576,
              -3.700789
            ],
            [
              -38.701252,
              -3.700468
            ],
            [
              -38.701123,
              -3.700232
            ],
            [
              -38.70166,
              -3.699986
            ],
            [
              -38.702261,
              -3.700243
            ],
            [
              -38.702389,
              -3.701024
            ],
            [
              -38.702604,
              -3.700928
            ],
            [
              -38.702733,
              -3.702588
            ]
          ]
        ],
        "type": "Polygon"
      },
      "properties": {
        "bairro": "PARQUE SOLEDADE",
        "faction": "CV",
        "generated_at": "2026-06-11T08:48:20.151252",
        "geometry_type": "Polygon",
        "is_centroid": false,
        "is_tactical": true,
        "local_street_pressure": 1.993,
        "municipality": "Caucaia",
        "name": "Cipó - Caucaia",
        "nearby_streets": [
          "CIPÓ - CAUCAIA",
          "AVENIDA AMARO RODRIGUES DOS SANTOS",
          "RUA JOSÉ ALVES BEZERRA"
        ],
        "nearby_streets_count": 4,
        "node_id": 19,
        "parent_area": "PARQUE SOLEDADE",
        "parent_risk_level": "moderado",
        "parent_risk_score": 35.9,
        "parent_status": "MODERADO",
        "peak_hours": "Entre 18hs e 23hs",
        "rank": 19,
        "region": "rmf",
        "risk_score": 37.637,
        "score": 37.637,
        "source_geometry_type": "Polygon"
      },
      "type": "Feature"
    },
    {
      "geometry": {
        "coordinates": [
          [
            [
              -38.666065,
              -3.828733
            ],
            [
              -38.662009,
              -3.829525
            ],
            [
              -38.660078,
              -3.829568
            ],
            [
              -38.660014,
              -3.82914
            ],
            [
              -38.658168,
              -3.829654
            ],
            [
              -38.658018,
              -3.829589
            ],
            [
              -38.658104,
              -3.829054
            ],
            [
              -38.657846,
              -3.828155
            ],
            [
              -38.657439,
              -3.827962
            ],
            [
              -38.656859,
              -3.828005
            ],
            [
              -38.656258,
              -3.82732
            ],
            [
              -38.655636,
              -3.826442
            ],
            [
              -38.65598,
              -3.826271
            ],
            [
              -38.656452,
              -3.827149
            ],
            [
              -38.657331,
              -3.826571
            ],
            [
              -38.657052,
              -3.825757
            ],
            [
              -38.658404,
              -3.825307
            ],
            [
              -38.658576,
              -3.8255
            ],
            [
              -38.659928,
              -3.824644
            ],
            [
              -38.659842,
              -3.82398
            ],
            [
              -38.660078,
              -3.823809
            ],
            [
              -38.660142,
              -3.822289
            ],
            [
              -38.660142,
              -3.822053
            ],
            [
              -38.660335,
              -3.821839
            ],
            [
              -38.660421,
              -3.821561
            ],
            [
              -38.660357,
              -3.820255
            ],
            [
              -38.659627,
              -3.820169
            ],
            [
              -38.659542,
              -3.820918
            ],
            [
              -38.658469,
              -3.821154
            ],
            [
              -38.658361,
              -3.820362
            ],
            [
              -38.658941,
              -3.820233
            ],
            [
              -38.658812,
              -3.819313
            ],
            [
              -38.658318,
              -3.818692
            ],
            [
              -38.658318,
              -3.817621
            ],
            [
              -38.658898,
              -3.81745
            ],
            [
              -38.658876,
              -3.81593
            ],
            [
              -38.660035,
              -3.815887
            ],
            [
              -38.659992,
              -3.814924
            ],
            [
              -38.660764,
              -3.814859
            ],
            [
              -38.660764,
              -3.815844
            ],
            [
              -38.661408,
              -3.815801
            ],
            [
              -38.66334,
              -3.81578
            ],
            [
              -38.665978,
              -3.815581
            ],
            [
              -38.666251,
              -3.815487
            ],
            [
              -38.666205,
              -3.813757
            ],
            [
              -38.665256,
              -3.81351
            ],
            [
              -38.662623,
              -3.81168
            ],
            [
              -38.66231,
              -3.810513
            ],
            [
              -38.669841,
              -3.809892
            ],
            [
              -38.67027,
              -3.813682
            ],
            [
              -38.671343,
              -3.813639
            ],
            [
              -38.671397,
              -3.815576
            ],
            [
              -38.671493,
              -3.817643
            ],
            [
              -38.670989,
              -3.817514
            ],
            [
              -38.670785,
              -3.817546
            ],
            [
              -38.670335,
              -3.8176
            ],
            [
              -38.669562,
              -3.817846
            ],
            [
              -38.668747,
              -3.81836
            ],
            [
              -38.668178,
              -3.818585
            ],
            [
              -38.666858,
              -3.818542
            ],
            [
              -38.666226,
              -3.818681
            ],
            [
              -38.665689,
              -3.819077
            ],
            [
              -38.665292,
              -3.819698
            ],
            [
              -38.665131,
              -3.819966
            ],
            [
              -38.665614,
              -3.820062
            ],
            [
              -38.665507,
              -3.820276
            ],
            [
              -38.665271,
              -3.820212
            ],
            [
              -38.665153,
              -3.820629
            ],
            [
              -38.665153,
              -3.820993
            ],
            [
              -38.665153,
              -3.821346
            ],
            [
              -38.664831,
              -3.821689
            ],
            [
              -38.664927,
              -3.821935
            ],
            [
              -38.665099,
              -3.821828
            ],
            [
              -38.66512,
              -3.822107
            ],
            [
              -38.665099,
              -3.82262
            ],
            [
              -38.665292,
              -3.82262
            ],
            [
              -38.665389,
              -3.823959
            ],
            [
              -38.666011,
              -3.823766
            ],
            [
              -38.666108,
              -3.824162
            ],
            [
              -38.665496,
              -3.824317
            ],
            [
              -38.664965,
              -3.824365
            ],
            [
              -38.664836,
              -3.824542
            ],
            [
              -38.664713,
              -3.824729
            ],
            [
              -38.664595,
              -3.825093
            ],
            [
              -38.664745,
              -3.825778
            ],
            [
              -38.665185,
              -3.8258
            ],
            [
              -38.665571,
              -3.825532
            ],
            [
              -38.665925,
              -3.825404
            ],
            [
              -38.665872,
              -3.826324
            ],
            [
              -38.666408,
              -3.826378
            ],
            [
              -38.667105,
              -3.826292
            ],
            [
              -38.667084,
              -3.826549
            ],
            [
              -38.66644,
              -3.826613
            ],
            [
              -38.665635,
              -3.826485
            ],
            [
              -38.665786,
              -3.826924
            ],
            [
              -38.666043,
              -3.826881
            ],
            [
              -38.666075,
              -3.827106
            ],
            [
              -38.666333,
              -3.82717
            ],
            [
              -38.66674,
              -3.827063
            ],
            [
              -38.666226,
              -3.827523
            ],
            [
              -38.665614,
              -3.827652
            ],
            [
              -38.665764,
              -3.828337
            ],
            [
              -38.665914,
              -3.828455
            ],
            [
              -38.666054,
              -3.828444
            ],
            [
              -38.666065,
              -3.828733
            ]
          ]
        ],
        "type": "Polygon"
      },
      "properties": {
        "bairro": "URUCUTUBA",
        "faction": "CV",
        "generated_at": "2026-06-11T08:48:20.151252",
        "geometry_type": "Polygon",
        "is_centroid": false,
        "is_tactical": true,
        "local_street_pressure": 0.964,
        "municipality": "Caucaia",
        "name": "Taquara - Caucaia",
        "nearby_streets": [
          "RODOVIA RAIMUNDO PESSOA DE ARAÚJO",
          "TAQUARA - CAUCAIA"
        ],
        "nearby_streets_count": 2,
        "node_id": 20,
        "parent_area": "URUCUTUBA",
        "parent_risk_level": "moderado",
        "parent_risk_score": 35.9,
        "parent_status": "MODERADO",
        "peak_hours": "Entre 17hs e 22hs",
        "rank": 20,
        "region": "rmf",
        "risk_score": 37.057,
        "score": 37.057,
        "source_geometry_type": "Polygon"
      },
      "type": "Feature"
    },
    {
      "geometry": {
        "coordinates": [
          [
            [
              -38.911258,
              -3.682817
            ],
            [
              -38.911904,
              -3.682892
            ],
            [
              -38.911942,
              -3.683016
            ],
            [
              -38.911994,
              -3.683436
            ],
            [
              -38.913298,
              -3.683359
            ],
            [
              -38.913346,
              -3.68316
            ],
            [
              -38.914242,
              -3.683219
            ],
            [
              -38.914358,
              -3.683368
            ],
            [
              -38.914489,
              -3.683346
            ],
            [
              -38.914876,
              -3.684621
            ],
            [
              -38.915804,
              -3.68433
            ],
            [
              -38.915773,
              -3.683571
            ],
            [
              -38.916778,
              -3.683333
            ],
            [
              -38.917074,
              -3.682971
            ],
            [
              -38.918347,
              -3.682894
            ],
            [
              -38.918706,
              -3.683022
            ],
            [
              -38.918791,
              -3.683489
            ],
            [
              -38.918235,
              -3.683693
            ],
            [
              -38.918313,
              -3.684032
            ],
            [
              -38.918696,
              -3.68438
            ],
            [
              -38.919429,
              -3.685293
            ],
            [
              -38.916804,
              -3.686184
            ],
            [
              -38.915985,
              -3.686687
            ],
            [
              -38.91661,
              -3.687921
            ],
            [
              -38.916442,
              -3.688335
            ],
            [
              -38.916883,
              -3.689505
            ],
            [
              -38.916422,
              -3.689767
            ],
            [
              -38.915745,
              -3.69016
            ],
            [
              -38.915983,
              -3.690792
            ],
            [
              -38.915709,
              -3.690922
            ],
            [
              -38.915438,
              -3.690968
            ],
            [
              -38.915373,
              -3.691061
            ],
            [
              -38.915072,
              -3.691098
            ],
            [
              -38.915023,
              -3.691149
            ],
            [
              -38.914578,
              -3.691171
            ],
            [
              -38.914497,
              -3.691128
            ],
            [
              -38.914422,
              -3.690809
            ],
            [
              -38.913804,
              -3.690799
            ],
            [
              -38.913727,
              -3.690654
            ],
            [
              -38.913091,
              -3.69069
            ],
            [
              -38.913061,
              -3.690772
            ],
            [
              -38.912669,
              -3.690937
            ],
            [
              -38.912476,
              -3.690823
            ],
            [
              -38.912255,
              -3.690869
            ],
            [
              -38.911488,
              -3.688846
            ],
            [
              -38.911276,
              -3.688822
            ],
            [
              -38.910949,
              -3.688552
            ],
            [
              -38.9109,
              -3.688355
            ],
            [
              -38.911441,
              -3.688194
            ],
            [
              -38.91141,
              -3.687394
            ],
            [
              -38.910694,
              -3.687331
            ],
            [
              -38.91069,
              -3.686955
            ],
            [
              -38.910411,
              -3.687007
            ],
            [
              -38.910166,
              -3.686221
            ],
            [
              -38.908706,
              -3.686603
            ],
            [
              -38.908551,
              -3.685757
            ],
            [
              -38.908327,
              -3.685796
            ],
            [
              -38.908057,
              -3.684463
            ],
            [
              -38.908273,
              -3.684413
            ],
            [
              -38.908367,
              -3.684317
            ],
            [
              -38.908664,
              -3.684286
            ],
            [
              -38.908571,
              -3.683424
            ],
            [
              -38.907753,
              -3.683464
            ],
            [
              -38.907707,
              -3.683236
            ],
            [
              -38.907827,
              -3.683162
            ],
            [
              -38.911258,
              -3.682817
            ]
          ]
        ],
        "type": "Polygon"
      },
      "properties": {
        "bairro": "CAUCAIA",
        "faction": "CV",
        "generated_at": "2026-06-11T08:48:20.151252",
        "geometry_type": "Polygon",
        "is_centroid": false,
        "is_tactical": true,
        "local_street_pressure": 1.9,
        "municipality": "CAUCAIA",
        "name": "Alto da Raposa",
        "nearby_streets": [
          "ALTO DA RAPOSA",
          "RUA CAMARÁ 2",
          "CAMARÁ"
        ],
        "nearby_streets_count": 3,
        "node_id": 21,
        "parent_area": "CAUCAIA",
        "parent_risk_level": "moderado",
        "parent_risk_score": 35.9,
        "parent_status": "MODERADO",
        "rank": 21,
        "region": "rmf",
        "risk_score": 36.904,
        "score": 36.904,
        "source_geometry_type": "Polygon"
      },
      "type": "Feature"
    },
    {
      "geometry": {
        "coordinates": [
          [
            [
              -38.666709,
              -3.718275
            ],
            [
              -38.669212,
              -3.717559
            ],
            [
              -38.669659,
              -3.719158
            ],
            [
              -38.667111,
              -3.719886
            ],
            [
              -38.666709,
              -3.718275
            ]
          ]
        ],
        "type": "Polygon"
      },
      "properties": {
        "bairro": "PARQUE SOLEDADE",
        "faction": "CV",
        "generated_at": "2026-06-11T08:48:20.151252",
        "geometry_type": "Polygon",
        "is_centroid": false,
        "is_tactical": true,
        "local_street_pressure": 1.789,
        "municipality": "Caucaia",
        "name": "Campo do Urubu - Caucaia",
        "nearby_streets": [
          "CAMPO DO URUBU - CAUCAIA",
          "ITAPOA",
          "RUA JOAO DE SALES FILHO"
        ],
        "nearby_streets_count": 4,
        "node_id": 22,
        "parent_area": "PARQUE SOLEDADE",
        "parent_risk_level": "moderado",
        "parent_risk_score": 35.9,
        "parent_status": "MODERADO",
        "peak_hours": "Entre 18hs e 23hs",
        "rank": 22,
        "region": "rmf",
        "risk_score": 36.526,
        "score": 36.526,
        "source_geometry_type": "Polygon"
      },
      "type": "Feature"
    },
    {
      "geometry": {
        "coordinates": [
          [
            [
              -38.704467,
              -3.690333
            ],
            [
              -38.708866,
              -3.690344
            ],
            [
              -38.709606,
              -3.690472
            ],
            [
              -38.706623,
              -3.693995
            ],
            [
              -38.706237,
              -3.693652
            ],
            [
              -38.705325,
              -3.694733
            ],
            [
              -38.704585,
              -3.694155
            ],
            [
              -38.704639,
              -3.694851
            ],
            [
              -38.704252,
              -3.694819
            ],
            [
              -38.70422,
              -3.693856
            ],
            [
              -38.703727,
              -3.692774
            ],
            [
              -38.704188,
              -3.692624
            ],
            [
              -38.704499,
              -3.692635
            ],
            [
              -38.704467,
              -3.690333
            ]
          ]
        ],
        "type": "Polygon"
      },
      "properties": {
        "bairro": "PARQUE SOLEDADE",
        "faction": "CV",
        "generated_at": "2026-06-11T08:48:20.151252",
        "geometry_type": "Polygon",
        "is_centroid": false,
        "is_tactical": true,
        "local_street_pressure": 1.715,
        "municipality": "Caucaia",
        "name": "Alto do Garrote - Caucaia",
        "nearby_streets": [
          "RUA JOAQUIM GADELHA",
          "ALTO DO GARROTE - CAUCAIA",
          "RUA ZEZITO PONTES"
        ],
        "nearby_streets_count": 3,
        "node_id": 23,
        "parent_area": "PARQUE SOLEDADE",
        "parent_risk_level": "moderado",
        "parent_risk_score": 35.9,
        "parent_status": "MODERADO",
        "peak_hours": "Entre 18hs e 23hs",
        "rank": 23,
        "region": "rmf",
        "risk_score": 36.521,
        "score": 36.521,
        "source_geometry_type": "Polygon"
      },
      "type": "Feature"
    },
    {
      "geometry": {
        "coordinates": [
          [
            [
              -38.911258,
              -3.682817
            ],
            [
              -38.911904,
              -3.682892
            ],
            [
              -38.911942,
              -3.683016
            ],
            [
              -38.911994,
              -3.683436
            ],
            [
              -38.913298,
              -3.683359
            ],
            [
              -38.913346,
              -3.68316
            ],
            [
              -38.914242,
              -3.683219
            ],
            [
              -38.914358,
              -3.683368
            ],
            [
              -38.914489,
              -3.683346
            ],
            [
              -38.914876,
              -3.684621
            ],
            [
              -38.915804,
              -3.68433
            ],
            [
              -38.915773,
              -3.683571
            ],
            [
              -38.916778,
              -3.683333
            ],
            [
              -38.917074,
              -3.682971
            ],
            [
              -38.918347,
              -3.682894
            ],
            [
              -38.918706,
              -3.683022
            ],
            [
              -38.918791,
              -3.683489
            ],
            [
              -38.918235,
              -3.683693
            ],
            [
              -38.918313,
              -3.684032
            ],
            [
              -38.918696,
              -3.68438
            ],
            [
              -38.919429,
              -3.685293
            ],
            [
              -38.916804,
              -3.686184
            ],
            [
              -38.915985,
              -3.686687
            ],
            [
              -38.91661,
              -3.687921
            ],
            [
              -38.916442,
              -3.688335
            ],
            [
              -38.916883,
              -3.689505
            ],
            [
              -38.916422,
              -3.689767
            ],
            [
              -38.915745,
              -3.69016
            ],
            [
              -38.915983,
              -3.690792
            ],
            [
              -38.915709,
              -3.690922
            ],
            [
              -38.915438,
              -3.690968
            ],
            [
              -38.915373,
              -3.691061
            ],
            [
              -38.915072,
              -3.691098
            ],
            [
              -38.915023,
              -3.691149
            ],
            [
              -38.914578,
              -3.691171
            ],
            [
              -38.914497,
              -3.691128
            ],
            [
              -38.914422,
              -3.690809
            ],
            [
              -38.913804,
              -3.690799
            ],
            [
              -38.913727,
              -3.690654
            ],
            [
              -38.913091,
              -3.69069
            ],
            [
              -38.913061,
              -3.690772
            ],
            [
              -38.912669,
              -3.690937
            ],
            [
              -38.912476,
              -3.690823
            ],
            [
              -38.912255,
              -3.690869
            ],
            [
              -38.911488,
              -3.688846
            ],
            [
              -38.911276,
              -3.688822
            ],
            [
              -38.910949,
              -3.688552
            ],
            [
              -38.9109,
              -3.688355
            ],
            [
              -38.911441,
              -3.688194
            ],
            [
              -38.91141,
              -3.687394
            ],
            [
              -38.910694,
              -3.687331
            ],
            [
              -38.91069,
              -3.686955
            ],
            [
              -38.910411,
              -3.687007
            ],
            [
              -38.910166,
              -3.686221
            ],
            [
              -38.908706,
              -3.686603
            ],
            [
              -38.908551,
              -3.685757
            ],
            [
              -38.908327,
              -3.685796
            ],
            [
              -38.908057,
              -3.684463
            ],
            [
              -38.908273,
              -3.684413
            ],
            [
              -38.908367,
              -3.684317
            ],
            [
              -38.908664,
              -3.684286
            ],
            [
              -38.908571,
              -3.683424
            ],
            [
              -38.907753,
              -3.683464
            ],
            [
              -38.907707,
              -3.683236
            ],
            [
              -38.907827,
              -3.683162
            ],
            [
              -38.911258,
              -3.682817
            ]
          ]
        ],
        "type": "Polygon"
      },
      "properties": {
        "bairro": "CAUCAIA",
        "faction": "CV",
        "generated_at": "2026-06-11T08:48:20.151252",
        "geometry_type": "Polygon",
        "is_centroid": false,
        "is_tactical": true,
        "local_street_pressure": 1.683,
        "municipality": "CAUCAIA",
        "name": "JARANDRAGOEIRA",
        "nearby_streets": [
          "JARANDRAGOEIRA",
          "POVOADO JARANDRAGOEIRA"
        ],
        "nearby_streets_count": 2,
        "node_id": 24,
        "parent_area": "CAUCAIA",
        "parent_risk_level": "moderado",
        "parent_risk_score": 35.9,
        "parent_status": "MODERADO",
        "rank": 24,
        "region": "rmf",
        "risk_score": 36.435,
        "score": 36.435,
        "source_geometry_type": "Polygon"
      },
      "type": "Feature"
    },
    {
      "geometry": {
        "coordinates": [
          [
            [
              -38.651476,
              -3.719344
            ],
            [
              -38.651846,
              -3.719301
            ],
            [
              -38.652892,
              -3.719012
            ],
            [
              -38.653214,
              -3.719986
            ],
            [
              -38.652991,
              -3.719986
            ],
            [
              -38.65249,
              -3.720136
            ],
            [
              -38.651438,
              -3.72042
            ],
            [
              -38.651476,
              -3.719344
            ]
          ]
        ],
        "type": "Polygon"
      },
      "properties": {
        "bairro": "PARQUE SOLEDADE",
        "faction": "CV",
        "generated_at": "2026-06-11T08:48:20.151252",
        "geometry_type": "Polygon",
        "is_centroid": false,
        "is_tactical": true,
        "local_street_pressure": 1.548,
        "municipality": "Caucaia",
        "name": "Comunidade Madureira - Caucaia",
        "nearby_streets": [
          "COMUNIDADE MADUREIRA - CAUCAIA",
          "PADRE ROMUALDO",
          "RUA ITAMBE"
        ],
        "nearby_streets_count": 3,
        "node_id": 25,
        "parent_area": "PARQUE SOLEDADE",
        "parent_risk_level": "moderado",
        "parent_risk_score": 35.9,
        "parent_status": "MODERADO",
        "peak_hours": "Entre 18hs e 23hs",
        "rank": 25,
        "region": "rmf",
        "risk_score": 35.47,
        "score": 35.47,
        "source_geometry_type": "Polygon"
      },
      "type": "Feature"
    },
    {
      "geometry": {
        "coordinates": [
          [
            [
              -38.496916,
              -3.872245
            ],
            [
              -38.497048,
              -3.872503
            ],
            [
              -38.497294,
              -3.872463
            ],
            [
              -38.497494,
              -3.872599
            ],
            [
              -38.49808,
              -3.872891
            ],
            [
              -38.498241,
              -3.872912
            ],
            [
              -38.498301,
              -3.873096
            ],
            [
              -38.49856,
              -3.873094
            ],
            [
              -38.498916,
              -3.873289
            ],
            [
              -38.49947,
              -3.875169
            ],
            [
              -38.497868,
              -3.87543
            ],
            [
              -38.498075,
              -3.87621
            ],
            [
              -38.49726,
              -3.876308
            ],
            [
              -38.497173,
              -3.875918
            ],
            [
              -38.496618,
              -3.87596
            ],
            [
              -38.496506,
              -3.875587
            ],
            [
              -38.496071,
              -3.875698
            ],
            [
              -38.496092,
              -3.875965
            ],
            [
              -38.496026,
              -3.876079
            ],
            [
              -38.494462,
              -3.876318
            ],
            [
              -38.494465,
              -3.876564
            ],
            [
              -38.494268,
              -3.876724
            ],
            [
              -38.493158,
              -3.87694
            ],
            [
              -38.493119,
              -3.876507
            ],
            [
              -38.492946,
              -3.876507
            ],
            [
              -38.492896,
              -3.876273
            ],
            [
              -38.492734,
              -3.876213
            ],
            [
              -38.492667,
              -3.875838
            ],
            [
              -38.492797,
              -3.875761
            ],
            [
              -38.49273,
              -3.875358
            ],
            [
              -38.493732,
              -3.875217
            ],
            [
              -38.495715,
              -3.875009
            ],
            [
              -38.495727,
              -3.874915
            ],
            [
              -38.495116,
              -3.872804
            ],
            [
              -38.496285,
              -3.872536
            ],
            [
              -38.496293,
              -3.87229
            ],
            [
              -38.496916,
              -3.872245
            ]
          ]
        ],
        "type": "Polygon"
      },
      "properties": {
        "bairro": "ANCURI",
        "faction": "CV",
        "generated_at": "2026-06-11T08:48:20.151252",
        "geometry_type": "Polygon",
        "is_centroid": false,
        "is_tactical": true,
        "local_street_pressure": 1.953,
        "municipality": "Ancuri",
        "name": "S2",
        "nearby_streets": [
          "S2",
          "COMUNIDADE CRISTO REDENTOR",
          "COMUNIDADE DA PAZ"
        ],
        "nearby_streets_count": 6,
        "node_id": 26,
        "parent_area": "ANCURI",
        "parent_risk_level": "moderado",
        "parent_risk_score": 32.6,
        "parent_status": "MODERADO",
        "peak_hours": "Entre 18hs e 23hs",
        "rank": 26,
        "region": "rmf",
        "risk_score": 35.122,
        "score": 35.122,
        "source_geometry_type": "Polygon"
      },
      "type": "Feature"
    },
    {
      "geometry": {
        "coordinates": [
          [
            [
              -38.911258,
              -3.682817
            ],
            [
              -38.911904,
              -3.682892
            ],
            [
              -38.911942,
              -3.683016
            ],
            [
              -38.911994,
              -3.683436
            ],
            [
              -38.913298,
              -3.683359
            ],
            [
              -38.913346,
              -3.68316
            ],
            [
              -38.914242,
              -3.683219
            ],
            [
              -38.914358,
              -3.683368
            ],
            [
              -38.914489,
              -3.683346
            ],
            [
              -38.914876,
              -3.684621
            ],
            [
              -38.915804,
              -3.68433
            ],
            [
              -38.915773,
              -3.683571
            ],
            [
              -38.916778,
              -3.683333
            ],
            [
              -38.917074,
              -3.682971
            ],
            [
              -38.918347,
              -3.682894
            ],
            [
              -38.918706,
              -3.683022
            ],
            [
              -38.918791,
              -3.683489
            ],
            [
              -38.918235,
              -3.683693
            ],
            [
              -38.918313,
              -3.684032
            ],
            [
              -38.918696,
              -3.68438
            ],
            [
              -38.919429,
              -3.685293
            ],
            [
              -38.916804,
              -3.686184
            ],
            [
              -38.915985,
              -3.686687
            ],
            [
              -38.91661,
              -3.687921
            ],
            [
              -38.916442,
              -3.688335
            ],
            [
              -38.916883,
              -3.689505
            ],
            [
              -38.916422,
              -3.689767
            ],
            [
              -38.915745,
              -3.69016
            ],
            [
              -38.915983,
              -3.690792
            ],
            [
              -38.915709,
              -3.690922
            ],
            [
              -38.915438,
              -3.690968
            ],
            [
              -38.915373,
              -3.691061
            ],
            [
              -38.915072,
              -3.691098
            ],
            [
              -38.915023,
              -3.691149
            ],
            [
              -38.914578,
              -3.691171
            ],
            [
              -38.914497,
              -3.691128
            ],
            [
              -38.914422,
              -3.690809
            ],
            [
              -38.913804,
              -3.690799
            ],
            [
              -38.913727,
              -3.690654
            ],
            [
              -38.913091,
              -3.69069
            ],
            [
              -38.913061,
              -3.690772
            ],
            [
              -38.912669,
              -3.690937
            ],
            [
              -38.912476,
              -3.690823
            ],
            [
              -38.912255,
              -3.690869
            ],
            [
              -38.911488,
              -3.688846
            ],
            [
              -38.911276,
              -3.688822
            ],
            [
              -38.910949,
              -3.688552
            ],
            [
              -38.9109,
              -3.688355
            ],
            [
              -38.911441,
              -3.688194
            ],
            [
              -38.91141,
              -3.687394
            ],
            [
              -38.910694,
              -3.687331
            ],
            [
              -38.91069,
              -3.686955
            ],
            [
              -38.910411,
              -3.687007
            ],
            [
              -38.910166,
              -3.686221
            ],
            [
              -38.908706,
              -3.686603
            ],
            [
              -38.908551,
              -3.685757
            ],
            [
              -38.908327,
              -3.685796
            ],
            [
              -38.908057,
              -3.684463
            ],
            [
              -38.908273,
              -3.684413
            ],
            [
              -38.908367,
              -3.684317
            ],
            [
              -38.908664,
              -3.684286
            ],
            [
              -38.908571,
              -3.683424
            ],
            [
              -38.907753,
              -3.683464
            ],
            [
              -38.907707,
              -3.683236
            ],
            [
              -38.907827,
              -3.683162
            ],
            [
              -38.911258,
              -3.682817
            ]
          ]
        ],
        "type": "Polygon"
      },
      "properties": {
        "bairro": "CAUCAIA",
        "faction": "CV",
        "generated_at": "2026-06-11T08:48:20.151252",
        "geometry_type": "Polygon",
        "is_centroid": false,
        "is_tactical": true,
        "local_street_pressure": 1.211,
        "municipality": "CAUCAIA",
        "name": "Mingau ll",
        "nearby_streets": [
          "MINGAU LL",
          "MINGAU - CAUCAIA"
        ],
        "nearby_streets_count": 2,
        "node_id": 27,
        "parent_area": "CAUCAIA",
        "parent_risk_level": "moderado",
        "parent_risk_score": 35.9,
        "parent_status": "MODERADO",
        "rank": 27,
        "region": "rmf",
        "risk_score": 34.651,
        "score": 34.651,
        "source_geometry_type": "Polygon"
      },
      "type": "Feature"
    },
    {
      "geometry": {
        "coordinates": [
          [
            [
              -38.660547,
              -3.683736
            ],
            [
              -38.66074,
              -3.68516
            ],
            [
              -38.658465,
              -3.685524
            ],
            [
              -38.658497,
              -3.685728
            ],
            [
              -38.657661,
              -3.685867
            ],
            [
              -38.657489,
              -3.684304
            ],
            [
              -38.660547,
              -3.683736
            ]
          ]
        ],
        "type": "Polygon"
      },
      "properties": {
        "bairro": "IPARANA",
        "faction": "CV",
        "generated_at": "2026-06-11T08:48:20.151252",
        "geometry_type": "Polygon",
        "is_centroid": false,
        "is_tactical": true,
        "local_street_pressure": 1.314,
        "municipality": "Caucaia",
        "name": "Parque Veraneio - Caucaia",
        "nearby_streets": [
          "PARQUE VERANEIO - CAUCAIA",
          "CONDOMÍNIO SÃO PAULO E SÃO PEDRO"
        ],
        "nearby_streets_count": 2,
        "node_id": 28,
        "parent_area": "IPARANA",
        "parent_risk_level": "moderado",
        "parent_risk_score": 35.9,
        "parent_status": "MODERADO",
        "peak_hours": "Entre 15hs e 20hs",
        "rank": 28,
        "region": "rmf",
        "risk_score": 34.604,
        "score": 34.604,
        "source_geometry_type": "Polygon"
      },
      "type": "Feature"
    },
    {
      "geometry": {
        "coordinates": [
          [
            [
              -38.911258,
              -3.682817
            ],
            [
              -38.911904,
              -3.682892
            ],
            [
              -38.911942,
              -3.683016
            ],
            [
              -38.911994,
              -3.683436
            ],
            [
              -38.913298,
              -3.683359
            ],
            [
              -38.913346,
              -3.68316
            ],
            [
              -38.914242,
              -3.683219
            ],
            [
              -38.914358,
              -3.683368
            ],
            [
              -38.914489,
              -3.683346
            ],
            [
              -38.914876,
              -3.684621
            ],
            [
              -38.915804,
              -3.68433
            ],
            [
              -38.915773,
              -3.683571
            ],
            [
              -38.916778,
              -3.683333
            ],
            [
              -38.917074,
              -3.682971
            ],
            [
              -38.918347,
              -3.682894
            ],
            [
              -38.918706,
              -3.683022
            ],
            [
              -38.918791,
              -3.683489
            ],
            [
              -38.918235,
              -3.683693
            ],
            [
              -38.918313,
              -3.684032
            ],
            [
              -38.918696,
              -3.68438
            ],
            [
              -38.919429,
              -3.685293
            ],
            [
              -38.916804,
              -3.686184
            ],
            [
              -38.915985,
              -3.686687
            ],
            [
              -38.91661,
              -3.687921
            ],
            [
              -38.916442,
              -3.688335
            ],
            [
              -38.916883,
              -3.689505
            ],
            [
              -38.916422,
              -3.689767
            ],
            [
              -38.915745,
              -3.69016
            ],
            [
              -38.915983,
              -3.690792
            ],
            [
              -38.915709,
              -3.690922
            ],
            [
              -38.915438,
              -3.690968
            ],
            [
              -38.915373,
              -3.691061
            ],
            [
              -38.915072,
              -3.691098
            ],
            [
              -38.915023,
              -3.691149
            ],
            [
              -38.914578,
              -3.691171
            ],
            [
              -38.914497,
              -3.691128
            ],
            [
              -38.914422,
              -3.690809
            ],
            [
              -38.913804,
              -3.690799
            ],
            [
              -38.913727,
              -3.690654
            ],
            [
              -38.913091,
              -3.69069
            ],
            [
              -38.913061,
              -3.690772
            ],
            [
              -38.912669,
              -3.690937
            ],
            [
              -38.912476,
              -3.690823
            ],
            [
              -38.912255,
              -3.690869
            ],
            [
              -38.911488,
              -3.688846
            ],
            [
              -38.911276,
              -3.688822
            ],
            [
              -38.910949,
              -3.688552
            ],
            [
              -38.9109,
              -3.688355
            ],
            [
              -38.911441,
              -3.688194
            ],
            [
              -38.91141,
              -3.687394
            ],
            [
              -38.910694,
              -3.687331
            ],
            [
              -38.91069,
              -3.686955
            ],
            [
              -38.910411,
              -3.687007
            ],
            [
              -38.910166,
              -3.686221
            ],
            [
              -38.908706,
              -3.686603
            ],
            [
              -38.908551,
              -3.685757
            ],
            [
              -38.908327,
              -3.685796
            ],
            [
              -38.908057,
              -3.684463
            ],
            [
              -38.908273,
              -3.684413
            ],
            [
              -38.908367,
              -3.684317
            ],
            [
              -38.908664,
              -3.684286
            ],
            [
              -38.908571,
              -3.683424
            ],
            [
              -38.907753,
              -3.683464
            ],
            [
              -38.907707,
              -3.683236
            ],
            [
              -38.907827,
              -3.683162
            ],
            [
              -38.911258,
              -3.682817
            ]
          ]
        ],
        "type": "Polygon"
      },
      "properties": {
        "bairro": "CAUCAIA",
        "faction": "CV",
        "generated_at": "2026-06-11T08:48:20.151252",
        "geometry_type": "Polygon",
        "is_centroid": false,
        "is_tactical": true,
        "local_street_pressure": 1.161,
        "municipality": "Caucaia",
        "name": "Santa Rosa- Caucaia",
        "nearby_streets": [
          "SANTA ROSA- CAUCAIA"
        ],
        "nearby_streets_count": 1,
        "node_id": 29,
        "parent_area": "CAUCAIA",
        "parent_risk_level": "moderado",
        "parent_risk_score": 35.9,
        "parent_status": "MODERADO",
        "rank": 29,
        "region": "rmf",
        "risk_score": 34.538,
        "score": 34.538,
        "source_geometry_type": "Polygon"
      },
      "type": "Feature"
    },
    {
      "geometry": {
        "coordinates": [
          [
            [
              -38.911258,
              -3.682817
            ],
            [
              -38.911904,
              -3.682892
            ],
            [
              -38.911942,
              -3.683016
            ],
            [
              -38.911994,
              -3.683436
            ],
            [
              -38.913298,
              -3.683359
            ],
            [
              -38.913346,
              -3.68316
            ],
            [
              -38.914242,
              -3.683219
            ],
            [
              -38.914358,
              -3.683368
            ],
            [
              -38.914489,
              -3.683346
            ],
            [
              -38.914876,
              -3.684621
            ],
            [
              -38.915804,
              -3.68433
            ],
            [
              -38.915773,
              -3.683571
            ],
            [
              -38.916778,
              -3.683333
            ],
            [
              -38.917074,
              -3.682971
            ],
            [
              -38.918347,
              -3.682894
            ],
            [
              -38.918706,
              -3.683022
            ],
            [
              -38.918791,
              -3.683489
            ],
            [
              -38.918235,
              -3.683693
            ],
            [
              -38.918313,
              -3.684032
            ],
            [
              -38.918696,
              -3.68438
            ],
            [
              -38.919429,
              -3.685293
            ],
            [
              -38.916804,
              -3.686184
            ],
            [
              -38.915985,
              -3.686687
            ],
            [
              -38.91661,
              -3.687921
            ],
            [
              -38.916442,
              -3.688335
            ],
            [
              -38.916883,
              -3.689505
            ],
            [
              -38.916422,
              -3.689767
            ],
            [
              -38.915745,
              -3.69016
            ],
            [
              -38.915983,
              -3.690792
            ],
            [
              -38.915709,
              -3.690922
            ],
            [
              -38.915438,
              -3.690968
            ],
            [
              -38.915373,
              -3.691061
            ],
            [
              -38.915072,
              -3.691098
            ],
            [
              -38.915023,
              -3.691149
            ],
            [
              -38.914578,
              -3.691171
            ],
            [
              -38.914497,
              -3.691128
            ],
            [
              -38.914422,
              -3.690809
            ],
            [
              -38.913804,
              -3.690799
            ],
            [
              -38.913727,
              -3.690654
            ],
            [
              -38.913091,
              -3.69069
            ],
            [
              -38.913061,
              -3.690772
            ],
            [
              -38.912669,
              -3.690937
            ],
            [
              -38.912476,
              -3.690823
            ],
            [
              -38.912255,
              -3.690869
            ],
            [
              -38.911488,
              -3.688846
            ],
            [
              -38.911276,
              -3.688822
            ],
            [
              -38.910949,
              -3.688552
            ],
            [
              -38.9109,
              -3.688355
            ],
            [
              -38.911441,
              -3.688194
            ],
            [
              -38.91141,
              -3.687394
            ],
            [
              -38.910694,
              -3.687331
            ],
            [
              -38.91069,
              -3.686955
            ],
            [
              -38.910411,
              -3.687007
            ],
            [
              -38.910166,
              -3.686221
            ],
            [
              -38.908706,
              -3.686603
            ],
            [
              -38.908551,
              -3.685757
            ],
            [
              -38.908327,
              -3.685796
            ],
            [
              -38.908057,
              -3.684463
            ],
            [
              -38.908273,
              -3.684413
            ],
            [
              -38.908367,
              -3.684317
            ],
            [
              -38.908664,
              -3.684286
            ],
            [
              -38.908571,
              -3.683424
            ],
            [
              -38.907753,
              -3.683464
            ],
            [
              -38.907707,
              -3.683236
            ],
            [
              -38.907827,
              -3.683162
            ],
            [
              -38.911258,
              -3.682817
            ]
          ]
        ],
        "type": "Polygon"
      },
      "properties": {
        "bairro": "CAUCAIA",
        "faction": "CV",
        "generated_at": "2026-06-11T08:48:20.151252",
        "geometry_type": "Polygon",
        "is_centroid": false,
        "is_tactical": true,
        "local_street_pressure": 0.825,
        "municipality": "CAUCAIA",
        "name": "Camará",
        "nearby_streets": [
          "CAMARÁ",
          "ALTO DA RAPOSA"
        ],
        "nearby_streets_count": 2,
        "node_id": 30,
        "parent_area": "CAUCAIA",
        "parent_risk_level": "moderado",
        "parent_risk_score": 35.9,
        "parent_status": "MODERADO",
        "rank": 30,
        "region": "rmf",
        "risk_score": 34.482,
        "score": 34.482,
        "source_geometry_type": "Polygon"
      },
      "type": "Feature"
    },
    {
      "geometry": {
        "coordinates": [
          [
            [
              -38.646695,
              -3.75842
            ],
            [
              -38.65256,
              -3.761416
            ],
            [
              -38.652701,
              -3.7689
            ],
            [
              -38.651941,
              -3.770391
            ],
            [
              -38.652263,
              -3.771809
            ],
            [
              -38.651192,
              -3.771325
            ],
            [
              -38.650842,
              -3.771376
            ],
            [
              -38.646804,
              -3.769732
            ],
            [
              -38.645811,
              -3.773518
            ],
            [
              -38.645349,
              -3.773346
            ],
            [
              -38.645162,
              -3.769721
            ],
            [
              -38.645216,
              -3.769475
            ],
            [
              -38.645924,
              -3.769625
            ],
            [
              -38.64645,
              -3.768329
            ],
            [
              -38.645334,
              -3.768008
            ],
            [
              -38.645162,
              -3.768479
            ],
            [
              -38.644991,
              -3.768394
            ],
            [
              -38.64455,
              -3.761405
            ],
            [
              -38.644646,
              -3.760914
            ],
            [
              -38.645075,
              -3.760037
            ],
            [
              -38.646695,
              -3.75842
            ]
          ]
        ],
        "type": "Polygon"
      },
      "properties": {
        "bairro": "URUCUTUBA",
        "faction": "CV",
        "generated_at": "2026-06-11T08:48:20.151252",
        "geometry_type": "Polygon",
        "is_centroid": false,
        "is_tactical": true,
        "local_street_pressure": 0.707,
        "municipality": "Caucaia",
        "name": "Arianópolis - Caucaia",
        "nearby_streets": [
          "ARIANÓPOLIS - CAUCAIA",
          "COMUNIDADE DA VACARIA - ARATURI"
        ],
        "nearby_streets_count": 2,
        "node_id": 31,
        "parent_area": "URUCUTUBA",
        "parent_risk_level": "moderado",
        "parent_risk_score": 35.9,
        "parent_status": "MODERADO",
        "peak_hours": "Entre 17hs e 22hs",
        "rank": 31,
        "region": "rmf",
        "risk_score": 34.438,
        "score": 34.438,
        "source_geometry_type": "Polygon"
      },
      "type": "Feature"
    },
    {
      "geometry": {
        "coordinates": [
          [
            [
              -38.873416,
              -3.744766
            ],
            [
              -38.874174,
              -3.744616
            ],
            [
              -38.874721,
              -3.744652
            ],
            [
              -38.875198,
              -3.746671
            ],
            [
              -38.875948,
              -3.747207
            ],
            [
              -38.87685,
              -3.747571
            ],
            [
              -38.877901,
              -3.748085
            ],
            [
              -38.877429,
              -3.748406
            ],
            [
              -38.876249,
              -3.747785
            ],
            [
              -38.87567,
              -3.748042
            ],
            [
              -38.876163,
              -3.748813
            ],
            [
              -38.876185,
              -3.749284
            ],
            [
              -38.875906,
              -3.749305
            ],
            [
              -38.874468,
              -3.746329
            ],
            [
              -38.874318,
              -3.745215
            ],
            [
              -38.87361,
              -3.745451
            ],
            [
              -38.873416,
              -3.744766
            ]
          ]
        ],
        "type": "Polygon"
      },
      "properties": {
        "bairro": "CAUCAIA",
        "faction": "CV",
        "generated_at": "2026-06-11T08:48:20.151252",
        "geometry_type": "Polygon",
        "is_centroid": false,
        "is_tactical": true,
        "local_street_pressure": 1.226,
        "municipality": "Caucaia",
        "name": "Boqueirão - Caucaia",
        "nearby_streets": [
          "BOQUEIRÃO - CAUCAIA"
        ],
        "nearby_streets_count": 1,
        "node_id": 32,
        "parent_area": "CAUCAIA",
        "parent_risk_level": "moderado",
        "parent_risk_score": 35.9,
        "parent_status": "MODERADO",
        "rank": 32,
        "region": "rmf",
        "risk_score": 34.239,
        "score": 34.239,
        "source_geometry_type": "Polygon"
      },
      "type": "Feature"
    },
    {
      "geometry": {
        "coordinates": [
          [
            [
              -38.911258,
              -3.682817
            ],
            [
              -38.911904,
              -3.682892
            ],
            [
              -38.911942,
              -3.683016
            ],
            [
              -38.911994,
              -3.683436
            ],
            [
              -38.913298,
              -3.683359
            ],
            [
              -38.913346,
              -3.68316
            ],
            [
              -38.914242,
              -3.683219
            ],
            [
              -38.914358,
              -3.683368
            ],
            [
              -38.914489,
              -3.683346
            ],
            [
              -38.914876,
              -3.684621
            ],
            [
              -38.915804,
              -3.68433
            ],
            [
              -38.915773,
              -3.683571
            ],
            [
              -38.916778,
              -3.683333
            ],
            [
              -38.917074,
              -3.682971
            ],
            [
              -38.918347,
              -3.682894
            ],
            [
              -38.918706,
              -3.683022
            ],
            [
              -38.918791,
              -3.683489
            ],
            [
              -38.918235,
              -3.683693
            ],
            [
              -38.918313,
              -3.684032
            ],
            [
              -38.918696,
              -3.68438
            ],
            [
              -38.919429,
              -3.685293
            ],
            [
              -38.916804,
              -3.686184
            ],
            [
              -38.915985,
              -3.686687
            ],
            [
              -38.91661,
              -3.687921
            ],
            [
              -38.916442,
              -3.688335
            ],
            [
              -38.916883,
              -3.689505
            ],
            [
              -38.916422,
              -3.689767
            ],
            [
              -38.915745,
              -3.69016
            ],
            [
              -38.915983,
              -3.690792
            ],
            [
              -38.915709,
              -3.690922
            ],
            [
              -38.915438,
              -3.690968
            ],
            [
              -38.915373,
              -3.691061
            ],
            [
              -38.915072,
              -3.691098
            ],
            [
              -38.915023,
              -3.691149
            ],
            [
              -38.914578,
              -3.691171
            ],
            [
              -38.914497,
              -3.691128
            ],
            [
              -38.914422,
              -3.690809
            ],
            [
              -38.913804,
              -3.690799
            ],
            [
              -38.913727,
              -3.690654
            ],
            [
              -38.913091,
              -3.69069
            ],
            [
              -38.913061,
              -3.690772
            ],
            [
              -38.912669,
              -3.690937
            ],
            [
              -38.912476,
              -3.690823
            ],
            [
              -38.912255,
              -3.690869
            ],
            [
              -38.911488,
              -3.688846
            ],
            [
              -38.911276,
              -3.688822
            ],
            [
              -38.910949,
              -3.688552
            ],
            [
              -38.9109,
              -3.688355
            ],
            [
              -38.911441,
              -3.688194
            ],
            [
              -38.91141,
              -3.687394
            ],
            [
              -38.910694,
              -3.687331
            ],
            [
              -38.91069,
              -3.686955
            ],
            [
              -38.910411,
              -3.687007
            ],
            [
              -38.910166,
              -3.686221
            ],
            [
              -38.908706,
              -3.686603
            ],
            [
              -38.908551,
              -3.685757
            ],
            [
              -38.908327,
              -3.685796
            ],
            [
              -38.908057,
              -3.684463
            ],
            [
              -38.908273,
              -3.684413
            ],
            [
              -38.908367,
              -3.684317
            ],
            [
              -38.908664,
              -3.684286
            ],
            [
              -38.908571,
              -3.683424
            ],
            [
              -38.907753,
              -3.683464
            ],
            [
              -38.907707,
              -3.683236
            ],
            [
              -38.907827,
              -3.683162
            ],
            [
              -38.911258,
              -3.682817
            ]
          ]
        ],
        "type": "Polygon"
      },
      "properties": {
        "bairro": "CAUCAIA",
        "faction": "CV",
        "generated_at": "2026-06-11T08:48:20.151252",
        "geometry_type": "Polygon",
        "is_centroid": false,
        "is_tactical": true,
        "local_street_pressure": 0.488,
        "municipality": "Caucaia",
        "name": "Mangabeira- Caucaia",
        "nearby_streets": [
          "MANGABEIRA- CAUCAIA"
        ],
        "nearby_streets_count": 1,
        "node_id": 33,
        "parent_area": "CAUCAIA",
        "parent_risk_level": "moderado",
        "parent_risk_score": 35.9,
        "parent_status": "MODERADO",
        "rank": 33,
        "region": "rmf",
        "risk_score": 33.902,
        "score": 33.902,
        "source_geometry_type": "Polygon"
      },
      "type": "Feature"
    },
    {
      "geometry": {
        "coordinates": [
          [
            [
              -38.911258,
              -3.682817
            ],
            [
              -38.911904,
              -3.682892
            ],
            [
              -38.911942,
              -3.683016
            ],
            [
              -38.911994,
              -3.683436
            ],
            [
              -38.913298,
              -3.683359
            ],
            [
              -38.913346,
              -3.68316
            ],
            [
              -38.914242,
              -3.683219
            ],
            [
              -38.914358,
              -3.683368
            ],
            [
              -38.914489,
              -3.683346
            ],
            [
              -38.914876,
              -3.684621
            ],
            [
              -38.915804,
              -3.68433
            ],
            [
              -38.915773,
              -3.683571
            ],
            [
              -38.916778,
              -3.683333
            ],
            [
              -38.917074,
              -3.682971
            ],
            [
              -38.918347,
              -3.682894
            ],
            [
              -38.918706,
              -3.683022
            ],
            [
              -38.918791,
              -3.683489
            ],
            [
              -38.918235,
              -3.683693
            ],
            [
              -38.918313,
              -3.684032
            ],
            [
              -38.918696,
              -3.68438
            ],
            [
              -38.919429,
              -3.685293
            ],
            [
              -38.916804,
              -3.686184
            ],
            [
              -38.915985,
              -3.686687
            ],
            [
              -38.91661,
              -3.687921
            ],
            [
              -38.916442,
              -3.688335
            ],
            [
              -38.916883,
              -3.689505
            ],
            [
              -38.916422,
              -3.689767
            ],
            [
              -38.915745,
              -3.69016
            ],
            [
              -38.915983,
              -3.690792
            ],
            [
              -38.915709,
              -3.690922
            ],
            [
              -38.915438,
              -3.690968
            ],
            [
              -38.915373,
              -3.691061
            ],
            [
              -38.915072,
              -3.691098
            ],
            [
              -38.915023,
              -3.691149
            ],
            [
              -38.914578,
              -3.691171
            ],
            [
              -38.914497,
              -3.691128
            ],
            [
              -38.914422,
              -3.690809
            ],
            [
              -38.913804,
              -3.690799
            ],
            [
              -38.913727,
              -3.690654
            ],
            [
              -38.913091,
              -3.69069
            ],
            [
              -38.913061,
              -3.690772
            ],
            [
              -38.912669,
              -3.690937
            ],
            [
              -38.912476,
              -3.690823
            ],
            [
              -38.912255,
              -3.690869
            ],
            [
              -38.911488,
              -3.688846
            ],
            [
              -38.911276,
              -3.688822
            ],
            [
              -38.910949,
              -3.688552
            ],
            [
              -38.9109,
              -3.688355
            ],
            [
              -38.911441,
              -3.688194
            ],
            [
              -38.91141,
              -3.687394
            ],
            [
              -38.910694,
              -3.687331
            ],
            [
              -38.91069,
              -3.686955
            ],
            [
              -38.910411,
              -3.687007
            ],
            [
              -38.910166,
              -3.686221
            ],
            [
              -38.908706,
              -3.686603
            ],
            [
              -38.908551,
              -3.685757
            ],
            [
              -38.908327,
              -3.685796
            ],
            [
              -38.908057,
              -3.684463
            ],
            [
              -38.908273,
              -3.684413
            ],
            [
              -38.908367,
              -3.684317
            ],
            [
              -38.908664,
              -3.684286
            ],
            [
              -38.908571,
              -3.683424
            ],
            [
              -38.907753,
              -3.683464
            ],
            [
              -38.907707,
              -3.683236
            ],
            [
              -38.907827,
              -3.683162
            ],
            [
              -38.911258,
              -3.682817
            ]
          ]
        ],
        "type": "Polygon"
      },
      "properties": {
        "bairro": "CAUCAIA",
        "faction": "CV",
        "generated_at": "2026-06-11T08:48:20.151252",
        "geometry_type": "Polygon",
        "is_centroid": false,
        "is_tactical": true,
        "local_street_pressure": 0.984,
        "municipality": "CAUCAIA",
        "name": "Tucunduba",
        "nearby_streets": [
          "TUCUNDUBA"
        ],
        "nearby_streets_count": 1,
        "node_id": 34,
        "parent_area": "CAUCAIA",
        "parent_risk_level": "moderado",
        "parent_risk_score": 35.9,
        "parent_status": "MODERADO",
        "rank": 34,
        "region": "rmf",
        "risk_score": 33.471,
        "score": 33.471,
        "source_geometry_type": "Polygon"
      },
      "type": "Feature"
    },
    {
      "geometry": {
        "coordinates": [
          [
            [
              -38.911258,
              -3.682817
            ],
            [
              -38.911904,
              -3.682892
            ],
            [
              -38.911942,
              -3.683016
            ],
            [
              -38.911994,
              -3.683436
            ],
            [
              -38.913298,
              -3.683359
            ],
            [
              -38.913346,
              -3.68316
            ],
            [
              -38.914242,
              -3.683219
            ],
            [
              -38.914358,
              -3.683368
            ],
            [
              -38.914489,
              -3.683346
            ],
            [
              -38.914876,
              -3.684621
            ],
            [
              -38.915804,
              -3.68433
            ],
            [
              -38.915773,
              -3.683571
            ],
            [
              -38.916778,
              -3.683333
            ],
            [
              -38.917074,
              -3.682971
            ],
            [
              -38.918347,
              -3.682894
            ],
            [
              -38.918706,
              -3.683022
            ],
            [
              -38.918791,
              -3.683489
            ],
            [
              -38.918235,
              -3.683693
            ],
            [
              -38.918313,
              -3.684032
            ],
            [
              -38.918696,
              -3.68438
            ],
            [
              -38.919429,
              -3.685293
            ],
            [
              -38.916804,
              -3.686184
            ],
            [
              -38.915985,
              -3.686687
            ],
            [
              -38.91661,
              -3.687921
            ],
            [
              -38.916442,
              -3.688335
            ],
            [
              -38.916883,
              -3.689505
            ],
            [
              -38.916422,
              -3.689767
            ],
            [
              -38.915745,
              -3.69016
            ],
            [
              -38.915983,
              -3.690792
            ],
            [
              -38.915709,
              -3.690922
            ],
            [
              -38.915438,
              -3.690968
            ],
            [
              -38.915373,
              -3.691061
            ],
            [
              -38.915072,
              -3.691098
            ],
            [
              -38.915023,
              -3.691149
            ],
            [
              -38.914578,
              -3.691171
            ],
            [
              -38.914497,
              -3.691128
            ],
            [
              -38.914422,
              -3.690809
            ],
            [
              -38.913804,
              -3.690799
            ],
            [
              -38.913727,
              -3.690654
            ],
            [
              -38.913091,
              -3.69069
            ],
            [
              -38.913061,
              -3.690772
            ],
            [
              -38.912669,
              -3.690937
            ],
            [
              -38.912476,
              -3.690823
            ],
            [
              -38.912255,
              -3.690869
            ],
            [
              -38.911488,
              -3.688846
            ],
            [
              -38.911276,
              -3.688822
            ],
            [
              -38.910949,
              -3.688552
            ],
            [
              -38.9109,
              -3.688355
            ],
            [
              -38.911441,
              -3.688194
            ],
            [
              -38.91141,
              -3.687394
            ],
            [
              -38.910694,
              -3.687331
            ],
            [
              -38.91069,
              -3.686955
            ],
            [
              -38.910411,
              -3.687007
            ],
            [
              -38.910166,
              -3.686221
            ],
            [
              -38.908706,
              -3.686603
            ],
            [
              -38.908551,
              -3.685757
            ],
            [
              -38.908327,
              -3.685796
            ],
            [
              -38.908057,
              -3.684463
            ],
            [
              -38.908273,
              -3.684413
            ],
            [
              -38.908367,
              -3.684317
            ],
            [
              -38.908664,
              -3.684286
            ],
            [
              -38.908571,
              -3.683424
            ],
            [
              -38.907753,
              -3.683464
            ],
            [
              -38.907707,
              -3.683236
            ],
            [
              -38.907827,
              -3.683162
            ],
            [
              -38.911258,
              -3.682817
            ]
          ]
        ],
        "type": "Polygon"
      },
      "properties": {
        "bairro": "CAUCAIA",
        "faction": "CV",
        "generated_at": "2026-06-11T08:48:20.151252",
        "geometry_type": "Polygon",
        "is_centroid": false,
        "is_tactical": true,
        "local_street_pressure": 0.766,
        "municipality": "CAUCAIA",
        "name": "Língua da Cobra",
        "nearby_streets": [
          "LÍNGUA DA COBRA"
        ],
        "nearby_streets_count": 1,
        "node_id": 35,
        "parent_area": "CAUCAIA",
        "parent_risk_level": "moderado",
        "parent_risk_score": 35.9,
        "parent_status": "MODERADO",
        "rank": 35,
        "region": "rmf",
        "risk_score": 32.684,
        "score": 32.684,
        "source_geometry_type": "Polygon"
      },
      "type": "Feature"
    },
    {
      "geometry": {
        "coordinates": [
          [
            [
              -38.911258,
              -3.682817
            ],
            [
              -38.911904,
              -3.682892
            ],
            [
              -38.911942,
              -3.683016
            ],
            [
              -38.911994,
              -3.683436
            ],
            [
              -38.913298,
              -3.683359
            ],
            [
              -38.913346,
              -3.68316
            ],
            [
              -38.914242,
              -3.683219
            ],
            [
              -38.914358,
              -3.683368
            ],
            [
              -38.914489,
              -3.683346
            ],
            [
              -38.914876,
              -3.684621
            ],
            [
              -38.915804,
              -3.68433
            ],
            [
              -38.915773,
              -3.683571
            ],
            [
              -38.916778,
              -3.683333
            ],
            [
              -38.917074,
              -3.682971
            ],
            [
              -38.918347,
              -3.682894
            ],
            [
              -38.918706,
              -3.683022
            ],
            [
              -38.918791,
              -3.683489
            ],
            [
              -38.918235,
              -3.683693
            ],
            [
              -38.918313,
              -3.684032
            ],
            [
              -38.918696,
              -3.68438
            ],
            [
              -38.919429,
              -3.685293
            ],
            [
              -38.916804,
              -3.686184
            ],
            [
              -38.915985,
              -3.686687
            ],
            [
              -38.91661,
              -3.687921
            ],
            [
              -38.916442,
              -3.688335
            ],
            [
              -38.916883,
              -3.689505
            ],
            [
              -38.916422,
              -3.689767
            ],
            [
              -38.915745,
              -3.69016
            ],
            [
              -38.915983,
              -3.690792
            ],
            [
              -38.915709,
              -3.690922
            ],
            [
              -38.915438,
              -3.690968
            ],
            [
              -38.915373,
              -3.691061
            ],
            [
              -38.915072,
              -3.691098
            ],
            [
              -38.915023,
              -3.691149
            ],
            [
              -38.914578,
              -3.691171
            ],
            [
              -38.914497,
              -3.691128
            ],
            [
              -38.914422,
              -3.690809
            ],
            [
              -38.913804,
              -3.690799
            ],
            [
              -38.913727,
              -3.690654
            ],
            [
              -38.913091,
              -3.69069
            ],
            [
              -38.913061,
              -3.690772
            ],
            [
              -38.912669,
              -3.690937
            ],
            [
              -38.912476,
              -3.690823
            ],
            [
              -38.912255,
              -3.690869
            ],
            [
              -38.911488,
              -3.688846
            ],
            [
              -38.911276,
              -3.688822
            ],
            [
              -38.910949,
              -3.688552
            ],
            [
              -38.9109,
              -3.688355
            ],
            [
              -38.911441,
              -3.688194
            ],
            [
              -38.91141,
              -3.687394
            ],
            [
              -38.910694,
              -3.687331
            ],
            [
              -38.91069,
              -3.686955
            ],
            [
              -38.910411,
              -3.687007
            ],
            [
              -38.910166,
              -3.686221
            ],
            [
              -38.908706,
              -3.686603
            ],
            [
              -38.908551,
              -3.685757
            ],
            [
              -38.908327,
              -3.685796
            ],
            [
              -38.908057,
              -3.684463
            ],
            [
              -38.908273,
              -3.684413
            ],
            [
              -38.908367,
              -3.684317
            ],
            [
              -38.908664,
              -3.684286
            ],
            [
              -38.908571,
              -3.683424
            ],
            [
              -38.907753,
              -3.683464
            ],
            [
              -38.907707,
              -3.683236
            ],
            [
              -38.907827,
              -3.683162
            ],
            [
              -38.911258,
              -3.682817
            ]
          ]
        ],
        "type": "Polygon"
      },
      "properties": {
        "bairro": "CAUCAIA",
        "faction": "CV",
        "generated_at": "2026-06-11T08:48:20.151252",
        "geometry_type": "Polygon",
        "is_centroid": false,
        "is_tactical": true,
        "local_street_pressure": 0.554,
        "municipality": "CAUCAIA",
        "name": "Distrito de Bolso",
        "nearby_streets": [
          "DISTRITO DE BOLSO"
        ],
        "nearby_streets_count": 1,
        "node_id": 36,
        "parent_area": "CAUCAIA",
        "parent_risk_level": "moderado",
        "parent_risk_score": 35.9,
        "parent_status": "MODERADO",
        "rank": 36,
        "region": "rmf",
        "risk_score": 32.595,
        "score": 32.595,
        "source_geometry_type": "Polygon"
      },
      "type": "Feature"
    },
    {
      "geometry": {
        "coordinates": [
          [
            [
              -38.686292,
              -3.778683
            ],
            [
              -38.687752,
              -3.779775
            ],
            [
              -38.687451,
              -3.780204
            ],
            [
              -38.687666,
              -3.78046
            ],
            [
              -38.687387,
              -3.780867
            ],
            [
              -38.688395,
              -3.781852
            ],
            [
              -38.688631,
              -3.78258
            ],
            [
              -38.689704,
              -3.78318
            ],
            [
              -38.689447,
              -3.783501
            ],
            [
              -38.690112,
              -3.784122
            ],
            [
              -38.689833,
              -3.784293
            ],
            [
              -38.68891,
              -3.783865
            ],
            [
              -38.688524,
              -3.784207
            ],
            [
              -38.689232,
              -3.784614
            ],
            [
              -38.68803,
              -3.785535
            ],
            [
              -38.687601,
              -3.785513
            ],
            [
              -38.686141,
              -3.786909
            ],
            [
              -38.685626,
              -3.786459
            ],
            [
              -38.687708,
              -3.784789
            ],
            [
              -38.686377,
              -3.78314
            ],
            [
              -38.68597,
              -3.783719
            ],
            [
              -38.685605,
              -3.783312
            ],
            [
              -38.684661,
              -3.783911
            ],
            [
              -38.683952,
              -3.782969
            ],
            [
              -38.682815,
              -3.783911
            ],
            [
              -38.682,
              -3.782862
            ],
            [
              -38.683523,
              -3.781663
            ],
            [
              -38.683158,
              -3.781149
            ],
            [
              -38.686292,
              -3.778683
            ]
          ]
        ],
        "type": "Polygon"
      },
      "properties": {
        "bairro": "URUCUTUBA",
        "faction": "CV",
        "generated_at": "2026-06-11T08:48:20.151252",
        "geometry_type": "Polygon",
        "is_centroid": false,
        "is_tactical": true,
        "local_street_pressure": 0.625,
        "municipality": "Caucaia",
        "name": "Carrapicho- Caucaia",
        "nearby_streets": [
          "CARRAPICHO- CAUCAIA"
        ],
        "nearby_streets_count": 1,
        "node_id": 37,
        "parent_area": "URUCUTUBA",
        "parent_risk_level": "moderado",
        "parent_risk_score": 35.9,
        "parent_status": "MODERADO",
        "peak_hours": "Entre 17hs e 22hs",
        "rank": 37,
        "region": "rmf",
        "risk_score": 32.391,
        "score": 32.391,
        "source_geometry_type": "Polygon"
      },
      "type": "Feature"
    },
    {
      "geometry": {
        "coordinates": [
          [
            [
              -38.683189,
              -3.77683
            ],
            [
              -38.668404,
              -3.788691
            ],
            [
              -38.66761,
              -3.787385
            ],
            [
              -38.667224,
              -3.787706
            ],
            [
              -38.666709,
              -3.786679
            ],
            [
              -38.667052,
              -3.786679
            ],
            [
              -38.668426,
              -3.785565
            ],
            [
              -38.66819,
              -3.785073
            ],
            [
              -38.669649,
              -3.78396
            ],
            [
              -38.669155,
              -3.783018
            ],
            [
              -38.671923,
              -3.780577
            ],
            [
              -38.67283,
              -3.781479
            ],
            [
              -38.676671,
              -3.778439
            ],
            [
              -38.676274,
              -3.777807
            ],
            [
              -38.67755,
              -3.777561
            ],
            [
              -38.677904,
              -3.778048
            ],
            [
              -38.678156,
              -3.777882
            ],
            [
              -38.678382,
              -3.77815
            ],
            [
              -38.678124,
              -3.778343
            ],
            [
              -38.678392,
              -3.778701
            ],
            [
              -38.678859,
              -3.778396
            ],
            [
              -38.678693,
              -3.778128
            ],
            [
              -38.678908,
              -3.778048
            ],
            [
              -38.678859,
              -3.777882
            ],
            [
              -38.678956,
              -3.777829
            ],
            [
              -38.67909,
              -3.778064
            ],
            [
              -38.679331,
              -3.777914
            ],
            [
              -38.67924,
              -3.777652
            ],
            [
              -38.679455,
              -3.77754
            ],
            [
              -38.67931,
              -3.776988
            ],
            [
              -38.679364,
              -3.776919
            ],
            [
              -38.679133,
              -3.776753
            ],
            [
              -38.679251,
              -3.776587
            ],
            [
              -38.678929,
              -3.776357
            ],
            [
              -38.678757,
              -3.776378
            ],
            [
              -38.678505,
              -3.775522
            ],
            [
              -38.678473,
              -3.775088
            ],
            [
              -38.678564,
              -3.775067
            ],
            [
              -38.678564,
              -3.774917
            ],
            [
              -38.678811,
              -3.774933
            ],
            [
              -38.678891,
              -3.774799
            ],
            [
              -38.680785,
              -3.775752
            ],
            [
              -38.680876,
              -3.77588
            ],
            [
              -38.681654,
              -3.776239
            ],
            [
              -38.682335,
              -3.776566
            ],
            [
              -38.682872,
              -3.776828
            ],
            [
              -38.682931,
              -3.776699
            ],
            [
              -38.683189,
              -3.77683
            ]
          ]
        ],
        "type": "Polygon"
      },
      "properties": {
        "bairro": "URUCUTUBA",
        "faction": "CV",
        "generated_at": "2026-06-11T08:48:20.151252",
        "geometry_type": "Polygon",
        "is_centroid": false,
        "is_tactical": true,
        "local_street_pressure": 0.308,
        "municipality": "Caucaia",
        "name": "Toco- Caucaia",
        "nearby_streets": [
          "TOCO- CAUCAIA"
        ],
        "nearby_streets_count": 1,
        "node_id": 38,
        "parent_area": "URUCUTUBA",
        "parent_risk_level": "moderado",
        "parent_risk_score": 35.9,
        "parent_status": "MODERADO",
        "peak_hours": "Entre 17hs e 22hs",
        "rank": 38,
        "region": "rmf",
        "risk_score": 31.982,
        "score": 31.982,
        "source_geometry_type": "Polygon"
      },
      "type": "Feature"
    },
    {
      "geometry": {
        "coordinates": [
          [
            [
              -38.52824,
              -3.87177
            ],
            [
              -38.528435,
              -3.872162
            ],
            [
              -38.528293,
              -3.872276
            ],
            [
              -38.528484,
              -3.87261
            ],
            [
              -38.528466,
              -3.872687
            ],
            [
              -38.528555,
              -3.872817
            ],
            [
              -38.528836,
              -3.872671
            ],
            [
              -38.529386,
              -3.873796
            ],
            [
              -38.530274,
              -3.875455
            ],
            [
              -38.529755,
              -3.875871
            ],
            [
              -38.530227,
              -3.877285
            ],
            [
              -38.53195,
              -3.875745
            ],
            [
              -38.532239,
              -3.875467
            ],
            [
              -38.53235,
              -3.875582
            ],
            [
              -38.532289,
              -3.875654
            ],
            [
              -38.532354,
              -3.875741
            ],
            [
              -38.531895,
              -3.87616
            ],
            [
              -38.532387,
              -3.876864
            ],
            [
              -38.533145,
              -3.876281
            ],
            [
              -38.533262,
              -3.876269
            ],
            [
              -38.533515,
              -3.876776
            ],
            [
              -38.533406,
              -3.876869
            ],
            [
              -38.533596,
              -3.877202
            ],
            [
              -38.533886,
              -3.87755
            ],
            [
              -38.533998,
              -3.877494
            ],
            [
              -38.534148,
              -3.877696
            ],
            [
              -38.534355,
              -3.877502
            ],
            [
              -38.534537,
              -3.878246
            ],
            [
              -38.533562,
              -3.879119
            ],
            [
              -38.53363,
              -3.879228
            ],
            [
              -38.533349,
              -3.879458
            ],
            [
              -38.53365,
              -3.879884
            ],
            [
              -38.533136,
              -3.880273
            ],
            [
              -38.53421,
              -3.88092
            ],
            [
              -38.534723,
              -3.880509
            ],
            [
              -38.534819,
              -3.88061
            ],
            [
              -38.534789,
              -3.880727
            ],
            [
              -38.534876,
              -3.880829
            ],
            [
              -38.534622,
              -3.881141
            ],
            [
              -38.53533,
              -3.88159
            ],
            [
              -38.535701,
              -3.882046
            ],
            [
              -38.535901,
              -3.882132
            ],
            [
              -38.536773,
              -3.883269
            ],
            [
              -38.536286,
              -3.883691
            ],
            [
              -38.536132,
              -3.883541
            ],
            [
              -38.536048,
              -3.883639
            ],
            [
              -38.535789,
              -3.883458
            ],
            [
              -38.535459,
              -3.883742
            ],
            [
              -38.53519,
              -3.883802
            ],
            [
              -38.53546,
              -3.88404
            ],
            [
              -38.535064,
              -3.884393
            ],
            [
              -38.535576,
              -3.884876
            ],
            [
              -38.535323,
              -3.885133
            ],
            [
              -38.534556,
              -3.884376
            ],
            [
              -38.533074,
              -3.8832
            ],
            [
              -38.532884,
              -3.88308
            ],
            [
              -38.532311,
              -3.883616
            ],
            [
              -38.532566,
              -3.883922
            ],
            [
              -38.532148,
              -3.884334
            ],
            [
              -38.531942,
              -3.884532
            ],
            [
              -38.531631,
              -3.884259
            ],
            [
              -38.530474,
              -3.885174
            ],
            [
              -38.533291,
              -3.888637
            ],
            [
              -38.533717,
              -3.889127
            ],
            [
              -38.533481,
              -3.889335
            ],
            [
              -38.533312,
              -3.889117
            ],
            [
              -38.532385,
              -3.889913
            ],
            [
              -38.532621,
              -3.890152
            ],
            [
              -38.531478,
              -3.891036
            ],
            [
              -38.531208,
              -3.890768
            ],
            [
              -38.528414,
              -3.887357
            ],
            [
              -38.526585,
              -3.888908
            ],
            [
              -38.525771,
              -3.887876
            ],
            [
              -38.525775,
              -3.886709
            ],
            [
              -38.525366,
              -3.8862
            ],
            [
              -38.527099,
              -3.884555
            ],
            [
              -38.526273,
              -3.883526
            ],
            [
              -38.529053,
              -3.881046
            ],
            [
              -38.528879,
              -3.880867
            ],
            [
              -38.529087,
              -3.880584
            ],
            [
              -38.528454,
              -3.879961
            ],
            [
              -38.528743,
              -3.879718
            ],
            [
              -38.528565,
              -3.879562
            ],
            [
              -38.529878,
              -3.878573
            ],
            [
              -38.529002,
              -3.876084
            ],
            [
              -38.527727,
              -3.87709
            ],
            [
              -38.527438,
              -3.876815
            ],
            [
              -38.526959,
              -3.877233
            ],
            [
              -38.526843,
              -3.877154
            ],
            [
              -38.526007,
              -3.877782
            ],
            [
              -38.525793,
              -3.87758
            ],
            [
              -38.525481,
              -3.877354
            ],
            [
              -38.526341,
              -3.876579
            ],
            [
              -38.52841,
              -3.874762
            ],
            [
              -38.528148,
              -3.873922
            ],
            [
              -38.5278,
              -3.874129
            ],
            [
              -38.527766,
              -3.874304
            ],
            [
              -38.527538,
              -3.874535
            ],
            [
              -38.527296,
              -3.874253
            ],
            [
              -38.526744,
              -3.874668
            ],
            [
              -38.526567,
              -3.874491
            ],
            [
              -38.526385,
              -3.874547
            ],
            [
              -38.526138,
              -3.874248
            ],
            [
              -38.52604,
              -3.8743
            ],
            [
              -38.525778,
              -3.874037
            ],
            [
              -38.525518,
              -3.874226
            ],
            [
              -38.525279,
              -3.873958
            ],
            [
              -38.525355,
              -3.87389
            ],
            [
              -38.525291,
              -3.873785
            ],
            [
              -38.525727,
              -3.873482
            ],
            [
              -38.52568,
              -3.873411
            ],
            [
              -38.525877,
              -3.873248
            ],
            [
              -38.525956,
              -3.873361
            ],
            [
              -38.526024,
              -3.87332
            ],
            [
              -38.526072,
              -3.873371
            ],
            [
              -38.526187,
              -3.873289
            ],
            [
              -38.526051,
              -3.873079
            ],
            [
              -38.526326,
              -3.872833
            ],
            [
              -38.526461,
              -3.87299
            ],
            [
              -38.526598,
              -3.872878
            ],
            [
              -38.526503,
              -3.872709
            ],
            [
              -38.526602,
              -3.872608
            ],
            [
              -38.527411,
              -3.871849
            ],
            [
              -38.527668,
              -3.872229
            ],
            [
              -38.52824,
              -3.87177
            ]
          ]
        ],
        "type": "Polygon"
      },
      "properties": {
        "bairro": "ANCURI",
        "faction": "CV",
        "generated_at": "2026-06-11T08:48:20.151252",
        "geometry_type": "Polygon",
        "is_centroid": false,
        "is_tactical": true,
        "local_street_pressure": 0.582,
        "municipality": "Ancuri",
        "name": "Ancuri",
        "nearby_streets": [
          "ANCURI"
        ],
        "nearby_streets_count": 1,
        "node_id": 39,
        "parent_area": "ANCURI",
        "parent_risk_level": "moderado",
        "parent_risk_score": 32.6,
        "parent_status": "MODERADO",
        "peak_hours": "Entre 18hs e 23hs",
        "rank": 39,
        "region": "rmf",
        "risk_score": 31.649,
        "score": 31.649,
        "source_geometry_type": "Polygon"
      },
      "type": "Feature"
    },
    {
      "geometry": {
        "coordinates": [
          [
            [
              -38.680884,
              -3.713312
            ],
            [
              -38.681099,
              -3.71828
            ],
            [
              -38.680584,
              -3.718387
            ],
            [
              -38.677783,
              -3.715539
            ],
            [
              -38.678202,
              -3.715368
            ],
            [
              -38.677901,
              -3.714565
            ],
            [
              -38.678395,
              -3.714297
            ],
            [
              -38.679028,
              -3.714008
            ],
            [
              -38.679725,
              -3.713708
            ],
            [
              -38.680487,
              -3.713409
            ],
            [
              -38.680884,
              -3.713312
            ]
          ]
        ],
        "type": "Polygon"
      },
      "properties": {
        "bairro": "PARQUE SOLEDADE",
        "faction": "CV",
        "generated_at": "2026-06-11T08:48:20.151252",
        "geometry_type": "Polygon",
        "is_centroid": false,
        "is_tactical": true,
        "local_street_pressure": 0.522,
        "municipality": "Caucaia",
        "name": "Bom Jesus - Caucaia",
        "nearby_streets": [
          "BOM JESUS - CAUCAIA"
        ],
        "nearby_streets_count": 1,
        "node_id": 40,
        "parent_area": "PARQUE SOLEDADE",
        "parent_risk_level": "moderado",
        "parent_risk_score": 35.9,
        "parent_status": "MODERADO",
        "peak_hours": "Entre 18hs e 23hs",
        "rank": 40,
        "region": "rmf",
        "risk_score": 31.554,
        "score": 31.554,
        "source_geometry_type": "Polygon"
      },
      "type": "Feature"
    }
  ],
  "metadata": {
    "generated_at": "2026-06-11T08:48:20.151252",
    "region": "rmf",
    "source": "Sentinela Micronodes Dynamic Overlay",
    "threshold_min_score": 31.0,
    "total": 40
  },
  "type": "FeatureCollection"
}