{
  "features": [
    {
      "geometry": {
        "coordinates": [
          [
            [
              -38.631165,
              -3.780241
            ],
            [
              -38.631052,
              -3.779816
            ],
            [
              -38.630937,
              -3.779543
            ],
            [
              -38.630768,
              -3.779206
            ],
            [
              -38.630535,
              -3.778684
            ],
            [
              -38.630497,
              -3.778574
            ],
            [
              -38.63109,
              -3.778312
            ],
            [
              -38.631814,
              -3.779899
            ],
            [
              -38.631165,
              -3.780241
            ]
          ]
        ],
        "type": "Polygon"
      },
      "properties": {
        "bairro": "MARECHAL RONDON",
        "faction": "CV",
        "generated_at": "2026-07-11T17:06:45.901244",
        "geometry_type": "Polygon",
        "is_centroid": false,
        "is_tactical": true,
        "local_street_pressure": 3.429,
        "municipality": "Caucaia",
        "name": "Comunidade dos Cariocas - Caucaia",
        "nearby_streets": [
          "COMUNIDADE DOS CARIOCAS - CAUCAIA",
          "CONDOMÍNIOS",
          "CAJUEIROS"
        ],
        "nearby_streets_count": 8,
        "node_id": 1,
        "parent_area": "MARECHAL RONDON",
        "parent_risk_level": "crítico",
        "parent_risk_score": 99.2,
        "parent_status": "CRÍTICO",
        "peak_hours": "Entre 21hs e 02hs",
        "rank": 1,
        "region": "fortaleza",
        "risk_score": 77.181,
        "score": 77.181,
        "source_geometry_type": "Polygon"
      },
      "type": "Feature"
    },
    {
      "geometry": {
        "coordinates": [
          [
            [
              -38.615859,
              -3.78585
            ],
            [
              -38.615612,
              -3.784993
            ],
            [
              -38.615259,
              -3.783257
            ],
            [
              -38.614936,
              -3.782097
            ],
            [
              -38.61514,
              -3.780807
            ],
            [
              -38.615659,
              -3.779332
            ],
            [
              -38.615657,
              -3.779077
            ],
            [
              -38.615985,
              -3.778945
            ],
            [
              -38.616984,
              -3.778708
            ],
            [
              -38.617521,
              -3.778552
            ],
            [
              -38.618318,
              -3.778347
            ],
            [
              -38.619765,
              -3.777942
            ],
            [
              -38.619497,
              -3.776966
            ],
            [
              -38.621213,
              -3.777103
            ],
            [
              -38.623284,
              -3.784512
            ],
            [
              -38.616224,
              -3.786519
            ],
            [
              -38.615859,
              -3.78585
            ]
          ],
          [
            [
              -38.615377,
              -3.783021
            ],
            [
              -38.616436,
              -3.782759
            ],
            [
              -38.616595,
              -3.783393
            ],
            [
              -38.615543,
              -3.783619
            ],
            [
              -38.615442,
              -3.783217
            ],
            [
              -38.615377,
              -3.783021
            ]
          ]
        ],
        "type": "Polygon"
      },
      "properties": {
        "bairro": "GRANJA LISBOA",
        "faction": "CV",
        "generated_at": "2026-07-11T17:06:45.901244",
        "geometry_type": "Polygon",
        "is_centroid": false,
        "is_tactical": true,
        "local_street_pressure": 10.372,
        "municipality": "Fortaleza",
        "name": "Caic",
        "nearby_streets": [
          "CAIC",
          "RESIDENCIAL MARIA ALVES CARIOCA",
          "MUTIRÃO DA SÃO FRANCISCO"
        ],
        "nearby_streets_count": 47,
        "node_id": 2,
        "parent_area": "GRANJA LISBOA",
        "parent_risk_level": "crítico",
        "parent_risk_score": 74.1,
        "parent_status": "CRÍTICO",
        "peak_hours": "Entre 12hs e 17hs",
        "rank": 2,
        "region": "fortaleza",
        "risk_score": 67.632,
        "score": 67.632,
        "source_geometry_type": "Polygon"
      },
      "type": "Feature"
    },
    {
      "geometry": {
        "coordinates": [
          [
            [
              -38.618827,
              -3.791711
            ],
            [
              -38.618018,
              -3.79198
            ],
            [
              -38.614977,
              -3.792966
            ],
            [
              -38.613448,
              -3.788186
            ],
            [
              -38.616683,
              -3.787153
            ],
            [
              -38.621948,
              -3.785699
            ],
            [
              -38.623283,
              -3.790429
            ],
            [
              -38.621838,
              -3.790856
            ],
            [
              -38.620435,
              -3.791218
            ],
            [
              -38.620011,
              -3.789887
            ],
            [
              -38.61955,
              -3.790008
            ],
            [
              -38.619356,
              -3.789324
            ],
            [
              -38.619081,
              -3.7894
            ],
            [
              -38.61896,
              -3.78901
            ],
            [
              -38.618728,
              -3.789076
            ],
            [
              -38.618676,
              -3.788917
            ],
            [
              -38.61857,
              -3.788929
            ],
            [
              -38.618603,
              -3.789009
            ],
            [
              -38.618517,
              -3.78905
            ],
            [
              -38.618555,
              -3.789182
            ],
            [
              -38.618434,
              -3.789265
            ],
            [
              -38.618454,
              -3.789429
            ],
            [
              -38.618352,
              -3.789447
            ],
            [
              -38.618268,
              -3.789226
            ],
            [
              -38.618114,
              -3.789228
            ],
            [
              -38.618187,
              -3.789405
            ],
            [
              -38.618277,
              -3.789585
            ],
            [
              -38.618388,
              -3.789673
            ],
            [
              -38.618423,
              -3.789837
            ],
            [
              -38.618361,
              -3.789854
            ],
            [
              -38.618399,
              -3.790038
            ],
            [
              -38.618563,
              -3.789984
            ],
            [
              -38.618608,
              -3.790128
            ],
            [
              -38.618664,
              -3.790133
            ],
            [
              -38.618757,
              -3.790132
            ],
            [
              -38.618794,
              -3.790247
            ],
            [
              -38.618638,
              -3.790293
            ],
            [
              -38.619011,
              -3.791659
            ],
            [
              -38.618827,
              -3.791711
            ]
          ]
        ],
        "type": "Polygon"
      },
      "properties": {
        "bairro": "GRANJA LISBOA",
        "faction": "CV",
        "generated_at": "2026-07-11T17:06:45.901244",
        "geometry_type": "Polygon",
        "is_centroid": false,
        "is_tactical": true,
        "local_street_pressure": 9.955,
        "municipality": "Fortaleza",
        "name": "Alto da Paz",
        "nearby_streets": [
          "ALTO DA PAZ",
          "AREA SEM NOME",
          "FAVELINHA- GRANJA LISBOA"
        ],
        "nearby_streets_count": 49,
        "node_id": 3,
        "parent_area": "GRANJA LISBOA",
        "parent_risk_level": "crítico",
        "parent_risk_score": 74.1,
        "parent_status": "CRÍTICO",
        "peak_hours": "Entre 12hs e 17hs",
        "rank": 3,
        "region": "fortaleza",
        "risk_score": 66.422,
        "score": 66.422,
        "source_geometry_type": "Polygon"
      },
      "type": "Feature"
    },
    {
      "geometry": {
        "coordinates": [
          [
            [
              -38.61772,
              -3.798947
            ],
            [
              -38.617932,
              -3.797893
            ],
            [
              -38.618612,
              -3.79804
            ],
            [
              -38.618606,
              -3.797931
            ],
            [
              -38.618648,
              -3.797849
            ],
            [
              -38.6185,
              -3.797408
            ],
            [
              -38.618424,
              -3.797292
            ],
            [
              -38.618369,
              -3.797052
            ],
            [
              -38.617653,
              -3.797135
            ],
            [
              -38.617674,
              -3.796616
            ],
            [
              -38.617151,
              -3.79595
            ],
            [
              -38.617236,
              -3.795703
            ],
            [
              -38.616442,
              -3.795754
            ],
            [
              -38.61596,
              -3.795727
            ],
            [
              -38.615777,
              -3.795395
            ],
            [
              -38.615675,
              -3.795073
            ],
            [
              -38.615471,
              -3.794402
            ],
            [
              -38.617509,
              -3.793725
            ],
            [
              -38.617719,
              -3.794419
            ],
            [
              -38.620047,
              -3.793629
            ],
            [
              -38.620074,
              -3.793894
            ],
            [
              -38.622188,
              -3.793749
            ],
            [
              -38.622743,
              -3.798677
            ],
            [
              -38.620039,
              -3.799008
            ],
            [
              -38.619535,
              -3.799148
            ],
            [
              -38.61772,
              -3.798947
            ]
          ]
        ],
        "type": "Polygon"
      },
      "properties": {
        "bairro": "GRANJA LISBOA",
        "faction": "CV",
        "generated_at": "2026-07-11T17:06:45.901244",
        "geometry_type": "Polygon",
        "is_centroid": false,
        "is_tactical": true,
        "local_street_pressure": 10.215,
        "municipality": "Fortaleza",
        "name": "Comunidade Forró do Meu",
        "nearby_streets": [
          "RUA NS 03",
          "COMUNIDADE FORRÓ DO MEU",
          "COMUNIDADE MUTIRÃO"
        ],
        "nearby_streets_count": 47,
        "node_id": 4,
        "parent_area": "GRANJA LISBOA",
        "parent_risk_level": "crítico",
        "parent_risk_score": 74.1,
        "parent_status": "CRÍTICO",
        "peak_hours": "Entre 12hs e 17hs",
        "rank": 4,
        "region": "fortaleza",
        "risk_score": 65.638,
        "score": 65.638,
        "source_geometry_type": "Polygon"
      },
      "type": "Feature"
    },
    {
      "geometry": {
        "coordinates": [
          [
            [
              -38.61502,
              -3.782303
            ],
            [
              -38.61586,
              -3.785932
            ],
            [
              -38.61438,
              -3.786394
            ],
            [
              -38.614072,
              -3.785672
            ],
            [
              -38.614111,
              -3.785597
            ],
            [
              -38.613363,
              -3.782736
            ],
            [
              -38.61502,
              -3.782303
            ]
          ]
        ],
        "type": "Polygon"
      },
      "properties": {
        "bairro": "GRANJA LISBOA",
        "faction": "CV",
        "generated_at": "2026-07-11T17:06:45.901244",
        "geometry_type": "Polygon",
        "is_centroid": false,
        "is_tactical": true,
        "local_street_pressure": 11.917,
        "municipality": "Fortaleza",
        "name": "Mutirão da São Francisco",
        "nearby_streets": [
          "MUTIRÃO DA SÃO FRANCISCO",
          "RUA EDSON MARTINS",
          "RESIDENCIAL MARIA ALVES CARIOCA"
        ],
        "nearby_streets_count": 48,
        "node_id": 5,
        "parent_area": "GRANJA LISBOA",
        "parent_risk_level": "crítico",
        "parent_risk_score": 74.1,
        "parent_status": "CRÍTICO",
        "peak_hours": "Entre 12hs e 17hs",
        "rank": 5,
        "region": "fortaleza",
        "risk_score": 65.342,
        "score": 65.342,
        "source_geometry_type": "Polygon"
      },
      "type": "Feature"
    },
    {
      "geometry": {
        "coordinates": [
          [
            [
              -38.608907,
              -3.788956
            ],
            [
              -38.610267,
              -3.788514
            ],
            [
              -38.610446,
              -3.789092
            ],
            [
              -38.609092,
              -3.789549
            ],
            [
              -38.608907,
              -3.788956
            ]
          ]
        ],
        "type": "Polygon"
      },
      "properties": {
        "bairro": "GRANJA LISBOA",
        "faction": "CV",
        "generated_at": "2026-07-11T17:06:45.901244",
        "geometry_type": "Polygon",
        "is_centroid": false,
        "is_tactical": true,
        "local_street_pressure": 12.261,
        "municipality": "Fortaleza",
        "name": "Travessa",
        "nearby_streets": [
          "TRAVESSA",
          "BECO DO EDSON",
          "RUA CORONEL JOÃO CORREIA"
        ],
        "nearby_streets_count": 51,
        "node_id": 6,
        "parent_area": "GRANJA LISBOA",
        "parent_risk_level": "crítico",
        "parent_risk_score": 74.1,
        "parent_status": "CRÍTICO",
        "peak_hours": "Entre 12hs e 17hs",
        "rank": 6,
        "region": "fortaleza",
        "risk_score": 65.198,
        "score": 65.198,
        "source_geometry_type": "Polygon"
      },
      "type": "Feature"
    },
    {
      "geometry": {
        "coordinates": [
          [
            [
              -38.615778,
              -3.798663
            ],
            [
              -38.611774,
              -3.798057
            ],
            [
              -38.611071,
              -3.795809
            ],
            [
              -38.615411,
              -3.794396
            ],
            [
              -38.615628,
              -3.795093
            ],
            [
              -38.615885,
              -3.795736
            ],
            [
              -38.617151,
              -3.79595
            ],
            [
              -38.617637,
              -3.796613
            ],
            [
              -38.617575,
              -3.797111
            ],
            [
              -38.616084,
              -3.796841
            ],
            [
              -38.615778,
              -3.798663
            ]
          ]
        ],
        "type": "Polygon"
      },
      "properties": {
        "bairro": "GRANJA LISBOA",
        "faction": "CV",
        "generated_at": "2026-07-11T17:06:45.901244",
        "geometry_type": "Polygon",
        "is_centroid": false,
        "is_tactical": true,
        "local_street_pressure": 10.623,
        "municipality": "Fortaleza",
        "name": "Comunidade Mutirão",
        "nearby_streets": [
          "COMUNIDADE MUTIRÃO",
          "RUA NS 03",
          "COMUNIDADE FORRÓ DO MEU"
        ],
        "nearby_streets_count": 48,
        "node_id": 7,
        "parent_area": "GRANJA LISBOA",
        "parent_risk_level": "crítico",
        "parent_risk_score": 74.1,
        "parent_status": "CRÍTICO",
        "peak_hours": "Entre 12hs e 17hs",
        "rank": 7,
        "region": "fortaleza",
        "risk_score": 65.179,
        "score": 65.179,
        "source_geometry_type": "Polygon"
      },
      "type": "Feature"
    },
    {
      "geometry": {
        "coordinates": [
          [
            [
              -38.613401,
              -3.782919
            ],
            [
              -38.614111,
              -3.785597
            ],
            [
              -38.614072,
              -3.785672
            ],
            [
              -38.61125,
              -3.786591
            ],
            [
              -38.610841,
              -3.78525
            ],
            [
              -38.611228,
              -3.784544
            ],
            [
              -38.61154,
              -3.783238
            ],
            [
              -38.613363,
              -3.782736
            ],
            [
              -38.613401,
              -3.782919
            ]
          ]
        ],
        "type": "Polygon"
      },
      "properties": {
        "bairro": "GRANJA LISBOA",
        "faction": "CV",
        "generated_at": "2026-07-11T17:06:45.901244",
        "geometry_type": "Polygon",
        "is_centroid": false,
        "is_tactical": true,
        "local_street_pressure": 11.419,
        "municipality": "Fortaleza",
        "name": "Favela da Mangueira",
        "nearby_streets": [
          "FAVELA DA MANGUEIRA",
          "MUTIRÃO DA SÃO FRANCISCO",
          "RUA EDSON MARTINS"
        ],
        "nearby_streets_count": 47,
        "node_id": 8,
        "parent_area": "GRANJA LISBOA",
        "parent_risk_level": "crítico",
        "parent_risk_score": 74.1,
        "parent_status": "CRÍTICO",
        "peak_hours": "Entre 12hs e 17hs",
        "rank": 8,
        "region": "fortaleza",
        "risk_score": 65.141,
        "score": 65.141,
        "source_geometry_type": "Polygon"
      },
      "type": "Feature"
    },
    {
      "geometry": {
        "coordinates": [
          [
            [
              -38.609432,
              -3.785962
            ],
            [
              -38.6098,
              -3.787047
            ],
            [
              -38.608399,
              -3.787486
            ],
            [
              -38.608224,
              -3.78687
            ],
            [
              -38.608459,
              -3.786788
            ],
            [
              -38.608878,
              -3.786617
            ],
            [
              -38.608873,
              -3.78656
            ],
            [
              -38.609137,
              -3.786256
            ],
            [
              -38.609406,
              -3.785896
            ],
            [
              -38.609432,
              -3.785962
            ]
          ]
        ],
        "type": "Polygon"
      },
      "properties": {
        "bairro": "GRANJA LISBOA",
        "faction": "CV",
        "generated_at": "2026-07-11T17:06:45.901244",
        "geometry_type": "Polygon",
        "is_centroid": false,
        "is_tactical": true,
        "local_street_pressure": 11.721,
        "municipality": "Fortaleza",
        "name": "Beco do Edson",
        "nearby_streets": [
          "BECO DO EDSON",
          "TRAVESSA",
          "FAVELA DA MANGUEIRA"
        ],
        "nearby_streets_count": 49,
        "node_id": 9,
        "parent_area": "GRANJA LISBOA",
        "parent_risk_level": "crítico",
        "parent_risk_score": 74.1,
        "parent_status": "CRÍTICO",
        "peak_hours": "Entre 12hs e 17hs",
        "rank": 9,
        "region": "fortaleza",
        "risk_score": 64.846,
        "score": 64.846,
        "source_geometry_type": "Polygon"
      },
      "type": "Feature"
    },
    {
      "geometry": {
        "coordinates": [
          [
            [
              -38.616436,
              -3.782759
            ],
            [
              -38.616595,
              -3.783393
            ],
            [
              -38.615543,
              -3.783619
            ],
            [
              -38.615442,
              -3.783217
            ],
            [
              -38.615377,
              -3.783021
            ],
            [
              -38.616436,
              -3.782759
            ]
          ]
        ],
        "type": "Polygon"
      },
      "properties": {
        "bairro": "GRANJA LISBOA",
        "faction": "CV",
        "generated_at": "2026-07-11T17:06:45.901244",
        "geometry_type": "Polygon",
        "is_centroid": false,
        "is_tactical": true,
        "local_street_pressure": 11.38,
        "municipality": "Fortaleza",
        "name": "Residencial Maria Alves Carioca",
        "nearby_streets": [
          "RESIDENCIAL MARIA ALVES CARIOCA",
          "MUTIRÃO DA SÃO FRANCISCO",
          "RUA EDSON MARTINS"
        ],
        "nearby_streets_count": 46,
        "node_id": 10,
        "parent_area": "GRANJA LISBOA",
        "parent_risk_level": "crítico",
        "parent_risk_score": 74.1,
        "parent_status": "CRÍTICO",
        "peak_hours": "Entre 12hs e 17hs",
        "rank": 10,
        "region": "fortaleza",
        "risk_score": 64.575,
        "score": 64.575,
        "source_geometry_type": "Polygon"
      },
      "type": "Feature"
    },
    {
      "geometry": {
        "coordinates": [
          [
            [
              -38.62195,
              -3.791529
            ],
            [
              -38.622117,
              -3.792966
            ],
            [
              -38.620959,
              -3.79306
            ],
            [
              -38.620823,
              -3.793191
            ],
            [
              -38.619976,
              -3.793238
            ],
            [
              -38.619992,
              -3.793292
            ],
            [
              -38.619924,
              -3.793285
            ],
            [
              -38.619701,
              -3.792933
            ],
            [
              -38.61848,
              -3.793377
            ],
            [
              -38.618083,
              -3.792043
            ],
            [
              -38.618907,
              -3.791754
            ],
            [
              -38.619461,
              -3.791574
            ],
            [
              -38.620526,
              -3.791277
            ],
            [
              -38.621821,
              -3.79093
            ],
            [
              -38.62195,
              -3.791529
            ]
          ]
        ],
        "type": "Polygon"
      },
      "properties": {
        "bairro": "GRANJA LISBOA",
        "faction": "CV",
        "generated_at": "2026-07-11T17:06:45.901244",
        "geometry_type": "Polygon",
        "is_centroid": false,
        "is_tactical": true,
        "local_street_pressure": 9.4,
        "municipality": "Fortaleza",
        "name": "Favelinha- Granja Lisboa",
        "nearby_streets": [
          "FAVELINHA- GRANJA LISBOA",
          "COMUNIDADE FORRÓ DO MEU",
          "ALTO DA PAZ"
        ],
        "nearby_streets_count": 42,
        "node_id": 11,
        "parent_area": "GRANJA LISBOA",
        "parent_risk_level": "crítico",
        "parent_risk_score": 74.1,
        "parent_status": "CRÍTICO",
        "peak_hours": "Entre 12hs e 17hs",
        "rank": 11,
        "region": "fortaleza",
        "risk_score": 63.616,
        "score": 63.616,
        "source_geometry_type": "Polygon"
      },
      "type": "Feature"
    },
    {
      "geometry": {
        "coordinates": [
          [
            [
              -38.627903,
              -3.789924
            ],
            [
              -38.626608,
              -3.78513
            ],
            [
              -38.625114,
              -3.785492
            ],
            [
              -38.624523,
              -3.783436
            ],
            [
              -38.625976,
              -3.783034
            ],
            [
              -38.627483,
              -3.782666
            ],
            [
              -38.628037,
              -3.78472
            ],
            [
              -38.631184,
              -3.783861
            ],
            [
              -38.632128,
              -3.787073
            ],
            [
              -38.632299,
              -3.787148
            ],
            [
              -38.632428,
              -3.787469
            ],
            [
              -38.632267,
              -3.787522
            ],
            [
              -38.632557,
              -3.788764
            ],
            [
              -38.632267,
              -3.78885
            ],
            [
              -38.632452,
              -3.789346
            ],
            [
              -38.630961,
              -3.789785
            ],
            [
              -38.63081,
              -3.789111
            ],
            [
              -38.627903,
              -3.789924
            ]
          ]
        ],
        "type": "Polygon"
      },
      "properties": {
        "bairro": "GRANJA LISBOA",
        "faction": "CV",
        "generated_at": "2026-07-11T17:06:45.901244",
        "geometry_type": "Polygon",
        "is_centroid": false,
        "is_tactical": true,
        "local_street_pressure": 6.186,
        "municipality": "Fortaleza",
        "name": "CR",
        "nearby_streets": [
          "CR",
          "CONJUNTO LEONEL BRIZOLA",
          "COMUNIDADE RAQUEL"
        ],
        "nearby_streets_count": 30,
        "node_id": 12,
        "parent_area": "GRANJA LISBOA",
        "parent_risk_level": "crítico",
        "parent_risk_score": 74.1,
        "parent_status": "CRÍTICO",
        "peak_hours": "Entre 12hs e 17hs",
        "rank": 12,
        "region": "fortaleza",
        "risk_score": 63.178,
        "score": 63.178,
        "source_geometry_type": "Polygon"
      },
      "type": "Feature"
    },
    {
      "geometry": {
        "coordinates": [
          [
            [
              -38.625166,
              -3.780342
            ],
            [
              -38.625301,
              -3.780941
            ],
            [
              -38.625408,
              -3.781027
            ],
            [
              -38.625976,
              -3.783034
            ],
            [
              -38.624523,
              -3.783436
            ],
            [
              -38.624346,
              -3.782729
            ],
            [
              -38.622913,
              -3.78312
            ],
            [
              -38.622538,
              -3.781766
            ],
            [
              -38.62397,
              -3.781369
            ],
            [
              -38.623804,
              -3.780706
            ],
            [
              -38.625166,
              -3.780342
            ]
          ]
        ],
        "type": "Polygon"
      },
      "properties": {
        "bairro": "GRANJA LISBOA",
        "faction": "CV",
        "generated_at": "2026-07-11T17:06:45.901244",
        "geometry_type": "Polygon",
        "is_centroid": false,
        "is_tactical": true,
        "local_street_pressure": 8.739,
        "municipality": "Fortaleza",
        "name": "Conjunto Leonel Brizola",
        "nearby_streets": [
          "CONJUNTO LEONEL BRIZOLA",
          "CAIC",
          "CR"
        ],
        "nearby_streets_count": 39,
        "node_id": 13,
        "parent_area": "GRANJA LISBOA",
        "parent_risk_level": "crítico",
        "parent_risk_score": 74.1,
        "parent_status": "CRÍTICO",
        "peak_hours": "Entre 12hs e 17hs",
        "rank": 13,
        "region": "fortaleza",
        "risk_score": 63.141,
        "score": 63.141,
        "source_geometry_type": "Polygon"
      },
      "type": "Feature"
    },
    {
      "geometry": {
        "coordinates": [
          [
            [
              -38.62636,
              -3.793266
            ],
            [
              -38.625456,
              -3.793381
            ],
            [
              -38.625373,
              -3.792691
            ],
            [
              -38.626274,
              -3.792559
            ],
            [
              -38.62636,
              -3.793266
            ]
          ]
        ],
        "type": "Polygon"
      },
      "properties": {
        "bairro": "GRANJA LISBOA",
        "faction": "CV",
        "generated_at": "2026-07-11T17:06:45.901244",
        "geometry_type": "Polygon",
        "is_centroid": false,
        "is_tactical": true,
        "local_street_pressure": 6.796,
        "municipality": "Fortaleza",
        "name": "Comunidade Raquel",
        "nearby_streets": [
          "COMUNIDADE RAQUEL",
          "FAVELINHA- GRANJA LISBOA",
          "COMUNIDADE FORRÓ DO MEU"
        ],
        "nearby_streets_count": 29,
        "node_id": 14,
        "parent_area": "GRANJA LISBOA",
        "parent_risk_level": "crítico",
        "parent_risk_score": 74.1,
        "parent_status": "CRÍTICO",
        "peak_hours": "Entre 12hs e 17hs",
        "rank": 14,
        "region": "fortaleza",
        "risk_score": 61.4,
        "score": 61.4,
        "source_geometry_type": "Polygon"
      },
      "type": "Feature"
    },
    {
      "geometry": {
        "coordinates": [
          [
            [
              -38.63619,
              -3.860557
            ],
            [
              -38.632147,
              -3.865574
            ],
            [
              -38.628649,
              -3.860671
            ],
            [
              -38.62807,
              -3.859087
            ],
            [
              -38.627855,
              -3.856261
            ],
            [
              -38.628527,
              -3.855447
            ],
            [
              -38.62827,
              -3.854848
            ],
            [
              -38.629042,
              -3.854055
            ],
            [
              -38.629901,
              -3.853349
            ],
            [
              -38.630094,
              -3.853584
            ],
            [
              -38.630609,
              -3.853049
            ],
            [
              -38.632282,
              -3.855319
            ],
            [
              -38.633426,
              -3.856905
            ],
            [
              -38.634193,
              -3.858024
            ],
            [
              -38.634954,
              -3.859044
            ],
            [
              -38.63619,
              -3.860557
            ]
          ]
        ],
        "type": "Polygon"
      },
      "properties": {
        "bairro": "MARACANAÚ",
        "faction": "CV",
        "generated_at": "2026-07-11T17:06:45.901244",
        "geometry_type": "Polygon",
        "is_centroid": false,
        "is_tactical": true,
        "local_street_pressure": 2.862,
        "municipality": "Maracanaú",
        "name": "Residencial/Jabuti - Maracanaú",
        "nearby_streets": [
          "RESIDENCIAL/JABUTI - MARACANAÚ",
          "RESIDENCIAL LL",
          "RUA 15"
        ],
        "nearby_streets_count": 9,
        "node_id": 15,
        "parent_area": "MARACANAÚ",
        "parent_risk_level": "alto",
        "parent_risk_score": 69.1,
        "parent_status": "ALTO",
        "peak_hours": "Entre 18hs e 23hs",
        "rank": 15,
        "region": "fortaleza",
        "risk_score": 59.032,
        "score": 59.032,
        "source_geometry_type": "Polygon"
      },
      "type": "Feature"
    },
    {
      "geometry": {
        "coordinates": [
          [
            [
              -38.638841,
              -3.856983
            ],
            [
              -38.635995,
              -3.860624
            ],
            [
              -38.632268,
              -3.855232
            ],
            [
              -38.633702,
              -3.853543
            ],
            [
              -38.633848,
              -3.853603
            ],
            [
              -38.633966,
              -3.853479
            ],
            [
              -38.634174,
              -3.853702
            ],
            [
              -38.634482,
              -3.853344
            ],
            [
              -38.634258,
              -3.853183
            ],
            [
              -38.63432,
              -3.853103
            ],
            [
              -38.634441,
              -3.853074
            ],
            [
              -38.634552,
              -3.852943
            ],
            [
              -38.634744,
              -3.853085
            ],
            [
              -38.635423,
              -3.852227
            ],
            [
              -38.635485,
              -3.852259
            ],
            [
              -38.636788,
              -3.854116
            ],
            [
              -38.637059,
              -3.853753
            ],
            [
              -38.637089,
              -3.853747
            ],
            [
              -38.638323,
              -3.855443
            ],
            [
              -38.637999,
              -3.855751
            ],
            [
              -38.638841,
              -3.856983
            ]
          ]
        ],
        "type": "Polygon"
      },
      "properties": {
        "bairro": "MARACANAÚ",
        "faction": "CV",
        "generated_at": "2026-07-11T17:06:45.901244",
        "geometry_type": "Polygon",
        "is_centroid": false,
        "is_tactical": true,
        "local_street_pressure": 3.04,
        "municipality": "Fortaleza",
        "name": "Residencial ll",
        "nearby_streets": [
          "RESIDENCIAL LL",
          "RESIDENCIAL/JABUTI - MARACANAÚ",
          "RUA 15"
        ],
        "nearby_streets_count": 14,
        "node_id": 16,
        "parent_area": "MARACANAÚ",
        "parent_risk_level": "alto",
        "parent_risk_score": 69.1,
        "parent_status": "ALTO",
        "peak_hours": "Entre 18hs e 23hs",
        "rank": 16,
        "region": "fortaleza",
        "risk_score": 57.171,
        "score": 57.171,
        "source_geometry_type": "Polygon"
      },
      "type": "Feature"
    },
    {
      "geometry": {
        "coordinates": [
          [
            [
              -38.617062,
              -3.856844
            ],
            [
              -38.617144,
              -3.856874
            ],
            [
              -38.617222,
              -3.856835
            ],
            [
              -38.617322,
              -3.85701
            ],
            [
              -38.617494,
              -3.856891
            ],
            [
              -38.617591,
              -3.857092
            ],
            [
              -38.617678,
              -3.857225
            ],
            [
              -38.617824,
              -3.857163
            ],
            [
              -38.617875,
              -3.857197
            ],
            [
              -38.618072,
              -3.857082
            ],
            [
              -38.618374,
              -3.857703
            ],
            [
              -38.618332,
              -3.857788
            ],
            [
              -38.618153,
              -3.857896
            ],
            [
              -38.618199,
              -3.858007
            ],
            [
              -38.618168,
              -3.858047
            ],
            [
              -38.618024,
              -3.858133
            ],
            [
              -38.617982,
              -3.858127
            ],
            [
              -38.617791,
              -3.858238
            ],
            [
              -38.617789,
              -3.858278
            ],
            [
              -38.617536,
              -3.858402
            ],
            [
              -38.617601,
              -3.858571
            ],
            [
              -38.617432,
              -3.85865
            ],
            [
              -38.617378,
              -3.858499
            ],
            [
              -38.616883,
              -3.85876
            ],
            [
              -38.616843,
              -3.858698
            ],
            [
              -38.616711,
              -3.858764
            ],
            [
              -38.616703,
              -3.858745
            ],
            [
              -38.616571,
              -3.858795
            ],
            [
              -38.616678,
              -3.858982
            ],
            [
              -38.616662,
              -3.859004
            ],
            [
              -38.616546,
              -3.859042
            ],
            [
              -38.616428,
              -3.858889
            ],
            [
              -38.616042,
              -3.859055
            ],
            [
              -38.615997,
              -3.858958
            ],
            [
              -38.616128,
              -3.85885
            ],
            [
              -38.615364,
              -3.8578
            ],
            [
              -38.615382,
              -3.857743
            ],
            [
              -38.617062,
              -3.856844
            ]
          ]
        ],
        "type": "Polygon"
      },
      "properties": {
        "bairro": "MARACANAÚ",
        "faction": "CV",
        "generated_at": "2026-07-11T17:06:45.901244",
        "geometry_type": "Polygon",
        "is_centroid": false,
        "is_tactical": true,
        "local_street_pressure": 4.025,
        "municipality": "Fortaleza",
        "name": "Jenipapeiro",
        "nearby_streets": [
          "JENIPAPEIRO",
          "NOVO MARACANAÚ",
          "RUA 15"
        ],
        "nearby_streets_count": 18,
        "node_id": 17,
        "parent_area": "MARACANAÚ",
        "parent_risk_level": "alto",
        "parent_risk_score": 69.1,
        "parent_status": "ALTO",
        "peak_hours": "Entre 18hs e 23hs",
        "rank": 17,
        "region": "fortaleza",
        "risk_score": 56.108,
        "score": 56.108,
        "source_geometry_type": "Polygon"
      },
      "type": "Feature"
    },
    {
      "geometry": {
        "coordinates": [
          [
            [
              -38.620447,
              -3.831462
            ],
            [
              -38.620299,
              -3.830539
            ],
            [
              -38.622186,
              -3.82999
            ],
            [
              -38.622551,
              -3.832057
            ],
            [
              -38.622721,
              -3.832026
            ],
            [
              -38.622888,
              -3.833016
            ],
            [
              -38.622776,
              -3.833073
            ],
            [
              -38.622974,
              -3.833965
            ],
            [
              -38.623259,
              -3.835016
            ],
            [
              -38.621467,
              -3.83557
            ],
            [
              -38.621697,
              -3.836455
            ],
            [
              -38.622168,
              -3.836323
            ],
            [
              -38.622197,
              -3.836437
            ],
            [
              -38.621734,
              -3.83658
            ],
            [
              -38.621819,
              -3.837084
            ],
            [
              -38.621758,
              -3.837098
            ],
            [
              -38.621633,
              -3.836567
            ],
            [
              -38.621455,
              -3.836062
            ],
            [
              -38.621366,
              -3.835512
            ],
            [
              -38.621231,
              -3.834608
            ],
            [
              -38.620998,
              -3.833743
            ],
            [
              -38.620827,
              -3.833409
            ],
            [
              -38.620664,
              -3.832589
            ],
            [
              -38.620447,
              -3.831462
            ]
          ]
        ],
        "type": "Polygon"
      },
      "properties": {
        "bairro": "ALTO ALEGRE II",
        "faction": "CV",
        "generated_at": "2026-07-11T17:06:45.901244",
        "geometry_type": "Polygon",
        "is_centroid": false,
        "is_tactical": true,
        "local_street_pressure": 1.546,
        "municipality": "Maracanaú",
        "name": "Jagatá - Maracanaú",
        "nearby_streets": [
          "JAGATÁ - MARACANAÚ",
          "SANTA MARTA",
          "AREA SEM NOME"
        ],
        "nearby_streets_count": 4,
        "node_id": 18,
        "parent_area": "ALTO ALEGRE II",
        "parent_risk_level": "alto",
        "parent_risk_score": 69.1,
        "parent_status": "ALTO",
        "peak_hours": "Entre 17hs e 22hs",
        "rank": 18,
        "region": "fortaleza",
        "risk_score": 54.858,
        "score": 54.858,
        "source_geometry_type": "Polygon"
      },
      "type": "Feature"
    },
    {
      "geometry": {
        "coordinates": [
          [
            [
              -38.639547,
              -3.832819
            ],
            [
              -38.639744,
              -3.8332
            ],
            [
              -38.639958,
              -3.833574
            ],
            [
              -38.639999,
              -3.833635
            ],
            [
              -38.639886,
              -3.833758
            ],
            [
              -38.639795,
              -3.833685
            ],
            [
              -38.638994,
              -3.834506
            ],
            [
              -38.638158,
              -3.83524
            ],
            [
              -38.637841,
              -3.835282
            ],
            [
              -38.637605,
              -3.835325
            ],
            [
              -38.637342,
              -3.835352
            ],
            [
              -38.637042,
              -3.835277
            ],
            [
              -38.636865,
              -3.83517
            ],
            [
              -38.637358,
              -3.834822
            ],
            [
              -38.637149,
              -3.834501
            ],
            [
              -38.639547,
              -3.832819
            ]
          ]
        ],
        "type": "Polygon"
      },
      "properties": {
        "bairro": "ALTO ALEGRE II",
        "faction": "CV",
        "generated_at": "2026-07-11T17:06:45.901244",
        "geometry_type": "Polygon",
        "is_centroid": false,
        "is_tactical": true,
        "local_street_pressure": 1.39,
        "municipality": "Maracanaú",
        "name": "Vila Nova - Maracanaú",
        "nearby_streets": [
          "VILA NOVA - MARACANAÚ",
          "COMUNIDADE DA CENTRAL  - JAÇANAÚ",
          "FAVELA DO MAGALHÃES - JAÇANAÚ"
        ],
        "nearby_streets_count": 3,
        "node_id": 19,
        "parent_area": "ALTO ALEGRE II",
        "parent_risk_level": "alto",
        "parent_risk_score": 69.1,
        "parent_status": "ALTO",
        "peak_hours": "Entre 17hs e 22hs",
        "rank": 19,
        "region": "fortaleza",
        "risk_score": 54.243,
        "score": 54.243,
        "source_geometry_type": "Polygon"
      },
      "type": "Feature"
    },
    {
      "geometry": {
        "coordinates": [
          [
            [
              -38.5751,
              -3.703525
            ],
            [
              -38.575807,
              -3.705456
            ],
            [
              -38.575784,
              -3.705471
            ],
            [
              -38.575299,
              -3.705689
            ],
            [
              -38.575185,
              -3.705392
            ],
            [
              -38.575082,
              -3.705416
            ],
            [
              -38.57506,
              -3.705378
            ],
            [
              -38.574712,
              -3.705525
            ],
            [
              -38.574227,
              -3.704054
            ],
            [
              -38.574776,
              -3.703702
            ],
            [
              -38.5751,
              -3.703525
            ]
          ]
        ],
        "type": "Polygon"
      },
      "properties": {
        "bairro": "BARRA DO CEARÁ",
        "faction": "CV",
        "generated_at": "2026-07-11T17:06:45.901244",
        "geometry_type": "Polygon",
        "is_centroid": false,
        "is_tactical": true,
        "local_street_pressure": 26.015,
        "municipality": "Fortaleza",
        "name": "Favela do Bical",
        "nearby_streets": [
          "FAVELA DO BICAL",
          "CONDOMÍNIO DA 6 (COMPLEXO DA BARRA DO CEARÁ)",
          "FAVELA DA CIRANDAR"
        ],
        "nearby_streets_count": 91,
        "node_id": 20,
        "parent_area": "BARRA DO CEARÁ",
        "parent_risk_level": "moderado",
        "parent_risk_score": 44.3,
        "parent_status": "MODERADO",
        "peak_hours": "Entre 16hs e 21hs",
        "rank": 20,
        "region": "fortaleza",
        "risk_score": 53.33,
        "score": 53.33,
        "source_geometry_type": "Polygon"
      },
      "type": "Feature"
    },
    {
      "geometry": {
        "coordinates": [
          [
            [
              -38.572849,
              -3.70308
            ],
            [
              -38.573714,
              -3.702746
            ],
            [
              -38.573735,
              -3.702815
            ],
            [
              -38.573958,
              -3.702756
            ],
            [
              -38.574007,
              -3.702861
            ],
            [
              -38.574402,
              -3.702641
            ],
            [
              -38.574417,
              -3.702814
            ],
            [
              -38.574633,
              -3.703246
            ],
            [
              -38.574776,
              -3.703702
            ],
            [
              -38.574227,
              -3.704054
            ],
            [
              -38.574095,
              -3.704031
            ],
            [
              -38.573855,
              -3.704144
            ],
            [
              -38.573596,
              -3.704345
            ],
            [
              -38.573269,
              -3.70448
            ],
            [
              -38.573153,
              -3.704066
            ],
            [
              -38.572849,
              -3.70308
            ]
          ]
        ],
        "type": "Polygon"
      },
      "properties": {
        "bairro": "BARRA DO CEARÁ",
        "faction": "CV",
        "generated_at": "2026-07-11T17:06:45.901244",
        "geometry_type": "Polygon",
        "is_centroid": false,
        "is_tactical": true,
        "local_street_pressure": 25.056,
        "municipality": "Fortaleza",
        "name": "Favela da Cirandar",
        "nearby_streets": [
          "FAVELA DA CIRANDAR",
          "FAVELA DA 3P",
          "COMUNIDADE DO CIMPELCO (COMPLEXO DA BARRA DO CEARÁ)"
        ],
        "nearby_streets_count": 87,
        "node_id": 21,
        "parent_area": "BARRA DO CEARÁ",
        "parent_risk_level": "moderado",
        "parent_risk_score": 44.3,
        "parent_status": "MODERADO",
        "peak_hours": "Entre 16hs e 21hs",
        "rank": 21,
        "region": "fortaleza",
        "risk_score": 52.686,
        "score": 52.686,
        "source_geometry_type": "Polygon"
      },
      "type": "Feature"
    },
    {
      "geometry": {
        "coordinates": [
          [
            [
              -38.576149,
              -3.703131
            ],
            [
              -38.576324,
              -3.703515
            ],
            [
              -38.576507,
              -3.704074
            ],
            [
              -38.575562,
              -3.704575
            ],
            [
              -38.575188,
              -3.703595
            ],
            [
              -38.575194,
              -3.703524
            ],
            [
              -38.576088,
              -3.703108
            ],
            [
              -38.576149,
              -3.703131
            ]
          ]
        ],
        "type": "Polygon"
      },
      "properties": {
        "bairro": "BARRA DO CEARÁ",
        "faction": "CV",
        "generated_at": "2026-07-11T17:06:45.901244",
        "geometry_type": "Polygon",
        "is_centroid": false,
        "is_tactical": true,
        "local_street_pressure": 25.05,
        "municipality": "Fortaleza",
        "name": "Condomínio da 6 (Complexo da Barra do Ceará)",
        "nearby_streets": [
          "CONDOMÍNIO DA 6 (COMPLEXO DA BARRA DO CEARÁ)",
          "COMUNIDADE DO CIMPELCO (COMPLEXO DA BARRA DO CEARÁ)",
          "FAVELA DO BICAL"
        ],
        "nearby_streets_count": 84,
        "node_id": 22,
        "parent_area": "BARRA DO CEARÁ",
        "parent_risk_level": "moderado",
        "parent_risk_score": 44.3,
        "parent_status": "MODERADO",
        "peak_hours": "Entre 16hs e 21hs",
        "rank": 22,
        "region": "fortaleza",
        "risk_score": 52.611,
        "score": 52.611,
        "source_geometry_type": "Polygon"
      },
      "type": "Feature"
    },
    {
      "geometry": {
        "coordinates": [
          [
            [
              -38.575988,
              -3.709337
            ],
            [
              -38.57617,
              -3.709837
            ],
            [
              -38.574668,
              -3.710492
            ],
            [
              -38.574087,
              -3.710706
            ],
            [
              -38.574008,
              -3.710445
            ],
            [
              -38.574738,
              -3.710049
            ],
            [
              -38.575258,
              -3.709743
            ],
            [
              -38.575526,
              -3.709595
            ],
            [
              -38.575785,
              -3.709429
            ],
            [
              -38.575988,
              -3.709337
            ]
          ]
        ],
        "type": "Polygon"
      },
      "properties": {
        "bairro": "BARRA DO CEARÁ",
        "faction": "CV",
        "generated_at": "2026-07-11T17:06:45.901244",
        "geometry_type": "Polygon",
        "is_centroid": false,
        "is_tactical": true,
        "local_street_pressure": 24.809,
        "municipality": "Fortaleza",
        "name": "Comunidade Olical",
        "nearby_streets": [
          "COMUNIDADE OLICAL",
          "CONJUNTO CIDADE DE DEUS OU CDD",
          "COMANDINHO"
        ],
        "nearby_streets_count": 96,
        "node_id": 23,
        "parent_area": "BARRA DO CEARÁ",
        "parent_risk_level": "moderado",
        "parent_risk_score": 44.3,
        "parent_status": "MODERADO",
        "peak_hours": "Entre 16hs e 21hs",
        "rank": 23,
        "region": "fortaleza",
        "risk_score": 52.428,
        "score": 52.428,
        "source_geometry_type": "Polygon"
      },
      "type": "Feature"
    },
    {
      "geometry": {
        "coordinates": [
          [
            [
              -38.571998,
              -3.704517
            ],
            [
              -38.57221,
              -3.704881
            ],
            [
              -38.572339,
              -3.705307
            ],
            [
              -38.572093,
              -3.70541
            ],
            [
              -38.572222,
              -3.705794
            ],
            [
              -38.570119,
              -3.706544
            ],
            [
              -38.569664,
              -3.705362
            ],
            [
              -38.571998,
              -3.704517
            ]
          ]
        ],
        "type": "Polygon"
      },
      "properties": {
        "bairro": "CRISTO REDENTOR",
        "faction": "CV",
        "generated_at": "2026-07-11T17:06:45.901244",
        "geometry_type": "Polygon",
        "is_centroid": false,
        "is_tactical": true,
        "local_street_pressure": 24.575,
        "municipality": "Fortaleza",
        "name": "Morro da Colônia (Complexo da Barra do Ceará)",
        "nearby_streets": [
          "RUA JOSÉ LUÍS NETO",
          "RUA TAMBAÚ",
          "MORRO DA COLÔNIA (COMPLEXO DA BARRA DO CEARÁ)"
        ],
        "nearby_streets_count": 90,
        "node_id": 24,
        "parent_area": "CRISTO REDENTOR",
        "parent_risk_level": "moderado",
        "parent_risk_score": 44.3,
        "parent_status": "MODERADO",
        "rank": 24,
        "region": "fortaleza",
        "risk_score": 52.42,
        "score": 52.42,
        "source_geometry_type": "Polygon"
      },
      "type": "Feature"
    },
    {
      "geometry": {
        "coordinates": [
          [
            [
              -38.575389,
              -3.701358
            ],
            [
              -38.57614,
              -3.703031
            ],
            [
              -38.575178,
              -3.703487
            ],
            [
              -38.574776,
              -3.703702
            ],
            [
              -38.574641,
              -3.703281
            ],
            [
              -38.574446,
              -3.702876
            ],
            [
              -38.574404,
              -3.702746
            ],
            [
              -38.5744,
              -3.70266
            ],
            [
              -38.57424,
              -3.702221
            ],
            [
              -38.574882,
              -3.701939
            ],
            [
              -38.57478,
              -3.70165
            ],
            [
              -38.575389,
              -3.701358
            ]
          ]
        ],
        "type": "Polygon"
      },
      "properties": {
        "bairro": "BARRA DO CEARÁ",
        "faction": "CV",
        "generated_at": "2026-07-11T17:06:45.901244",
        "geometry_type": "Polygon",
        "is_centroid": false,
        "is_tactical": true,
        "local_street_pressure": 24.468,
        "municipality": "Fortaleza",
        "name": "Comunidade do Cimpelco (Complexo da Barra do Ceará)",
        "nearby_streets": [
          "COMUNIDADE DO CIMPELCO (COMPLEXO DA BARRA DO CEARÁ)",
          "4 VARAS",
          "FAVELA DA CIRANDAR"
        ],
        "nearby_streets_count": 84,
        "node_id": 25,
        "parent_area": "BARRA DO CEARÁ",
        "parent_risk_level": "moderado",
        "parent_risk_score": 44.3,
        "parent_status": "MODERADO",
        "peak_hours": "Entre 16hs e 21hs",
        "rank": 25,
        "region": "fortaleza",
        "risk_score": 52.301,
        "score": 52.301,
        "source_geometry_type": "Polygon"
      },
      "type": "Feature"
    },
    {
      "geometry": {
        "coordinates": [
          [
            [
              -38.578012,
              -3.710539
            ],
            [
              -38.578665,
              -3.71242
            ],
            [
              -38.578402,
              -3.712514
            ],
            [
              -38.578352,
              -3.712334
            ],
            [
              -38.577678,
              -3.712562
            ],
            [
              -38.577751,
              -3.712749
            ],
            [
              -38.577501,
              -3.712838
            ],
            [
              -38.577115,
              -3.711736
            ],
            [
              -38.577075,
              -3.711751
            ],
            [
              -38.576879,
              -3.71122
            ],
            [
              -38.577193,
              -3.711115
            ],
            [
              -38.577102,
              -3.71085
            ],
            [
              -38.577604,
              -3.710665
            ],
            [
              -38.578004,
              -3.710524
            ],
            [
              -38.578012,
              -3.710539
            ]
          ]
        ],
        "type": "Polygon"
      },
      "properties": {
        "bairro": "BARRA DO CEARÁ",
        "faction": "CV",
        "generated_at": "2026-07-11T17:06:45.901244",
        "geometry_type": "Polygon",
        "is_centroid": false,
        "is_tactical": true,
        "local_street_pressure": 24.365,
        "municipality": "Fortaleza",
        "name": "Conjunto Cidade de Deus ou CDD",
        "nearby_streets": [
          "CONJUNTO CIDADE DE DEUS OU CDD",
          "COMUNIDADE GRAFITEIROS",
          "COMUNIDADE OLICAL"
        ],
        "nearby_streets_count": 95,
        "node_id": 26,
        "parent_area": "BARRA DO CEARÁ",
        "parent_risk_level": "moderado",
        "parent_risk_score": 44.3,
        "parent_status": "MODERADO",
        "peak_hours": "Entre 16hs e 21hs",
        "rank": 26,
        "region": "fortaleza",
        "risk_score": 52.219,
        "score": 52.219,
        "source_geometry_type": "Polygon"
      },
      "type": "Feature"
    },
    {
      "geometry": {
        "coordinates": [
          [
            [
              -38.578148,
              -3.707181
            ],
            [
              -38.579361,
              -3.709822
            ],
            [
              -38.579257,
              -3.709864
            ],
            [
              -38.578972,
              -3.709222
            ],
            [
              -38.578425,
              -3.709458
            ],
            [
              -38.578149,
              -3.70887
            ],
            [
              -38.57871,
              -3.708605
            ],
            [
              -38.578058,
              -3.707222
            ],
            [
              -38.578148,
              -3.707181
            ]
          ]
        ],
        "type": "Polygon"
      },
      "properties": {
        "bairro": "BARRA DO CEARÁ",
        "faction": "CV",
        "generated_at": "2026-07-11T17:06:45.901244",
        "geometry_type": "Polygon",
        "is_centroid": false,
        "is_tactical": true,
        "local_street_pressure": 24.297,
        "municipality": "Fortaleza",
        "name": "6 Companheiros",
        "nearby_streets": [
          "6 COMPANHEIROS",
          "AVENIDA 20 DE JANEIRO",
          "COMUNIDADE GRAFITEIROS"
        ],
        "nearby_streets_count": 90,
        "node_id": 27,
        "parent_area": "BARRA DO CEARÁ",
        "parent_risk_level": "moderado",
        "parent_risk_score": 44.3,
        "parent_status": "MODERADO",
        "peak_hours": "Entre 16hs e 21hs",
        "rank": 27,
        "region": "fortaleza",
        "risk_score": 52.055,
        "score": 52.055,
        "source_geometry_type": "Polygon"
      },
      "type": "Feature"
    },
    {
      "geometry": {
        "coordinates": [
          [
            [
              -38.581554,
              -3.702769
            ],
            [
              -38.578954,
              -3.703991
            ],
            [
              -38.578791,
              -3.703531
            ],
            [
              -38.57856,
              -3.703066
            ],
            [
              -38.5796,
              -3.702583
            ],
            [
              -38.579523,
              -3.70226
            ],
            [
              -38.579026,
              -3.702283
            ],
            [
              -38.578929,
              -3.702248
            ],
            [
              -38.578792,
              -3.701825
            ],
            [
              -38.578157,
              -3.702076
            ],
            [
              -38.577821,
              -3.701278
            ],
            [
              -38.579774,
              -3.700357
            ],
            [
              -38.579623,
              -3.699931
            ],
            [
              -38.580091,
              -3.700124
            ],
            [
              -38.580388,
              -3.700638
            ],
            [
              -38.580942,
              -3.700568
            ],
            [
              -38.581267,
              -3.700669
            ],
            [
              -38.581638,
              -3.700512
            ],
            [
              -38.582035,
              -3.701316
            ],
            [
              -38.582008,
              -3.701417
            ],
            [
              -38.581118,
              -3.70154
            ],
            [
              -38.581191,
              -3.701906
            ],
            [
              -38.581554,
              -3.702769
            ]
          ]
        ],
        "type": "Polygon"
      },
      "properties": {
        "bairro": "BARRA DO CEARÁ",
        "faction": "CV",
        "generated_at": "2026-07-11T17:06:45.901244",
        "geometry_type": "Polygon",
        "is_centroid": false,
        "is_tactical": true,
        "local_street_pressure": 23.386,
        "municipality": "Fortaleza",
        "name": "Comunidade do HX",
        "nearby_streets": [
          "COMUNIDADE DO HX",
          "BECO DA POMPEIA",
          "RUA DO LEME"
        ],
        "nearby_streets_count": 73,
        "node_id": 28,
        "parent_area": "BARRA DO CEARÁ",
        "parent_risk_level": "moderado",
        "parent_risk_score": 44.3,
        "parent_status": "MODERADO",
        "peak_hours": "Entre 16hs e 21hs",
        "rank": 28,
        "region": "fortaleza",
        "risk_score": 51.976,
        "score": 51.976,
        "source_geometry_type": "Polygon"
      },
      "type": "Feature"
    },
    {
      "geometry": {
        "coordinates": [
          [
            [
              -38.578025,
              -3.702103
            ],
            [
              -38.577826,
              -3.702185
            ],
            [
              -38.577333,
              -3.70231
            ],
            [
              -38.577619,
              -3.702941
            ],
            [
              -38.577054,
              -3.703189
            ],
            [
              -38.576845,
              -3.702739
            ],
            [
              -38.5762,
              -3.703036
            ],
            [
              -38.574729,
              -3.699718
            ],
            [
              -38.575757,
              -3.698836
            ],
            [
              -38.576347,
              -3.698553
            ],
            [
              -38.578025,
              -3.702103
            ]
          ]
        ],
        "type": "Polygon"
      },
      "properties": {
        "bairro": "BARRA DO CEARÁ",
        "faction": "CV",
        "generated_at": "2026-07-11T17:06:45.901244",
        "geometry_type": "Polygon",
        "is_centroid": false,
        "is_tactical": true,
        "local_street_pressure": 23.178,
        "municipality": "Fortaleza",
        "name": "Canal (Complexo da Barra do Ceará)",
        "nearby_streets": [
          "CANAL (COMPLEXO DA BARRA DO CEARÁ)",
          "COMUNIDADE DO CIMPELCO (COMPLEXO DA BARRA DO CEARÁ)",
          "4 VARAS"
        ],
        "nearby_streets_count": 76,
        "node_id": 29,
        "parent_area": "BARRA DO CEARÁ",
        "parent_risk_level": "moderado",
        "parent_risk_score": 44.3,
        "parent_status": "MODERADO",
        "peak_hours": "Entre 16hs e 21hs",
        "rank": 29,
        "region": "fortaleza",
        "risk_score": 51.802,
        "score": 51.802,
        "source_geometry_type": "Polygon"
      },
      "type": "Feature"
    },
    {
      "geometry": {
        "coordinates": [
          [
            [
              -38.579026,
              -3.702283
            ],
            [
              -38.579523,
              -3.70226
            ],
            [
              -38.5796,
              -3.702583
            ],
            [
              -38.579228,
              -3.702728
            ],
            [
              -38.579049,
              -3.702376
            ],
            [
              -38.579026,
              -3.702283
            ]
          ]
        ],
        "type": "Polygon"
      },
      "properties": {
        "bairro": "BARRA DO CEARÁ",
        "faction": "CV",
        "generated_at": "2026-07-11T17:06:45.901244",
        "geometry_type": "Polygon",
        "is_centroid": false,
        "is_tactical": true,
        "local_street_pressure": 23.945,
        "municipality": "Fortaleza",
        "name": "Beco da Pompeia",
        "nearby_streets": [
          "BECO DA POMPEIA",
          "COMUNIDADE DO HX",
          "AREA SEM NOME"
        ],
        "nearby_streets_count": 75,
        "node_id": 30,
        "parent_area": "BARRA DO CEARÁ",
        "parent_risk_level": "moderado",
        "parent_risk_score": 44.3,
        "parent_status": "MODERADO",
        "peak_hours": "Entre 16hs e 21hs",
        "rank": 30,
        "region": "fortaleza",
        "risk_score": 51.777,
        "score": 51.777,
        "source_geometry_type": "Polygon"
      },
      "type": "Feature"
    },
    {
      "geometry": {
        "coordinates": [
          [
            [
              -38.580873,
              -3.709415
            ],
            [
              -38.581036,
              -3.709862
            ],
            [
              -38.581042,
              -3.709939
            ],
            [
              -38.581218,
              -3.710286
            ],
            [
              -38.58131,
              -3.710245
            ],
            [
              -38.581523,
              -3.710648
            ],
            [
              -38.58137,
              -3.710778
            ],
            [
              -38.581418,
              -3.710921
            ],
            [
              -38.57997,
              -3.712321
            ],
            [
              -38.579747,
              -3.711727
            ],
            [
              -38.580313,
              -3.711534
            ],
            [
              -38.580077,
              -3.7109
            ],
            [
              -38.579492,
              -3.711096
            ],
            [
              -38.579054,
              -3.71002
            ],
            [
              -38.579286,
              -3.709937
            ],
            [
              -38.579428,
              -3.709891
            ],
            [
              -38.579867,
              -3.709757
            ],
            [
              -38.580425,
              -3.709559
            ],
            [
              -38.580873,
              -3.709415
            ]
          ]
        ],
        "type": "Polygon"
      },
      "properties": {
        "bairro": "BARRA DO CEARÁ",
        "faction": "CV",
        "generated_at": "2026-07-11T17:06:45.901244",
        "geometry_type": "Polygon",
        "is_centroid": false,
        "is_tactical": true,
        "local_street_pressure": 23.557,
        "municipality": "Fortaleza",
        "name": "Comunidade Grafiteiros",
        "nearby_streets": [
          "COMUNIDADE GRAFITEIROS",
          "COMUNIDADE DO GUETO NOVO",
          "CONJ. JACIARA"
        ],
        "nearby_streets_count": 90,
        "node_id": 31,
        "parent_area": "BARRA DO CEARÁ",
        "parent_risk_level": "moderado",
        "parent_risk_score": 44.3,
        "parent_status": "MODERADO",
        "peak_hours": "Entre 16hs e 21hs",
        "rank": 31,
        "region": "fortaleza",
        "risk_score": 51.744,
        "score": 51.744,
        "source_geometry_type": "Polygon"
      },
      "type": "Feature"
    },
    {
      "geometry": {
        "coordinates": [
          [
            [
              -38.580001,
              -3.704217
            ],
            [
              -38.580586,
              -3.703954
            ],
            [
              -38.58083,
              -3.70448
            ],
            [
              -38.580242,
              -3.70476
            ],
            [
              -38.580124,
              -3.704505
            ],
            [
              -38.580054,
              -3.704384
            ],
            [
              -38.580001,
              -3.704217
            ]
          ]
        ],
        "type": "Polygon"
      },
      "properties": {
        "bairro": "BARRA DO CEARÁ",
        "faction": "CV",
        "generated_at": "2026-07-11T17:06:45.901244",
        "geometry_type": "Polygon",
        "is_centroid": false,
        "is_tactical": true,
        "local_street_pressure": 23.843,
        "municipality": "Fortaleza",
        "name": "Beco Da Zeza",
        "nearby_streets": [
          "BECO DA ZEZA",
          "AREA SEM NOME",
          "AVENIDA 20 DE JANEIRO"
        ],
        "nearby_streets_count": 77,
        "node_id": 32,
        "parent_area": "BARRA DO CEARÁ",
        "parent_risk_level": "moderado",
        "parent_risk_score": 44.3,
        "parent_status": "MODERADO",
        "peak_hours": "Entre 16hs e 21hs",
        "rank": 32,
        "region": "fortaleza",
        "risk_score": 51.721,
        "score": 51.721,
        "source_geometry_type": "Polygon"
      },
      "type": "Feature"
    },
    {
      "geometry": {
        "coordinates": [
          [
            [
              -38.582634,
              -3.705064
            ],
            [
              -38.583314,
              -3.706492
            ],
            [
              -38.58303,
              -3.706626
            ],
            [
              -38.5831,
              -3.706797
            ],
            [
              -38.582135,
              -3.707268
            ],
            [
              -38.581378,
              -3.705593
            ],
            [
              -38.582634,
              -3.705064
            ]
          ]
        ],
        "type": "Polygon"
      },
      "properties": {
        "bairro": "BARRA DO CEARÁ",
        "faction": "CV",
        "generated_at": "2026-07-11T17:06:45.901244",
        "geometry_type": "Polygon",
        "is_centroid": false,
        "is_tactical": true,
        "local_street_pressure": 22.355,
        "municipality": "Fortaleza",
        "name": "Beco da 20",
        "nearby_streets": [
          "BECO DA 20",
          "CONJUNTO 7 PRÉDIOS",
          "LAMA SECA"
        ],
        "nearby_streets_count": 76,
        "node_id": 33,
        "parent_area": "BARRA DO CEARÁ",
        "parent_risk_level": "moderado",
        "parent_risk_score": 44.3,
        "parent_status": "MODERADO",
        "peak_hours": "Entre 16hs e 21hs",
        "rank": 33,
        "region": "fortaleza",
        "risk_score": 50.836,
        "score": 50.836,
        "source_geometry_type": "Polygon"
      },
      "type": "Feature"
    },
    {
      "geometry": {
        "coordinates": [
          [
            [
              -38.579391,
              -3.712721
            ],
            [
              -38.579448,
              -3.712646
            ],
            [
              -38.579756,
              -3.712536
            ],
            [
              -38.580025,
              -3.712407
            ],
            [
              -38.580166,
              -3.712287
            ],
            [
              -38.583416,
              -3.712123
            ],
            [
              -38.583146,
              -3.712714
            ],
            [
              -38.57965,
              -3.712915
            ],
            [
              -38.579391,
              -3.712721
            ]
          ]
        ],
        "type": "Polygon"
      },
      "properties": {
        "bairro": "BARRA DO CEARÁ",
        "faction": "CV",
        "generated_at": "2026-07-11T17:06:45.901244",
        "geometry_type": "Polygon",
        "is_centroid": false,
        "is_tactical": true,
        "local_street_pressure": 22.369,
        "municipality": "Fortaleza",
        "name": "Conj. Jaciara",
        "nearby_streets": [
          "CONJ. JACIARA",
          "COMUNIDADE GRAFITEIROS",
          "CONJUNTO CIDADE DE DEUS OU CDD"
        ],
        "nearby_streets_count": 89,
        "node_id": 34,
        "parent_area": "BARRA DO CEARÁ",
        "parent_risk_level": "moderado",
        "parent_risk_score": 44.3,
        "parent_status": "MODERADO",
        "peak_hours": "Entre 16hs e 21hs",
        "rank": 34,
        "region": "fortaleza",
        "risk_score": 50.824,
        "score": 50.824,
        "source_geometry_type": "Polygon"
      },
      "type": "Feature"
    },
    {
      "geometry": {
        "coordinates": [
          [
            [
              -38.58281,
              -3.706953
            ],
            [
              -38.583363,
              -3.707959
            ],
            [
              -38.581443,
              -3.709078
            ],
            [
              -38.580922,
              -3.707879
            ],
            [
              -38.58281,
              -3.706953
            ]
          ]
        ],
        "type": "Polygon"
      },
      "properties": {
        "bairro": "BARRA DO CEARÁ",
        "faction": "CV",
        "generated_at": "2026-07-11T17:06:45.901244",
        "geometry_type": "Polygon",
        "is_centroid": false,
        "is_tactical": true,
        "local_street_pressure": 22.282,
        "municipality": "Fortaleza",
        "name": "Comunidade do Gueto",
        "nearby_streets": [
          "COMUNIDADE DO GUETO",
          "BECO DA 20",
          "CONJUNTO 7 PRÉDIOS"
        ],
        "nearby_streets_count": 81,
        "node_id": 35,
        "parent_area": "BARRA DO CEARÁ",
        "parent_risk_level": "moderado",
        "parent_risk_score": 44.3,
        "parent_status": "MODERADO",
        "peak_hours": "Entre 16hs e 21hs",
        "rank": 35,
        "region": "fortaleza",
        "risk_score": 50.802,
        "score": 50.802,
        "source_geometry_type": "Polygon"
      },
      "type": "Feature"
    },
    {
      "geometry": {
        "coordinates": [
          [
            [
              -38.584311,
              -3.710836
            ],
            [
              -38.583758,
              -3.712113
            ],
            [
              -38.583403,
              -3.712086
            ],
            [
              -38.583127,
              -3.712083
            ],
            [
              -38.580163,
              -3.712225
            ],
            [
              -38.580914,
              -3.711454
            ],
            [
              -38.581418,
              -3.710921
            ],
            [
              -38.58137,
              -3.710778
            ],
            [
              -38.581523,
              -3.710648
            ],
            [
              -38.58131,
              -3.710245
            ],
            [
              -38.581396,
              -3.710178
            ],
            [
              -38.581305,
              -3.71001
            ],
            [
              -38.581432,
              -3.709942
            ],
            [
              -38.581302,
              -3.70963
            ],
            [
              -38.581183,
              -3.70967
            ],
            [
              -38.581065,
              -3.709367
            ],
            [
              -38.581461,
              -3.709222
            ],
            [
              -38.581955,
              -3.710073
            ],
            [
              -38.582652,
              -3.709388
            ],
            [
              -38.582285,
              -3.708941
            ],
            [
              -38.582235,
              -3.708969
            ],
            [
              -38.58211,
              -3.708817
            ],
            [
              -38.582255,
              -3.708716
            ],
            [
              -38.582802,
              -3.709406
            ],
            [
              -38.582841,
              -3.709429
            ],
            [
              -38.582871,
              -3.709408
            ],
            [
              -38.582905,
              -3.709439
            ],
            [
              -38.582919,
              -3.709429
            ],
            [
              -38.582942,
              -3.709458
            ],
            [
              -38.582955,
              -3.709448
            ],
            [
              -38.583014,
              -3.7095
            ],
            [
              -38.583052,
              -3.709542
            ],
            [
              -38.583087,
              -3.709527
            ],
            [
              -38.583151,
              -3.709636
            ],
            [
              -38.583108,
              -3.709701
            ],
            [
              -38.583221,
              -3.709904
            ],
            [
              -38.583226,
              -3.709974
            ],
            [
              -38.583379,
              -3.709971
            ],
            [
              -38.583382,
              -3.710033
            ],
            [
              -38.58365,
              -3.710025
            ],
            [
              -38.583652,
              -3.709944
            ],
            [
              -38.583862,
              -3.709912
            ],
            [
              -38.583843,
              -3.710006
            ],
            [
              -38.583894,
              -3.710142
            ],
            [
              -38.58395,
              -3.710148
            ],
            [
              -38.583974,
              -3.710514
            ],
            [
              -38.583701,
              -3.710538
            ],
            [
              -38.583733,
              -3.710664
            ],
            [
              -38.58383,
              -3.710659
            ],
            [
              -38.583838,
              -3.710712
            ],
            [
              -38.584063,
              -3.71069
            ],
            [
              -38.584067,
              -3.710724
            ],
            [
              -38.584108,
              -3.710719
            ],
            [
              -38.584127,
              -3.710881
            ],
            [
              -38.584311,
              -3.710836
            ]
          ]
        ],
        "type": "Polygon"
      },
      "properties": {
        "bairro": "BARRA DO CEARÁ",
        "faction": "CV",
        "generated_at": "2026-07-11T17:06:45.901244",
        "geometry_type": "Polygon",
        "is_centroid": false,
        "is_tactical": true,
        "local_street_pressure": 21.618,
        "municipality": "Fortaleza",
        "name": "Comunidade do Gueto Novo",
        "nearby_streets": [
          "COMUNIDADE DO GUETO NOVO",
          "COMUNIDADE DO GUETO",
          "COMUNIDADE GRAFITEIROS"
        ],
        "nearby_streets_count": 83,
        "node_id": 36,
        "parent_area": "BARRA DO CEARÁ",
        "parent_risk_level": "moderado",
        "parent_risk_score": 44.3,
        "parent_status": "MODERADO",
        "peak_hours": "Entre 16hs e 21hs",
        "rank": 36,
        "region": "fortaleza",
        "risk_score": 50.663,
        "score": 50.663,
        "source_geometry_type": "Polygon"
      },
      "type": "Feature"
    },
    {
      "geometry": {
        "coordinates": [
          [
            [
              -38.574713,
              -3.699739
            ],
            [
              -38.575442,
              -3.701335
            ],
            [
              -38.57478,
              -3.70165
            ],
            [
              -38.574882,
              -3.701939
            ],
            [
              -38.57424,
              -3.702221
            ],
            [
              -38.5744,
              -3.70266
            ],
            [
              -38.574007,
              -3.702861
            ],
            [
              -38.573958,
              -3.702756
            ],
            [
              -38.573699,
              -3.702829
            ],
            [
              -38.573737,
              -3.702661
            ],
            [
              -38.573565,
              -3.702207
            ],
            [
              -38.573683,
              -3.702136
            ],
            [
              -38.573603,
              -3.701905
            ],
            [
              -38.573765,
              -3.701844
            ],
            [
              -38.573708,
              -3.701608
            ],
            [
              -38.573782,
              -3.701543
            ],
            [
              -38.57373,
              -3.701351
            ],
            [
              -38.573799,
              -3.701314
            ],
            [
              -38.573783,
              -3.701168
            ],
            [
              -38.573983,
              -3.701085
            ],
            [
              -38.574062,
              -3.700858
            ],
            [
              -38.574152,
              -3.700868
            ],
            [
              -38.574197,
              -3.700706
            ],
            [
              -38.574318,
              -3.700703
            ],
            [
              -38.574364,
              -3.700633
            ],
            [
              -38.574469,
              -3.700625
            ],
            [
              -38.574528,
              -3.700384
            ],
            [
              -38.574495,
              -3.700297
            ],
            [
              -38.574504,
              -3.700158
            ],
            [
              -38.574579,
              -3.700102
            ],
            [
              -38.574563,
              -3.699968
            ],
            [
              -38.574628,
              -3.699932
            ],
            [
              -38.574571,
              -3.699812
            ],
            [
              -38.574713,
              -3.699739
            ]
          ]
        ],
        "type": "Polygon"
      },
      "properties": {
        "bairro": "BARRA DO CEARÁ",
        "faction": "CV",
        "generated_at": "2026-07-11T17:06:45.901244",
        "geometry_type": "Polygon",
        "is_centroid": false,
        "is_tactical": true,
        "local_street_pressure": 22.023,
        "municipality": "Fortaleza",
        "name": "4 Varas",
        "nearby_streets": [
          "4 VARAS",
          "COMUNIDADE DO CIMPELCO (COMPLEXO DA BARRA DO CEARÁ)",
          "FAVELA DA 3P"
        ],
        "nearby_streets_count": 77,
        "node_id": 37,
        "parent_area": "BARRA DO CEARÁ",
        "parent_risk_level": "moderado",
        "parent_risk_score": 44.3,
        "parent_status": "MODERADO",
        "peak_hours": "Entre 16hs e 21hs",
        "rank": 37,
        "region": "fortaleza",
        "risk_score": 50.62,
        "score": 50.62,
        "source_geometry_type": "Polygon"
      },
      "type": "Feature"
    },
    {
      "geometry": {
        "coordinates": [
          [
            [
              -38.582709,
              -3.705032
            ],
            [
              -38.583224,
              -3.704782
            ],
            [
              -38.583911,
              -3.706262
            ],
            [
              -38.583337,
              -3.706396
            ],
            [
              -38.582709,
              -3.705032
            ]
          ]
        ],
        "type": "Polygon"
      },
      "properties": {
        "bairro": "BARRA DO CEARÁ",
        "faction": "CV",
        "generated_at": "2026-07-11T17:06:45.901244",
        "geometry_type": "Polygon",
        "is_centroid": false,
        "is_tactical": true,
        "local_street_pressure": 22.076,
        "municipality": "Fortaleza",
        "name": "Conjunto 7 Prédios",
        "nearby_streets": [
          "CONJUNTO 7 PRÉDIOS",
          "BECO DA 20",
          "LAMA SECA"
        ],
        "nearby_streets_count": 77,
        "node_id": 38,
        "parent_area": "BARRA DO CEARÁ",
        "parent_risk_level": "moderado",
        "parent_risk_score": 44.3,
        "parent_status": "MODERADO",
        "peak_hours": "Entre 16hs e 21hs",
        "rank": 38,
        "region": "fortaleza",
        "risk_score": 50.535,
        "score": 50.535,
        "source_geometry_type": "Polygon"
      },
      "type": "Feature"
    },
    {
      "geometry": {
        "coordinates": [
          [
            [
              -38.573113,
              -3.701367
            ],
            [
              -38.573171,
              -3.701493
            ],
            [
              -38.573362,
              -3.701418
            ],
            [
              -38.573388,
              -3.70144
            ],
            [
              -38.573483,
              -3.701628
            ],
            [
              -38.57351,
              -3.70163
            ],
            [
              -38.573683,
              -3.702136
            ],
            [
              -38.573565,
              -3.702207
            ],
            [
              -38.573737,
              -3.702661
            ],
            [
              -38.573714,
              -3.702746
            ],
            [
              -38.572397,
              -3.703263
            ],
            [
              -38.57209,
              -3.702672
            ],
            [
              -38.571931,
              -3.702224
            ],
            [
              -38.572259,
              -3.702098
            ],
            [
              -38.572193,
              -3.701877
            ],
            [
              -38.57235,
              -3.701818
            ],
            [
              -38.572316,
              -3.701729
            ],
            [
              -38.572387,
              -3.701704
            ],
            [
              -38.572363,
              -3.701622
            ],
            [
              -38.572471,
              -3.701569
            ],
            [
              -38.57257,
              -3.701832
            ],
            [
              -38.572643,
              -3.701815
            ],
            [
              -38.572671,
              -3.701782
            ],
            [
              -38.573005,
              -3.701683
            ],
            [
              -38.572973,
              -3.701594
            ],
            [
              -38.573076,
              -3.701554
            ],
            [
              -38.573032,
              -3.70142
            ],
            [
              -38.573113,
              -3.701367
            ]
          ]
        ],
        "type": "Polygon"
      },
      "properties": {
        "bairro": "BARRA DO CEARÁ",
        "faction": "CV",
        "generated_at": "2026-07-11T17:06:45.901244",
        "geometry_type": "Polygon",
        "is_centroid": false,
        "is_tactical": true,
        "local_street_pressure": 21.832,
        "municipality": "Fortaleza",
        "name": "Favela da 3P",
        "nearby_streets": [
          "FAVELA DA 3P",
          "4 VARAS",
          "FAVELA DA CIRANDAR"
        ],
        "nearby_streets_count": 79,
        "node_id": 39,
        "parent_area": "BARRA DO CEARÁ",
        "parent_risk_level": "moderado",
        "parent_risk_score": 44.3,
        "parent_status": "MODERADO",
        "peak_hours": "Entre 16hs e 21hs",
        "rank": 39,
        "region": "fortaleza",
        "risk_score": 50.451,
        "score": 50.451,
        "source_geometry_type": "Polygon"
      },
      "type": "Feature"
    },
    {
      "geometry": {
        "coordinates": [
          [
            [
              -38.581019,
              -3.698165
            ],
            [
              -38.581884,
              -3.70004
            ],
            [
              -38.581483,
              -3.700227
            ],
            [
              -38.581167,
              -3.699635
            ],
            [
              -38.580781,
              -3.699489
            ],
            [
              -38.580643,
              -3.699376
            ],
            [
              -38.580481,
              -3.699166
            ],
            [
              -38.580387,
              -3.698903
            ],
            [
              -38.580382,
              -3.69878
            ],
            [
              -38.580417,
              -3.698542
            ],
            [
              -38.580532,
              -3.698346
            ],
            [
              -38.580613,
              -3.69834
            ],
            [
              -38.581019,
              -3.698165
            ]
          ]
        ],
        "type": "Polygon"
      },
      "properties": {
        "bairro": "BARRA DO CEARÁ",
        "faction": "CV",
        "generated_at": "2026-07-11T17:06:45.901244",
        "geometry_type": "Polygon",
        "is_centroid": false,
        "is_tactical": true,
        "local_street_pressure": 21.165,
        "municipality": "Fortaleza",
        "name": "Quadrinhas",
        "nearby_streets": [
          "QUADRINHAS",
          "FAVELINHA",
          "RUA DO LEME"
        ],
        "nearby_streets_count": 63,
        "node_id": 40,
        "parent_area": "BARRA DO CEARÁ",
        "parent_risk_level": "moderado",
        "parent_risk_score": 44.3,
        "parent_status": "MODERADO",
        "peak_hours": "Entre 16hs e 21hs",
        "rank": 40,
        "region": "fortaleza",
        "risk_score": 49.941,
        "score": 49.941,
        "source_geometry_type": "Polygon"
      },
      "type": "Feature"
    },
    {
      "geometry": {
        "coordinates": [
          [
            [
              -38.582564,
              -3.698169
            ],
            [
              -38.582728,
              -3.69813
            ],
            [
              -38.582887,
              -3.698122
            ],
            [
              -38.582982,
              -3.698142
            ],
            [
              -38.582999,
              -3.698217
            ],
            [
              -38.583031,
              -3.69831
            ],
            [
              -38.583112,
              -3.698419
            ],
            [
              -38.583226,
              -3.698477
            ],
            [
              -38.583446,
              -3.69854
            ],
            [
              -38.583764,
              -3.698589
            ],
            [
              -38.583888,
              -3.698646
            ],
            [
              -38.58394,
              -3.698716
            ],
            [
              -38.583958,
              -3.698794
            ],
            [
              -38.584101,
              -3.698764
            ],
            [
              -38.584236,
              -3.699096
            ],
            [
              -38.584499,
              -3.698918
            ],
            [
              -38.584691,
              -3.699291
            ],
            [
              -38.584382,
              -3.699475
            ],
            [
              -38.584069,
              -3.699611
            ],
            [
              -38.58341,
              -3.699909
            ],
            [
              -38.584135,
              -3.701552
            ],
            [
              -38.583137,
              -3.702032
            ],
            [
              -38.583026,
              -3.701789
            ],
            [
              -38.582944,
              -3.701688
            ],
            [
              -38.582906,
              -3.7016
            ],
            [
              -38.582853,
              -3.70147
            ],
            [
              -38.582813,
              -3.701382
            ],
            [
              -38.582276,
              -3.700231
            ],
            [
              -38.582226,
              -3.700123
            ],
            [
              -38.582162,
              -3.700011
            ],
            [
              -38.582126,
              -3.699939
            ],
            [
              -38.581884,
              -3.70004
            ],
            [
              -38.581623,
              -3.69941
            ],
            [
              -38.581913,
              -3.699297
            ],
            [
              -38.582276,
              -3.699157
            ],
            [
              -38.582529,
              -3.699055
            ],
            [
              -38.582579,
              -3.698919
            ],
            [
              -38.582626,
              -3.698699
            ],
            [
              -38.582635,
              -3.698476
            ],
            [
              -38.582613,
              -3.698325
            ],
            [
              -38.582564,
              -3.698169
            ]
          ]
        ],
        "type": "Polygon"
      },
      "properties": {
        "bairro": "BARRA DO CEARÁ",
        "faction": "CV",
        "generated_at": "2026-07-11T17:06:45.901244",
        "geometry_type": "Polygon",
        "is_centroid": false,
        "is_tactical": true,
        "local_street_pressure": 20.508,
        "municipality": "Fortaleza",
        "name": "Travessa",
        "nearby_streets": [
          "RUA JANGADA",
          "TRAVESSA",
          "COMUNIDADE DO CAMPINHO"
        ],
        "nearby_streets_count": 60,
        "node_id": 41,
        "parent_area": "BARRA DO CEARÁ",
        "parent_risk_level": "moderado",
        "parent_risk_score": 44.3,
        "parent_status": "MODERADO",
        "peak_hours": "Entre 16hs e 21hs",
        "rank": 41,
        "region": "fortaleza",
        "risk_score": 49.767,
        "score": 49.767,
        "source_geometry_type": "Polygon"
      },
      "type": "Feature"
    },
    {
      "geometry": {
        "coordinates": [
          [
            [
              -38.57923,
              -3.698288
            ],
            [
              -38.579022,
              -3.69843
            ],
            [
              -38.579499,
              -3.698673
            ],
            [
              -38.579277,
              -3.699223
            ],
            [
              -38.579649,
              -3.698998
            ],
            [
              -38.579697,
              -3.699119
            ],
            [
              -38.579748,
              -3.699175
            ],
            [
              -38.579798,
              -3.699133
            ],
            [
              -38.579952,
              -3.699627
            ],
            [
              -38.579988,
              -3.699799
            ],
            [
              -38.580091,
              -3.700124
            ],
            [
              -38.579589,
              -3.699926
            ],
            [
              -38.57931,
              -3.699748
            ],
            [
              -38.578707,
              -3.699255
            ],
            [
              -38.577764,
              -3.697339
            ],
            [
              -38.577827,
              -3.697308
            ],
            [
              -38.577798,
              -3.697211
            ],
            [
              -38.57829,
              -3.696963
            ],
            [
              -38.579041,
              -3.696965
            ],
            [
              -38.579614,
              -3.698121
            ],
            [
              -38.57923,
              -3.698288
            ]
          ]
        ],
        "type": "Polygon"
      },
      "properties": {
        "bairro": "BARRA DO CEARÁ",
        "faction": "CV",
        "generated_at": "2026-07-11T17:06:45.901244",
        "geometry_type": "Polygon",
        "is_centroid": false,
        "is_tactical": true,
        "local_street_pressure": 20.697,
        "municipality": "Fortaleza",
        "name": "Morro do Grêmio",
        "nearby_streets": [
          "MORRO DO GRÊMIO",
          "RUA DO LEME",
          "GOIABEIRAS"
        ],
        "nearby_streets_count": 63,
        "node_id": 42,
        "parent_area": "BARRA DO CEARÁ",
        "parent_risk_level": "moderado",
        "parent_risk_score": 44.3,
        "parent_status": "MODERADO",
        "peak_hours": "Entre 16hs e 21hs",
        "rank": 42,
        "region": "fortaleza",
        "risk_score": 49.749,
        "score": 49.749,
        "source_geometry_type": "Polygon"
      },
      "type": "Feature"
    },
    {
      "geometry": {
        "coordinates": [
          [
            [
              -38.577764,
              -3.697339
            ],
            [
              -38.578707,
              -3.699255
            ],
            [
              -38.579623,
              -3.699968
            ],
            [
              -38.579774,
              -3.700357
            ],
            [
              -38.577821,
              -3.701278
            ],
            [
              -38.576524,
              -3.698506
            ],
            [
              -38.576465,
              -3.698383
            ],
            [
              -38.576863,
              -3.698129
            ],
            [
              -38.577117,
              -3.697932
            ],
            [
              -38.57748,
              -3.697709
            ],
            [
              -38.577492,
              -3.697443
            ],
            [
              -38.577764,
              -3.697339
            ]
          ]
        ],
        "type": "Polygon"
      },
      "properties": {
        "bairro": "BARRA DO CEARÁ",
        "faction": "CV",
        "generated_at": "2026-07-11T17:06:45.901244",
        "geometry_type": "Polygon",
        "is_centroid": false,
        "is_tactical": true,
        "local_street_pressure": 20.207,
        "municipality": "Fortaleza",
        "name": "Goiabeiras",
        "nearby_streets": [
          "RUA DOUTOR JOSÉ ROBERTO SALES",
          "GOIABEIRAS",
          "MORRO DO GRÊMIO"
        ],
        "nearby_streets_count": 63,
        "node_id": 43,
        "parent_area": "BARRA DO CEARÁ",
        "parent_risk_level": "moderado",
        "parent_risk_score": 44.3,
        "parent_status": "MODERADO",
        "peak_hours": "Entre 16hs e 21hs",
        "rank": 43,
        "region": "fortaleza",
        "risk_score": 49.607,
        "score": 49.607,
        "source_geometry_type": "Polygon"
      },
      "type": "Feature"
    },
    {
      "geometry": {
        "coordinates": [
          [
            [
              -38.572083,
              -3.702653
            ],
            [
              -38.570235,
              -3.703458
            ],
            [
              -38.569963,
              -3.70276
            ],
            [
              -38.568956,
              -3.702936
            ],
            [
              -38.568874,
              -3.702546
            ],
            [
              -38.569405,
              -3.702433
            ],
            [
              -38.569606,
              -3.70239
            ],
            [
              -38.570027,
              -3.70224
            ],
            [
              -38.570258,
              -3.702098
            ],
            [
              -38.5704,
              -3.702074
            ],
            [
              -38.570682,
              -3.701978
            ],
            [
              -38.570663,
              -3.701908
            ],
            [
              -38.571062,
              -3.701737
            ],
            [
              -38.57113,
              -3.701937
            ],
            [
              -38.571241,
              -3.701885
            ],
            [
              -38.57126,
              -3.701948
            ],
            [
              -38.571533,
              -3.701848
            ],
            [
              -38.571667,
              -3.702303
            ],
            [
              -38.571931,
              -3.702224
            ],
            [
              -38.572045,
              -3.702548
            ],
            [
              -38.572083,
              -3.702653
            ]
          ]
        ],
        "type": "Polygon"
      },
      "properties": {
        "bairro": "CRISTO REDENTOR",
        "faction": "CV",
        "generated_at": "2026-07-11T17:06:45.901244",
        "geometry_type": "Polygon",
        "is_centroid": false,
        "is_tactical": true,
        "local_street_pressure": 20.491,
        "municipality": "Fortaleza",
        "name": "Comunidade dos Coqueiros (Complexo da Barra do Ceará)",
        "nearby_streets": [
          "COMUNIDADE DOS COQUEIROS (COMPLEXO DA BARRA DO CEARÁ)",
          "FAVELA DA 3P",
          "RUA JOSÉ LUÍS NETO"
        ],
        "nearby_streets_count": 80,
        "node_id": 44,
        "parent_area": "CRISTO REDENTOR",
        "parent_risk_level": "moderado",
        "parent_risk_score": 44.3,
        "parent_status": "MODERADO",
        "rank": 44,
        "region": "fortaleza",
        "risk_score": 49.56,
        "score": 49.56,
        "source_geometry_type": "Polygon"
      },
      "type": "Feature"
    },
    {
      "geometry": {
        "coordinates": [
          [
            [
              -38.584692,
              -3.705944
            ],
            [
              -38.585228,
              -3.706833
            ],
            [
              -38.584456,
              -3.707267
            ],
            [
              -38.58403,
              -3.706424
            ],
            [
              -38.584002,
              -3.706425
            ],
            [
              -38.583912,
              -3.70647
            ],
            [
              -38.583876,
              -3.706399
            ],
            [
              -38.583908,
              -3.706382
            ],
            [
              -38.583914,
              -3.706391
            ],
            [
              -38.583984,
              -3.706361
            ],
            [
              -38.583968,
              -3.706317
            ],
            [
              -38.583956,
              -3.706322
            ],
            [
              -38.583939,
              -3.706272
            ],
            [
              -38.584089,
              -3.706209
            ],
            [
              -38.58412,
              -3.706275
            ],
            [
              -38.584692,
              -3.705944
            ]
          ]
        ],
        "type": "Polygon"
      },
      "properties": {
        "bairro": "BARRA DO CEARÁ",
        "faction": "CV",
        "generated_at": "2026-07-11T17:06:45.901244",
        "geometry_type": "Polygon",
        "is_centroid": false,
        "is_tactical": true,
        "local_street_pressure": 20.632,
        "municipality": "Fortaleza",
        "name": "Lama Seca",
        "nearby_streets": [
          "LAMA SECA",
          "CONJUNTO 7 PRÉDIOS",
          "BECO DA 20"
        ],
        "nearby_streets_count": 73,
        "node_id": 45,
        "parent_area": "BARRA DO CEARÁ",
        "parent_risk_level": "moderado",
        "parent_risk_score": 44.3,
        "parent_status": "MODERADO",
        "peak_hours": "Entre 16hs e 21hs",
        "rank": 45,
        "region": "fortaleza",
        "risk_score": 49.535,
        "score": 49.535,
        "source_geometry_type": "Polygon"
      },
      "type": "Feature"
    },
    {
      "geometry": {
        "coordinates": [
          [
            [
              -38.583501,
              -3.699931
            ],
            [
              -38.584198,
              -3.699625
            ],
            [
              -38.584734,
              -3.699345
            ],
            [
              -38.585214,
              -3.699016
            ],
            [
              -38.585793,
              -3.700161
            ],
            [
              -38.583977,
              -3.700983
            ],
            [
              -38.583501,
              -3.699931
            ]
          ]
        ],
        "type": "Polygon"
      },
      "properties": {
        "bairro": "BARRA DO CEARÁ",
        "faction": "CV",
        "generated_at": "2026-07-11T17:06:45.901244",
        "geometry_type": "Polygon",
        "is_centroid": false,
        "is_tactical": true,
        "local_street_pressure": 19.768,
        "municipality": "Fortaleza",
        "name": "Comunidade Do Campinho",
        "nearby_streets": [
          "COMUNIDADE DO CAMPINHO",
          "RUA JANGADA",
          "TRAVESSA"
        ],
        "nearby_streets_count": 61,
        "node_id": 46,
        "parent_area": "BARRA DO CEARÁ",
        "parent_risk_level": "moderado",
        "parent_risk_score": 44.3,
        "parent_status": "MODERADO",
        "peak_hours": "Entre 16hs e 21hs",
        "rank": 46,
        "region": "fortaleza",
        "risk_score": 49.039,
        "score": 49.039,
        "source_geometry_type": "Polygon"
      },
      "type": "Feature"
    },
    {
      "geometry": {
        "coordinates": [
          [
            [
              -38.56558,
              -3.705698
            ],
            [
              -38.56576,
              -3.70562
            ],
            [
              -38.565916,
              -3.705901
            ],
            [
              -38.566136,
              -3.706164
            ],
            [
              -38.566605,
              -3.705864
            ],
            [
              -38.566931,
              -3.706885
            ],
            [
              -38.566115,
              -3.707139
            ],
            [
              -38.56558,
              -3.705698
            ]
          ]
        ],
        "type": "Polygon"
      },
      "properties": {
        "bairro": "CRISTO REDENTOR",
        "faction": "CV",
        "generated_at": "2026-07-11T17:06:45.901244",
        "geometry_type": "Polygon",
        "is_centroid": false,
        "is_tactical": true,
        "local_street_pressure": 19.678,
        "municipality": "Fortaleza",
        "name": "Fronteira (Complexo da Barra do Ceará)",
        "nearby_streets": [
          "FRONTEIRA (COMPLEXO DA BARRA DO CEARÁ)",
          "BURACO DO CÉU",
          "AREA SEM NOME"
        ],
        "nearby_streets_count": 85,
        "node_id": 47,
        "parent_area": "CRISTO REDENTOR",
        "parent_risk_level": "moderado",
        "parent_risk_score": 44.3,
        "parent_status": "MODERADO",
        "rank": 47,
        "region": "fortaleza",
        "risk_score": 48.883,
        "score": 48.883,
        "source_geometry_type": "Polygon"
      },
      "type": "Feature"
    },
    {
      "geometry": {
        "coordinates": [
          [
            [
              -38.574001,
              -3.706414
            ],
            [
              -38.574312,
              -3.707336
            ],
            [
              -38.574631,
              -3.707102
            ],
            [
              -38.574608,
              -3.707067
            ],
            [
              -38.574859,
              -3.706968
            ],
            [
              -38.574908,
              -3.707089
            ],
            [
              -38.573961,
              -3.707806
            ],
            [
              -38.573874,
              -3.70757
            ],
            [
              -38.573049,
              -3.707859
            ],
            [
              -38.572678,
              -3.706876
            ],
            [
              -38.574001,
              -3.706414
            ]
          ]
        ],
        "type": "Polygon"
      },
      "properties": {
        "bairro": "BARRA DO CEARÁ",
        "faction": "CV",
        "generated_at": "2026-07-11T17:06:45.901244",
        "geometry_type": "Polygon",
        "is_centroid": false,
        "is_tactical": true,
        "local_street_pressure": 19.498,
        "municipality": "(Complexo da Barra do Ceará)",
        "name": "B13 - (Complexo da Barra do Ceará)",
        "nearby_streets": [
          "B13 - (COMPLEXO DA BARRA DO CEARÁ)",
          "RUA TAMBAÚ",
          "FAVELA DO BICAL"
        ],
        "nearby_streets_count": 57,
        "node_id": 48,
        "parent_area": "BARRA DO CEARÁ",
        "parent_risk_level": "moderado",
        "parent_risk_score": 44.3,
        "parent_status": "MODERADO",
        "peak_hours": "Entre 16hs e 21hs",
        "rank": 48,
        "region": "fortaleza",
        "risk_score": 48.804,
        "score": 48.804,
        "source_geometry_type": "Polygon"
      },
      "type": "Feature"
    },
    {
      "geometry": {
        "coordinates": [
          [
            [
              -38.584107,
              -3.703042
            ],
            [
              -38.585995,
              -3.702168
            ],
            [
              -38.586447,
              -3.70315
            ],
            [
              -38.584588,
              -3.704044
            ],
            [
              -38.584107,
              -3.703042
            ]
          ]
        ],
        "type": "Polygon"
      },
      "properties": {
        "bairro": "BARRA DO CEARÁ",
        "faction": "CV",
        "generated_at": "2026-07-11T17:06:45.901244",
        "geometry_type": "Polygon",
        "is_centroid": false,
        "is_tactical": true,
        "local_street_pressure": 19.388,
        "municipality": "Fortaleza",
        "name": "Campo do Cruzeiro",
        "nearby_streets": [
          "CAMPO DO CRUZEIRO",
          "COMUNIDADE DO CAMPINHO",
          "CONJUNTO 7 PRÉDIOS"
        ],
        "nearby_streets_count": 67,
        "node_id": 49,
        "parent_area": "BARRA DO CEARÁ",
        "parent_risk_level": "moderado",
        "parent_risk_score": 44.3,
        "parent_status": "MODERADO",
        "peak_hours": "Entre 16hs e 21hs",
        "rank": 49,
        "region": "fortaleza",
        "risk_score": 48.772,
        "score": 48.772,
        "source_geometry_type": "Polygon"
      },
      "type": "Feature"
    },
    {
      "geometry": {
        "coordinates": [
          [
            [
              -38.583639,
              -3.696937
            ],
            [
              -38.583654,
              -3.697169
            ],
            [
              -38.583675,
              -3.697292
            ],
            [
              -38.583723,
              -3.697296
            ],
            [
              -38.583744,
              -3.697381
            ],
            [
              -38.583839,
              -3.697606
            ],
            [
              -38.583854,
              -3.697766
            ],
            [
              -38.583865,
              -3.6981
            ],
            [
              -38.583822,
              -3.698542
            ],
            [
              -38.583488,
              -3.698501
            ],
            [
              -38.583294,
              -3.698445
            ],
            [
              -38.583117,
              -3.698336
            ],
            [
              -38.583051,
              -3.698214
            ],
            [
              -38.583033,
              -3.698145
            ],
            [
              -38.582866,
              -3.698114
            ],
            [
              -38.582526,
              -3.698134
            ],
            [
              -38.582597,
              -3.698462
            ],
            [
              -38.582599,
              -3.69867
            ],
            [
              -38.582553,
              -3.698895
            ],
            [
              -38.58246,
              -3.699023
            ],
            [
              -38.582255,
              -3.699135
            ],
            [
              -38.581623,
              -3.69941
            ],
            [
              -38.581019,
              -3.698165
            ],
            [
              -38.581258,
              -3.698041
            ],
            [
              -38.581183,
              -3.697768
            ],
            [
              -38.581249,
              -3.69774
            ],
            [
              -38.581219,
              -3.69771
            ],
            [
              -38.58117,
              -3.697613
            ],
            [
              -38.581149,
              -3.69763
            ],
            [
              -38.581077,
              -3.697481
            ],
            [
              -38.58148,
              -3.697286
            ],
            [
              -38.581454,
              -3.69715
            ],
            [
              -38.581989,
              -3.69707
            ],
            [
              -38.582421,
              -3.69704
            ],
            [
              -38.583097,
              -3.696969
            ],
            [
              -38.583639,
              -3.696937
            ]
          ]
        ],
        "type": "Polygon"
      },
      "properties": {
        "bairro": "BARRA DO CEARÁ",
        "faction": "CV",
        "generated_at": "2026-07-11T17:06:45.901244",
        "geometry_type": "Polygon",
        "is_centroid": false,
        "is_tactical": true,
        "local_street_pressure": 18.871,
        "municipality": "Fortaleza",
        "name": "Favelinha",
        "nearby_streets": [
          "FAVELINHA",
          "COMUNIDADE SÃO ANTONIO",
          "RUA JANGADA"
        ],
        "nearby_streets_count": 54,
        "node_id": 50,
        "parent_area": "BARRA DO CEARÁ",
        "parent_risk_level": "moderado",
        "parent_risk_score": 44.3,
        "parent_status": "MODERADO",
        "peak_hours": "Entre 16hs e 21hs",
        "rank": 50,
        "region": "fortaleza",
        "risk_score": 48.569,
        "score": 48.569,
        "source_geometry_type": "Polygon"
      },
      "type": "Feature"
    },
    {
      "geometry": {
        "coordinates": [
          [
            [
              -38.583854,
              -3.695891
            ],
            [
              -38.583843,
              -3.695926
            ],
            [
              -38.583859,
              -3.696372
            ],
            [
              -38.583784,
              -3.696467
            ],
            [
              -38.583687,
              -3.69664
            ],
            [
              -38.583671,
              -3.696795
            ],
            [
              -38.583639,
              -3.696937
            ],
            [
              -38.583097,
              -3.696969
            ],
            [
              -38.582421,
              -3.69704
            ],
            [
              -38.581989,
              -3.69707
            ],
            [
              -38.581454,
              -3.69715
            ],
            [
              -38.581451,
              -3.697257
            ],
            [
              -38.58092,
              -3.697501
            ],
            [
              -38.580766,
              -3.697064
            ],
            [
              -38.580645,
              -3.696758
            ],
            [
              -38.581198,
              -3.696451
            ],
            [
              -38.581413,
              -3.69629
            ],
            [
              -38.581676,
              -3.696215
            ],
            [
              -38.583038,
              -3.695958
            ],
            [
              -38.583854,
              -3.695891
            ]
          ]
        ],
        "type": "Polygon"
      },
      "properties": {
        "bairro": "BARRA DO CEARÁ",
        "faction": "CV",
        "generated_at": "2026-07-11T17:06:45.901244",
        "geometry_type": "Polygon",
        "is_centroid": false,
        "is_tactical": true,
        "local_street_pressure": 17.655,
        "municipality": "Fortaleza",
        "name": "Comunidade São Antonio",
        "nearby_streets": [
          "COMUNIDADE SÃO ANTONIO",
          "COMUNIDADE SÃO PEDRO",
          "FAVELINHA"
        ],
        "nearby_streets_count": 52,
        "node_id": 51,
        "parent_area": "BARRA DO CEARÁ",
        "parent_risk_level": "moderado",
        "parent_risk_score": 44.3,
        "parent_status": "MODERADO",
        "peak_hours": "Entre 16hs e 21hs",
        "rank": 51,
        "region": "fortaleza",
        "risk_score": 47.616,
        "score": 47.616,
        "source_geometry_type": "Polygon"
      },
      "type": "Feature"
    },
    {
      "geometry": {
        "coordinates": [
          [
            [
              -38.584898,
              -3.710726
            ],
            [
              -38.587109,
              -3.710408
            ],
            [
              -38.587248,
              -3.710498
            ],
            [
              -38.588357,
              -3.709823
            ],
            [
              -38.58851,
              -3.709791
            ],
            [
              -38.588152,
              -3.71119
            ],
            [
              -38.58798,
              -3.711787
            ],
            [
              -38.586615,
              -3.711889
            ],
            [
              -38.585111,
              -3.712054
            ],
            [
              -38.583758,
              -3.712113
            ],
            [
              -38.584311,
              -3.710836
            ],
            [
              -38.584898,
              -3.710726
            ]
          ]
        ],
        "type": "Polygon"
      },
      "properties": {
        "bairro": "BARRA DO CEARÁ",
        "faction": "CV",
        "generated_at": "2026-07-11T17:06:45.901244",
        "geometry_type": "Polygon",
        "is_centroid": false,
        "is_tactical": true,
        "local_street_pressure": 17.302,
        "municipality": "Fortaleza",
        "name": "Comunidade Riacho Doce- Barra do Ceará",
        "nearby_streets": [
          "COMUNIDADE RIACHO DOCE- BARRA DO CEARÁ",
          "COMUNIDADE DO GUETO NOVO",
          "RUA MANUEL MOURA"
        ],
        "nearby_streets_count": 72,
        "node_id": 52,
        "parent_area": "BARRA DO CEARÁ",
        "parent_risk_level": "moderado",
        "parent_risk_score": 44.3,
        "parent_status": "MODERADO",
        "peak_hours": "Entre 16hs e 21hs",
        "rank": 52,
        "region": "fortaleza",
        "risk_score": 47.594,
        "score": 47.594,
        "source_geometry_type": "Polygon"
      },
      "type": "Feature"
    },
    {
      "geometry": {
        "coordinates": [
          [
            [
              -38.584024,
              -3.696931
            ],
            [
              -38.584032,
              -3.697107
            ],
            [
              -38.584071,
              -3.697103
            ],
            [
              -38.584087,
              -3.697172
            ],
            [
              -38.584045,
              -3.697186
            ],
            [
              -38.584128,
              -3.697484
            ],
            [
              -38.584173,
              -3.697474
            ],
            [
              -38.584202,
              -3.697543
            ],
            [
              -38.584218,
              -3.697547
            ],
            [
              -38.584239,
              -3.697525
            ],
            [
              -38.584245,
              -3.697531
            ],
            [
              -38.584269,
              -3.697513
            ],
            [
              -38.584339,
              -3.697597
            ],
            [
              -38.58436,
              -3.697578
            ],
            [
              -38.584547,
              -3.697743
            ],
            [
              -38.584686,
              -3.697658
            ],
            [
              -38.584708,
              -3.697688
            ],
            [
              -38.584671,
              -3.697721
            ],
            [
              -38.584779,
              -3.697796
            ],
            [
              -38.584821,
              -3.697732
            ],
            [
              -38.584867,
              -3.697763
            ],
            [
              -38.584853,
              -3.697809
            ],
            [
              -38.585046,
              -3.697893
            ],
            [
              -38.585066,
              -3.69785
            ],
            [
              -38.585208,
              -3.697916
            ],
            [
              -38.585286,
              -3.697954
            ],
            [
              -38.58534,
              -3.697964
            ],
            [
              -38.585396,
              -3.697961
            ],
            [
              -38.585376,
              -3.697914
            ],
            [
              -38.585449,
              -3.697888
            ],
            [
              -38.585501,
              -3.69796
            ],
            [
              -38.585845,
              -3.69773
            ],
            [
              -38.5858,
              -3.69764
            ],
            [
              -38.585927,
              -3.697577
            ],
            [
              -38.585899,
              -3.697508
            ],
            [
              -38.585975,
              -3.697458
            ],
            [
              -38.58604,
              -3.697435
            ],
            [
              -38.586266,
              -3.69777
            ],
            [
              -38.58632,
              -3.697756
            ],
            [
              -38.586545,
              -3.698086
            ],
            [
              -38.586695,
              -3.698053
            ],
            [
              -38.586502,
              -3.697386
            ],
            [
              -38.586626,
              -3.697342
            ],
            [
              -38.586925,
              -3.698279
            ],
            [
              -38.586184,
              -3.698877
            ],
            [
              -38.585426,
              -3.699341
            ],
            [
              -38.585228,
              -3.698956
            ],
            [
              -38.584725,
              -3.699269
            ],
            [
              -38.584499,
              -3.698918
            ],
            [
              -38.58468,
              -3.698741
            ],
            [
              -38.584952,
              -3.6986
            ],
            [
              -38.584922,
              -3.698587
            ],
            [
              -38.584853,
              -3.69855
            ],
            [
              -38.584737,
              -3.69849
            ],
            [
              -38.584631,
              -3.698394
            ],
            [
              -38.584569,
              -3.698321
            ],
            [
              -38.584547,
              -3.698346
            ],
            [
              -38.58452,
              -3.698394
            ],
            [
              -38.584292,
              -3.698293
            ],
            [
              -38.583924,
              -3.698127
            ],
            [
              -38.583933,
              -3.697933
            ],
            [
              -38.58391,
              -3.697739
            ],
            [
              -38.583899,
              -3.697661
            ],
            [
              -38.583861,
              -3.697595
            ],
            [
              -38.583739,
              -3.697282
            ],
            [
              -38.583678,
              -3.697064
            ],
            [
              -38.583639,
              -3.696937
            ],
            [
              -38.584024,
              -3.696931
            ]
          ]
        ],
        "type": "Polygon"
      },
      "properties": {
        "bairro": "BARRA DO CEARÁ",
        "faction": "CV",
        "generated_at": "2026-07-11T17:06:45.901244",
        "geometry_type": "Polygon",
        "is_centroid": false,
        "is_tactical": true,
        "local_street_pressure": 17.174,
        "municipality": "Fortaleza",
        "name": "Morro Do Santiago",
        "nearby_streets": [
          "MORRO DO SANTIAGO",
          "RUA SANTIAGO DA BARRA DO CEARÁ",
          "COMUNIDADE DO POLO DA BARRA"
        ],
        "nearby_streets_count": 50,
        "node_id": 53,
        "parent_area": "BARRA DO CEARÁ",
        "parent_risk_level": "moderado",
        "parent_risk_score": 44.3,
        "parent_status": "MODERADO",
        "peak_hours": "Entre 16hs e 21hs",
        "rank": 53,
        "region": "fortaleza",
        "risk_score": 47.314,
        "score": 47.314,
        "source_geometry_type": "Polygon"
      },
      "type": "Feature"
    },
    {
      "geometry": {
        "coordinates": [
          [
            [
              -38.578952,
              -3.696656
            ],
            [
              -38.579034,
              -3.69661
            ],
            [
              -38.5793,
              -3.696573
            ],
            [
              -38.579288,
              -3.69642
            ],
            [
              -38.579358,
              -3.696368
            ],
            [
              -38.579694,
              -3.69633
            ],
            [
              -38.579697,
              -3.696158
            ],
            [
              -38.580143,
              -3.695819
            ],
            [
              -38.580288,
              -3.695782
            ],
            [
              -38.580607,
              -3.6967
            ],
            [
              -38.580424,
              -3.696738
            ],
            [
              -38.580068,
              -3.696784
            ],
            [
              -38.579712,
              -3.696832
            ],
            [
              -38.579416,
              -3.696885
            ],
            [
              -38.578977,
              -3.696902
            ],
            [
              -38.578952,
              -3.696656
            ]
          ]
        ],
        "type": "Polygon"
      },
      "properties": {
        "bairro": "BARRA DO CEARÁ",
        "faction": "CV",
        "generated_at": "2026-07-11T17:06:45.901244",
        "geometry_type": "Polygon",
        "is_centroid": false,
        "is_tactical": true,
        "local_street_pressure": 17.394,
        "municipality": "Fortaleza",
        "name": "Comunidade Língua da Cobra",
        "nearby_streets": [
          "COMUNIDADE LÍNGUA DA COBRA",
          "MORRO DO GRÊMIO",
          "COMUNIDADE SÃO PEDRO"
        ],
        "nearby_streets_count": 54,
        "node_id": 54,
        "parent_area": "BARRA DO CEARÁ",
        "parent_risk_level": "moderado",
        "parent_risk_score": 44.3,
        "parent_status": "MODERADO",
        "peak_hours": "Entre 16hs e 21hs",
        "rank": 54,
        "region": "fortaleza",
        "risk_score": 47.3,
        "score": 47.3,
        "source_geometry_type": "Polygon"
      },
      "type": "Feature"
    },
    {
      "geometry": {
        "coordinates": [
          [
            [
              -38.588444,
              -3.707942
            ],
            [
              -38.587508,
              -3.708416
            ],
            [
              -38.587443,
              -3.708395
            ],
            [
              -38.587025,
              -3.708012
            ],
            [
              -38.58707,
              -3.707977
            ],
            [
              -38.587089,
              -3.707763
            ],
            [
              -38.587089,
              -3.707691
            ],
            [
              -38.586746,
              -3.707536
            ],
            [
              -38.58622,
              -3.707313
            ],
            [
              -38.586091,
              -3.70719
            ],
            [
              -38.586121,
              -3.707129
            ],
            [
              -38.586215,
              -3.707056
            ],
            [
              -38.586234,
              -3.707
            ],
            [
              -38.586298,
              -3.706917
            ],
            [
              -38.586373,
              -3.706987
            ],
            [
              -38.586496,
              -3.70688
            ],
            [
              -38.586727,
              -3.707003
            ],
            [
              -38.587458,
              -3.705799
            ],
            [
              -38.587599,
              -3.705981
            ],
            [
              -38.588071,
              -3.706287
            ],
            [
              -38.589118,
              -3.705638
            ],
            [
              -38.588646,
              -3.704852
            ],
            [
              -38.589276,
              -3.704495
            ],
            [
              -38.58973,
              -3.705291
            ],
            [
              -38.590006,
              -3.705139
            ],
            [
              -38.59069,
              -3.706289
            ],
            [
              -38.590127,
              -3.708368
            ],
            [
              -38.590002,
              -3.708254
            ],
            [
              -38.589566,
              -3.708701
            ],
            [
              -38.589808,
              -3.708937
            ],
            [
              -38.589623,
              -3.709041
            ],
            [
              -38.588444,
              -3.707942
            ]
          ]
        ],
        "type": "Polygon"
      },
      "properties": {
        "bairro": "BARRA DO CEARÁ",
        "faction": "CV",
        "generated_at": "2026-07-11T17:06:45.901244",
        "geometry_type": "Polygon",
        "is_centroid": false,
        "is_tactical": true,
        "local_street_pressure": 16.049,
        "municipality": "Fortaleza",
        "name": "Comunidade do Gato Morto",
        "nearby_streets": [
          "COMUNIDADE DO GATO MORTO",
          "LAMA SECA",
          "COMUNIDADE RIACHO DOCE- BARRA DO CEARÁ"
        ],
        "nearby_streets_count": 65,
        "node_id": 55,
        "parent_area": "BARRA DO CEARÁ",
        "parent_risk_level": "moderado",
        "parent_risk_score": 44.3,
        "parent_status": "MODERADO",
        "peak_hours": "Entre 16hs e 21hs",
        "rank": 55,
        "region": "fortaleza",
        "risk_score": 47.002,
        "score": 47.002,
        "source_geometry_type": "Polygon"
      },
      "type": "Feature"
    },
    {
      "geometry": {
        "coordinates": [
          [
            [
              -38.585426,
              -3.699341
            ],
            [
              -38.586184,
              -3.698877
            ],
            [
              -38.586925,
              -3.698279
            ],
            [
              -38.587176,
              -3.69903
            ],
            [
              -38.587373,
              -3.699367
            ],
            [
              -38.587398,
              -3.699438
            ],
            [
              -38.5874,
              -3.69951
            ],
            [
              -38.58745,
              -3.699562
            ],
            [
              -38.587619,
              -3.699623
            ],
            [
              -38.587701,
              -3.699724
            ],
            [
              -38.587778,
              -3.699825
            ],
            [
              -38.587051,
              -3.700175
            ],
            [
              -38.586898,
              -3.700139
            ],
            [
              -38.586776,
              -3.700033
            ],
            [
              -38.586728,
              -3.699916
            ],
            [
              -38.586616,
              -3.699831
            ],
            [
              -38.586556,
              -3.699963
            ],
            [
              -38.586575,
              -3.700084
            ],
            [
              -38.586614,
              -3.700215
            ],
            [
              -38.586591,
              -3.700342
            ],
            [
              -38.586127,
              -3.700614
            ],
            [
              -38.585426,
              -3.699341
            ]
          ]
        ],
        "type": "Polygon"
      },
      "properties": {
        "bairro": "BARRA DO CEARÁ",
        "faction": "CV",
        "generated_at": "2026-07-11T17:06:45.901244",
        "geometry_type": "Polygon",
        "is_centroid": false,
        "is_tactical": true,
        "local_street_pressure": 16.141,
        "municipality": "Fortaleza",
        "name": "Comunidade Do Pombal",
        "nearby_streets": [
          "COMUNIDADE DO POMBAL",
          "MORRO DO SANTIAGO",
          "RUA SANTIAGO DA BARRA DO CEARÁ"
        ],
        "nearby_streets_count": 51,
        "node_id": 56,
        "parent_area": "BARRA DO CEARÁ",
        "parent_risk_level": "moderado",
        "parent_risk_score": 44.3,
        "parent_status": "MODERADO",
        "peak_hours": "Entre 16hs e 21hs",
        "rank": 56,
        "region": "fortaleza",
        "risk_score": 46.549,
        "score": 46.549,
        "source_geometry_type": "Polygon"
      },
      "type": "Feature"
    },
    {
      "geometry": {
        "coordinates": [
          [
            [
              -38.566653,
              -3.705855
            ],
            [
              -38.56717,
              -3.705524
            ],
            [
              -38.567402,
              -3.705317
            ],
            [
              -38.567777,
              -3.705304
            ],
            [
              -38.567735,
              -3.705082
            ],
            [
              -38.568076,
              -3.704302
            ],
            [
              -38.568351,
              -3.704339
            ],
            [
              -38.56912,
              -3.704388
            ],
            [
              -38.568992,
              -3.70631
            ],
            [
              -38.568677,
              -3.706335
            ],
            [
              -38.567015,
              -3.706858
            ],
            [
              -38.566653,
              -3.705855
            ]
          ]
        ],
        "type": "Polygon"
      },
      "properties": {
        "bairro": "CRISTO REDENTOR",
        "faction": "CV",
        "generated_at": "2026-07-11T17:06:45.901244",
        "geometry_type": "Polygon",
        "is_centroid": false,
        "is_tactical": true,
        "local_street_pressure": 15.982,
        "municipality": "(Complexo Da Barra Do Ceará)",
        "name": "Cristo Redentor Colônia - (Complexo Da Barra Do Ceará)",
        "nearby_streets": [
          "CRISTO REDENTOR COLÔNIA - (COMPLEXO DA BARRA DO CEARÁ)",
          "JAMBALAIA / MORRO DO FALCÃO",
          "LAJE DA COLÔNIA"
        ],
        "nearby_streets_count": 48,
        "node_id": 57,
        "parent_area": "CRISTO REDENTOR",
        "parent_risk_level": "moderado",
        "parent_risk_score": 44.3,
        "parent_status": "MODERADO",
        "rank": 57,
        "region": "fortaleza",
        "risk_score": 46.527,
        "score": 46.527,
        "source_geometry_type": "Polygon"
      },
      "type": "Feature"
    },
    {
      "geometry": {
        "coordinates": [
          [
            [
              -38.583762,
              -3.695259
            ],
            [
              -38.583768,
              -3.695869
            ],
            [
              -38.583408,
              -3.695892
            ],
            [
              -38.583038,
              -3.695958
            ],
            [
              -38.582019,
              -3.696126
            ],
            [
              -38.581488,
              -3.696239
            ],
            [
              -38.581378,
              -3.696279
            ],
            [
              -38.581161,
              -3.696459
            ],
            [
              -38.58062,
              -3.696692
            ],
            [
              -38.580298,
              -3.69576
            ],
            [
              -38.581756,
              -3.695323
            ],
            [
              -38.582244,
              -3.695248
            ],
            [
              -38.582716,
              -3.695227
            ],
            [
              -38.583381,
              -3.695222
            ],
            [
              -38.583762,
              -3.695259
            ]
          ]
        ],
        "type": "Polygon"
      },
      "properties": {
        "bairro": "BARRA DO CEARÁ",
        "faction": "CV",
        "generated_at": "2026-07-11T17:06:45.901244",
        "geometry_type": "Polygon",
        "is_centroid": false,
        "is_tactical": true,
        "local_street_pressure": 16.034,
        "municipality": "Fortaleza",
        "name": "Comunidade São Pedro",
        "nearby_streets": [
          "COMUNIDADE SÃO PEDRO",
          "COMUNIDADE SÃO ANTONIO",
          "COMUNIDADE DO POLO DA BARRA"
        ],
        "nearby_streets_count": 48,
        "node_id": 58,
        "parent_area": "BARRA DO CEARÁ",
        "parent_risk_level": "moderado",
        "parent_risk_score": 44.3,
        "parent_status": "MODERADO",
        "peak_hours": "Entre 16hs e 21hs",
        "rank": 58,
        "region": "fortaleza",
        "risk_score": 46.485,
        "score": 46.485,
        "source_geometry_type": "Polygon"
      },
      "type": "Feature"
    },
    {
      "geometry": {
        "coordinates": [
          [
            [
              -38.586415,
              -3.696668
            ],
            [
              -38.586308,
              -3.696705
            ],
            [
              -38.586281,
              -3.696563
            ],
            [
              -38.586182,
              -3.696593
            ],
            [
              -38.586133,
              -3.696379
            ],
            [
              -38.58594,
              -3.696405
            ],
            [
              -38.58587,
              -3.69632
            ],
            [
              -38.585865,
              -3.696199
            ],
            [
              -38.585828,
              -3.696108
            ],
            [
              -38.585905,
              -3.696092
            ],
            [
              -38.585897,
              -3.696044
            ],
            [
              -38.585841,
              -3.696047
            ],
            [
              -38.585828,
              -3.695929
            ],
            [
              -38.585844,
              -3.695859
            ],
            [
              -38.585828,
              -3.69576
            ],
            [
              -38.585744,
              -3.69575
            ],
            [
              -38.585616,
              -3.69575
            ],
            [
              -38.585508,
              -3.695766
            ],
            [
              -38.585433,
              -3.695782
            ],
            [
              -38.58542,
              -3.695878
            ],
            [
              -38.585406,
              -3.695934
            ],
            [
              -38.585256,
              -3.69594
            ],
            [
              -38.585262,
              -3.695894
            ],
            [
              -38.585189,
              -3.695881
            ],
            [
              -38.585071,
              -3.6959
            ],
            [
              -38.584969,
              -3.6959
            ],
            [
              -38.584972,
              -3.69595
            ],
            [
              -38.584824,
              -3.69595
            ],
            [
              -38.584814,
              -3.696012
            ],
            [
              -38.584808,
              -3.696074
            ],
            [
              -38.585133,
              -3.696044
            ],
            [
              -38.58523,
              -3.696052
            ],
            [
              -38.585211,
              -3.696111
            ],
            [
              -38.585122,
              -3.696124
            ],
            [
              -38.585125,
              -3.696194
            ],
            [
              -38.585103,
              -3.696207
            ],
            [
              -38.585087,
              -3.696317
            ],
            [
              -38.585012,
              -3.696341
            ],
            [
              -38.584937,
              -3.696346
            ],
            [
              -38.584937,
              -3.696234
            ],
            [
              -38.584862,
              -3.696231
            ],
            [
              -38.584865,
              -3.696317
            ],
            [
              -38.584752,
              -3.696328
            ],
            [
              -38.584639,
              -3.696336
            ],
            [
              -38.584604,
              -3.696389
            ],
            [
              -38.584546,
              -3.696395
            ],
            [
              -38.584543,
              -3.696526
            ],
            [
              -38.584602,
              -3.696528
            ],
            [
              -38.584586,
              -3.696577
            ],
            [
              -38.584548,
              -3.69659
            ],
            [
              -38.584417,
              -3.696609
            ],
            [
              -38.584422,
              -3.6967
            ],
            [
              -38.584575,
              -3.696702
            ],
            [
              -38.584575,
              -3.696794
            ],
            [
              -38.584484,
              -3.69681
            ],
            [
              -38.584481,
              -3.696858
            ],
            [
              -38.584446,
              -3.696866
            ],
            [
              -38.584444,
              -3.696909
            ],
            [
              -38.5845,
              -3.696901
            ],
            [
              -38.584505,
              -3.696941
            ],
            [
              -38.58458,
              -3.696962
            ],
            [
              -38.584642,
              -3.69697
            ],
            [
              -38.584669,
              -3.696919
            ],
            [
              -38.584736,
              -3.696935
            ],
            [
              -38.584731,
              -3.697166
            ],
            [
              -38.584575,
              -3.697123
            ],
            [
              -38.584473,
              -3.69708
            ],
            [
              -38.584481,
              -3.697198
            ],
            [
              -38.584409,
              -3.697224
            ],
            [
              -38.584393,
              -3.697259
            ],
            [
              -38.58435,
              -3.697265
            ],
            [
              -38.584304,
              -3.697109
            ],
            [
              -38.584363,
              -3.697088
            ],
            [
              -38.584336,
              -3.696976
            ],
            [
              -38.584299,
              -3.696917
            ],
            [
              -38.58428,
              -3.696815
            ],
            [
              -38.584173,
              -3.696815
            ],
            [
              -38.584073,
              -3.696807
            ],
            [
              -38.584025,
              -3.696818
            ],
            [
              -38.584024,
              -3.696931
            ],
            [
              -38.583639,
              -3.696937
            ],
            [
              -38.583671,
              -3.696795
            ],
            [
              -38.583684,
              -3.69664
            ],
            [
              -38.583784,
              -3.696467
            ],
            [
              -38.583856,
              -3.696372
            ],
            [
              -38.583851,
              -3.695891
            ],
            [
              -38.58413,
              -3.695878
            ],
            [
              -38.584425,
              -3.695284
            ],
            [
              -38.58458,
              -3.695177
            ],
            [
              -38.586313,
              -3.695273
            ],
            [
              -38.586367,
              -3.695291
            ],
            [
              -38.586318,
              -3.69588
            ],
            [
              -38.586302,
              -3.696084
            ],
            [
              -38.586319,
              -3.696307
            ],
            [
              -38.58637,
              -3.696497
            ],
            [
              -38.586415,
              -3.696668
            ]
          ]
        ],
        "type": "Polygon"
      },
      "properties": {
        "bairro": "BARRA DO CEARÁ",
        "faction": "CV",
        "generated_at": "2026-07-11T17:06:45.901244",
        "geometry_type": "Polygon",
        "is_centroid": false,
        "is_tactical": true,
        "local_street_pressure": 14.894,
        "municipality": "Fortaleza",
        "name": "Comunidade do Polo da Barra",
        "nearby_streets": [
          "COMUNIDADE DO POLO DA BARRA",
          "RUA SANTIAGO DA BARRA DO CEARÁ",
          "MORRO DO SANTIAGO"
        ],
        "nearby_streets_count": 45,
        "node_id": 59,
        "parent_area": "BARRA DO CEARÁ",
        "parent_risk_level": "moderado",
        "parent_risk_score": 44.3,
        "parent_status": "MODERADO",
        "peak_hours": "Entre 16hs e 21hs",
        "rank": 59,
        "region": "fortaleza",
        "risk_score": 45.69,
        "score": 45.69,
        "source_geometry_type": "Polygon"
      },
      "type": "Feature"
    },
    {
      "geometry": {
        "coordinates": [
          [
            [
              -38.590548,
              -3.702298
            ],
            [
              -38.590504,
              -3.702473
            ],
            [
              -38.590531,
              -3.702493
            ],
            [
              -38.590498,
              -3.702624
            ],
            [
              -38.589728,
              -3.702506
            ],
            [
              -38.589696,
              -3.702702
            ],
            [
              -38.589566,
              -3.70268
            ],
            [
              -38.589567,
              -3.702598
            ],
            [
              -38.589424,
              -3.702606
            ],
            [
              -38.589412,
              -3.702642
            ],
            [
              -38.589348,
              -3.70265
            ],
            [
              -38.589342,
              -3.702605
            ],
            [
              -38.589195,
              -3.702603
            ],
            [
              -38.589193,
              -3.702655
            ],
            [
              -38.589055,
              -3.702646
            ],
            [
              -38.588856,
              -3.70264
            ],
            [
              -38.588833,
              -3.702508
            ],
            [
              -38.588644,
              -3.702514
            ],
            [
              -38.588596,
              -3.702365
            ],
            [
              -38.588804,
              -3.702322
            ],
            [
              -38.589032,
              -3.702342
            ],
            [
              -38.589114,
              -3.702326
            ],
            [
              -38.589248,
              -3.702324
            ],
            [
              -38.589395,
              -3.702318
            ],
            [
              -38.58939,
              -3.702302
            ],
            [
              -38.589444,
              -3.702308
            ],
            [
              -38.589542,
              -3.702315
            ],
            [
              -38.590112,
              -3.70241
            ],
            [
              -38.590132,
              -3.702104
            ],
            [
              -38.590548,
              -3.702298
            ]
          ]
        ],
        "type": "Polygon"
      },
      "properties": {
        "bairro": "BARRA DO CEARÁ",
        "faction": "CV",
        "generated_at": "2026-07-11T17:06:45.901244",
        "geometry_type": "Polygon",
        "is_centroid": false,
        "is_tactical": true,
        "local_street_pressure": 13.287,
        "municipality": "Fortaleza",
        "name": "Vilinha",
        "nearby_streets": [
          "VILINHA",
          "COMUNIDADE DO GATO MORTO",
          "CAMPO DO CRUZEIRO"
        ],
        "nearby_streets_count": 49,
        "node_id": 60,
        "parent_area": "BARRA DO CEARÁ",
        "parent_risk_level": "moderado",
        "parent_risk_score": 44.3,
        "parent_status": "MODERADO",
        "peak_hours": "Entre 16hs e 21hs",
        "rank": 60,
        "region": "fortaleza",
        "risk_score": 44.428,
        "score": 44.428,
        "source_geometry_type": "Polygon"
      },
      "type": "Feature"
    },
    {
      "geometry": {
        "coordinates": [
          [
            [
              -38.490084,
              -3.823661
            ],
            [
              -38.49015,
              -3.823667
            ],
            [
              -38.490529,
              -3.82669
            ],
            [
              -38.490451,
              -3.826757
            ],
            [
              -38.486044,
              -3.827311
            ],
            [
              -38.486021,
              -3.827225
            ],
            [
              -38.485831,
              -3.825632
            ],
            [
              -38.485621,
              -3.824281
            ],
            [
              -38.485648,
              -3.824221
            ],
            [
              -38.485713,
              -3.82419
            ],
            [
              -38.487818,
              -3.823928
            ],
            [
              -38.490084,
              -3.823661
            ]
          ]
        ],
        "type": "Polygon"
      },
      "properties": {
        "bairro": "MESSEJANA",
        "faction": "CV",
        "generated_at": "2026-07-11T17:06:45.901244",
        "geometry_type": "Polygon",
        "is_centroid": false,
        "is_tactical": true,
        "local_street_pressure": 14.15,
        "municipality": "Fortaleza",
        "name": "Levada",
        "nearby_streets": [
          "LEVADA",
          "RUA DOUTOR JOAQUIM BENTO",
          "RUA VICENTE NOBRE MACÊDO"
        ],
        "nearby_streets_count": 57,
        "node_id": 61,
        "parent_area": "MESSEJANA",
        "parent_risk_level": "moderado",
        "parent_risk_score": 41.7,
        "parent_status": "MODERADO",
        "peak_hours": "Entre 16hs e 21hs",
        "rank": 61,
        "region": "fortaleza",
        "risk_score": 44.127,
        "score": 44.127,
        "source_geometry_type": "Polygon"
      },
      "type": "Feature"
    },
    {
      "geometry": {
        "coordinates": [
          [
            [
              -38.492026,
              -3.817426
            ],
            [
              -38.492037,
              -3.818218
            ],
            [
              -38.492154,
              -3.819856
            ],
            [
              -38.492422,
              -3.821184
            ],
            [
              -38.489635,
              -3.821461
            ],
            [
              -38.489657,
              -3.821546
            ],
            [
              -38.488632,
              -3.821654
            ],
            [
              -38.488696,
              -3.819967
            ],
            [
              -38.488571,
              -3.819156
            ],
            [
              -38.488509,
              -3.818607
            ],
            [
              -38.488419,
              -3.817639
            ],
            [
              -38.488516,
              -3.817559
            ],
            [
              -38.488969,
              -3.817585
            ],
            [
              -38.488977,
              -3.817238
            ],
            [
              -38.489165,
              -3.817235
            ],
            [
              -38.489157,
              -3.817074
            ],
            [
              -38.489465,
              -3.817243
            ],
            [
              -38.490163,
              -3.817302
            ],
            [
              -38.490187,
              -3.817912
            ],
            [
              -38.490607,
              -3.817858
            ],
            [
              -38.491018,
              -3.817772
            ],
            [
              -38.491504,
              -3.817648
            ],
            [
              -38.491498,
              -3.817545
            ],
            [
              -38.492026,
              -3.817426
            ]
          ]
        ],
        "type": "Polygon"
      },
      "properties": {
        "bairro": "MESSEJANA",
        "faction": "MASSA",
        "generated_at": "2026-07-11T17:06:45.901244",
        "geometry_type": "Polygon",
        "is_centroid": false,
        "is_tactical": true,
        "local_street_pressure": 13.349,
        "municipality": "Fortaleza",
        "name": "Conjunto São Bernardo",
        "nearby_streets": [
          "CONJUNTO SÃO BERNARDO",
          "RUA CECÍLIA MEIRELES",
          "RUA NICOLAU COELHO"
        ],
        "nearby_streets_count": 53,
        "node_id": 62,
        "parent_area": "MESSEJANA",
        "parent_risk_level": "moderado",
        "parent_risk_score": 41.7,
        "parent_status": "MODERADO",
        "peak_hours": "Entre 16hs e 21hs",
        "rank": 62,
        "region": "fortaleza",
        "risk_score": 43.547,
        "score": 43.547,
        "source_geometry_type": "Polygon"
      },
      "type": "Feature"
    },
    {
      "geometry": {
        "coordinates": [
          [
            [
              -38.492218,
              -3.818126
            ],
            [
              -38.493187,
              -3.818556
            ],
            [
              -38.493142,
              -3.818656
            ],
            [
              -38.492166,
              -3.818226
            ],
            [
              -38.492218,
              -3.818126
            ]
          ]
        ],
        "type": "Polygon"
      },
      "properties": {
        "bairro": "MESSEJANA",
        "faction": "MASSA",
        "generated_at": "2026-07-11T17:06:45.901244",
        "geometry_type": "Polygon",
        "is_centroid": false,
        "is_tactical": true,
        "local_street_pressure": 13.661,
        "municipality": "Fortaleza",
        "name": "Comunidade da Portelinha- Messejana",
        "nearby_streets": [
          "COMUNIDADE DA PORTELINHA- MESSEJANA",
          "RUA NICOLAU COELHO",
          "RUA VILAMAR DAMASCENO"
        ],
        "nearby_streets_count": 50,
        "node_id": 63,
        "parent_area": "MESSEJANA",
        "parent_risk_level": "moderado",
        "parent_risk_score": 41.7,
        "parent_status": "MODERADO",
        "peak_hours": "Entre 16hs e 21hs",
        "rank": 63,
        "region": "fortaleza",
        "risk_score": 42.785,
        "score": 42.785,
        "source_geometry_type": "Polygon"
      },
      "type": "Feature"
    },
    {
      "geometry": {
        "coordinates": [
          [
            [
              -38.494503,
              -3.822045
            ],
            [
              -38.493784,
              -3.821926
            ],
            [
              -38.493711,
              -3.82191
            ],
            [
              -38.49259,
              -3.821783
            ],
            [
              -38.492278,
              -3.820207
            ],
            [
              -38.49494,
              -3.81985
            ],
            [
              -38.494811,
              -3.820568
            ],
            [
              -38.493966,
              -3.820487
            ],
            [
              -38.493848,
              -3.821231
            ],
            [
              -38.494672,
              -3.821374
            ],
            [
              -38.494503,
              -3.822045
            ]
          ]
        ],
        "type": "Polygon"
      },
      "properties": {
        "bairro": "MESSEJANA",
        "faction": "MASSA",
        "generated_at": "2026-07-11T17:06:45.901244",
        "geometry_type": "Polygon",
        "is_centroid": false,
        "is_tactical": true,
        "local_street_pressure": 12.705,
        "municipality": "Fortaleza",
        "name": "Comunidade da Conquista",
        "nearby_streets": [
          "RUA LETÍCIA",
          "COMUNIDADE DA CONQUISTA",
          "RUA VILAMAR DAMASCENO"
        ],
        "nearby_streets_count": 47,
        "node_id": 64,
        "parent_area": "MESSEJANA",
        "parent_risk_level": "moderado",
        "parent_risk_score": 41.7,
        "parent_status": "MODERADO",
        "peak_hours": "Entre 16hs e 21hs",
        "rank": 64,
        "region": "fortaleza",
        "risk_score": 42.375,
        "score": 42.375,
        "source_geometry_type": "Polygon"
      },
      "type": "Feature"
    },
    {
      "geometry": {
        "coordinates": [
          [
            [
              -38.489511,
              -3.829305
            ],
            [
              -38.488698,
              -3.829426
            ],
            [
              -38.488652,
              -3.829139
            ],
            [
              -38.488604,
              -3.828909
            ],
            [
              -38.488599,
              -3.828778
            ],
            [
              -38.488615,
              -3.828699
            ],
            [
              -38.489482,
              -3.828969
            ],
            [
              -38.489511,
              -3.829305
            ]
          ]
        ],
        "type": "Polygon"
      },
      "properties": {
        "bairro": "MESSEJANA",
        "faction": "CV",
        "generated_at": "2026-07-11T17:06:45.901244",
        "geometry_type": "Polygon",
        "is_centroid": false,
        "is_tactical": true,
        "local_street_pressure": 12.856,
        "municipality": "Fortaleza",
        "name": "Beco da Maravilha",
        "nearby_streets": [
          "BECO DA MARAVILHA",
          "RUA DOUTOR JOAQUIM BENTO",
          "RUA SANTO EXPEDITO"
        ],
        "nearby_streets_count": 52,
        "node_id": 65,
        "parent_area": "MESSEJANA",
        "parent_risk_level": "moderado",
        "parent_risk_score": 41.7,
        "parent_status": "MODERADO",
        "peak_hours": "Entre 16hs e 21hs",
        "rank": 65,
        "region": "fortaleza",
        "risk_score": 42.252,
        "score": 42.252,
        "source_geometry_type": "Polygon"
      },
      "type": "Feature"
    },
    {
      "geometry": {
        "coordinates": [
          [
            [
              -38.495497,
              -3.816115
            ],
            [
              -38.495138,
              -3.816854
            ],
            [
              -38.494752,
              -3.816575
            ],
            [
              -38.494516,
              -3.81687
            ],
            [
              -38.494467,
              -3.817635
            ],
            [
              -38.493775,
              -3.817314
            ],
            [
              -38.493463,
              -3.817929
            ],
            [
              -38.492422,
              -3.817478
            ],
            [
              -38.492148,
              -3.818092
            ],
            [
              -38.492061,
              -3.818054
            ],
            [
              -38.492047,
              -3.817396
            ],
            [
              -38.491984,
              -3.817253
            ],
            [
              -38.492027,
              -3.816565
            ],
            [
              -38.491925,
              -3.815633
            ],
            [
              -38.491968,
              -3.814986
            ],
            [
              -38.492091,
              -3.814585
            ],
            [
              -38.495497,
              -3.816115
            ]
          ]
        ],
        "type": "Polygon"
      },
      "properties": {
        "bairro": "MESSEJANA",
        "faction": "MASSA",
        "generated_at": "2026-07-11T17:06:45.901244",
        "geometry_type": "Polygon",
        "is_centroid": false,
        "is_tactical": true,
        "local_street_pressure": 12.052,
        "municipality": "Fortaleza",
        "name": "Parque Iracema I",
        "nearby_streets": [
          "PARQUE IRACEMA I",
          "COMUNIDADE DA PORTELINHA- MESSEJANA",
          "RUA NICOLAU COELHO"
        ],
        "nearby_streets_count": 47,
        "node_id": 66,
        "parent_area": "MESSEJANA",
        "parent_risk_level": "moderado",
        "parent_risk_score": 41.7,
        "parent_status": "MODERADO",
        "peak_hours": "Entre 16hs e 21hs",
        "rank": 66,
        "region": "fortaleza",
        "risk_score": 42.17,
        "score": 42.17,
        "source_geometry_type": "Polygon"
      },
      "type": "Feature"
    },
    {
      "geometry": {
        "coordinates": [
          [
            [
              -38.5034373,
              -3.8232045
            ],
            [
              -38.5036519,
              -3.8242322
            ],
            [
              -38.4999827,
              -3.8252813
            ],
            [
              -38.4993818,
              -3.8252813
            ],
            [
              -38.4990385,
              -3.8251528
            ],
            [
              -38.4981373,
              -3.8220698
            ],
            [
              -38.4951118,
              -3.8224123
            ],
            [
              -38.4958413,
              -3.8207852
            ],
            [
              -38.5034373,
              -3.8232045
            ]
          ]
        ],
        "type": "Polygon"
      },
      "properties": {
        "bairro": "MESSEJANA",
        "faction": "CV",
        "generated_at": "2026-07-11T17:06:45.901244",
        "geometry_type": "Polygon",
        "is_centroid": false,
        "is_tactical": true,
        "local_street_pressure": 10.891,
        "municipality": "Fortaleza",
        "name": "LAGOA SECA",
        "nearby_streets": [
          "LAGOA SECA",
          "RUA JURITI",
          "RUA SANTA CLARA DE ASSIS"
        ],
        "nearby_streets_count": 49,
        "node_id": 67,
        "parent_area": "MESSEJANA",
        "parent_risk_level": "moderado",
        "parent_risk_score": 41.7,
        "parent_status": "MODERADO",
        "peak_hours": "Entre 16hs e 21hs",
        "rank": 67,
        "region": "fortaleza",
        "risk_score": 41.951,
        "score": 41.951,
        "source_geometry_type": "Polygon"
      },
      "type": "Feature"
    },
    {
      "geometry": {
        "coordinates": [
          [
            [
              -38.493423,
              -3.837638
            ],
            [
              -38.493472,
              -3.83785
            ],
            [
              -38.49351,
              -3.8381
            ],
            [
              -38.493514,
              -3.838212
            ],
            [
              -38.493486,
              -3.838505
            ],
            [
              -38.492942,
              -3.838179
            ],
            [
              -38.491706,
              -3.837278
            ],
            [
              -38.490604,
              -3.836575
            ],
            [
              -38.490925,
              -3.835726
            ],
            [
              -38.490376,
              -3.835197
            ],
            [
              -38.491931,
              -3.833699
            ],
            [
              -38.492167,
              -3.833913
            ],
            [
              -38.492414,
              -3.834512
            ],
            [
              -38.492929,
              -3.836321
            ],
            [
              -38.493423,
              -3.837638
            ]
          ]
        ],
        "type": "Polygon"
      },
      "properties": {
        "bairro": "MESSEJANA",
        "faction": "CV",
        "generated_at": "2026-07-11T17:06:45.901244",
        "geometry_type": "Polygon",
        "is_centroid": false,
        "is_tactical": true,
        "local_street_pressure": 9.397,
        "municipality": "Fortaleza",
        "name": "Cemitério",
        "nearby_streets": [
          "RUA COPÉRNICO",
          "CEMITÉRIO",
          "TRAVESSA MARIO BARCELOS"
        ],
        "nearby_streets_count": 39,
        "node_id": 68,
        "parent_area": "MESSEJANA",
        "parent_risk_level": "moderado",
        "parent_risk_score": 41.7,
        "parent_status": "MODERADO",
        "peak_hours": "Entre 16hs e 21hs",
        "rank": 68,
        "region": "fortaleza",
        "risk_score": 40.337,
        "score": 40.337,
        "source_geometry_type": "Polygon"
      },
      "type": "Feature"
    },
    {
      "geometry": {
        "coordinates": [
          [
            [
              -38.477486,
              -3.846943
            ],
            [
              -38.477369,
              -3.8471
            ],
            [
              -38.477174,
              -3.847271
            ],
            [
              -38.477053,
              -3.847154
            ],
            [
              -38.476739,
              -3.847301
            ],
            [
              -38.476567,
              -3.84741
            ],
            [
              -38.476144,
              -3.84778
            ],
            [
              -38.475906,
              -3.848007
            ],
            [
              -38.475664,
              -3.848355
            ],
            [
              -38.475407,
              -3.84775
            ],
            [
              -38.475192,
              -3.847884
            ],
            [
              -38.475047,
              -3.847793
            ],
            [
              -38.474903,
              -3.847879
            ],
            [
              -38.474967,
              -3.84813
            ],
            [
              -38.475149,
              -3.848114
            ],
            [
              -38.475149,
              -3.848302
            ],
            [
              -38.475047,
              -3.848318
            ],
            [
              -38.474833,
              -3.848216
            ],
            [
              -38.474661,
              -3.84827
            ],
            [
              -38.47457,
              -3.848104
            ],
            [
              -38.474283,
              -3.848243
            ],
            [
              -38.474128,
              -3.847997
            ],
            [
              -38.475469,
              -3.847312
            ],
            [
              -38.4746,
              -3.846332
            ],
            [
              -38.474112,
              -3.846541
            ],
            [
              -38.47438,
              -3.847092
            ],
            [
              -38.473591,
              -3.847408
            ],
            [
              -38.473827,
              -3.848023
            ],
            [
              -38.470564,
              -3.849437
            ],
            [
              -38.47021,
              -3.848431
            ],
            [
              -38.472463,
              -3.847339
            ],
            [
              -38.472012,
              -3.846322
            ],
            [
              -38.469802,
              -3.847392
            ],
            [
              -38.469451,
              -3.846326
            ],
            [
              -38.471597,
              -3.845336
            ],
            [
              -38.471543,
              -3.84524
            ],
            [
              -38.472745,
              -3.844646
            ],
            [
              -38.471568,
              -3.843356
            ],
            [
              -38.47251,
              -3.84288
            ],
            [
              -38.473323,
              -3.842469
            ],
            [
              -38.473978,
              -3.843935
            ],
            [
              -38.475812,
              -3.843089
            ],
            [
              -38.476338,
              -3.844278
            ],
            [
              -38.47504,
              -3.844888
            ],
            [
              -38.475351,
              -3.845455
            ],
            [
              -38.475973,
              -3.84523
            ],
            [
              -38.476252,
              -3.845894
            ],
            [
              -38.476885,
              -3.845637
            ],
            [
              -38.477486,
              -3.846943
            ]
          ]
        ],
        "type": "Polygon"
      },
      "properties": {
        "bairro": "COAÇU",
        "faction": "CV",
        "generated_at": "2026-07-11T17:06:45.903272",
        "geometry_type": "Polygon",
        "is_centroid": false,
        "is_tactical": true,
        "local_street_pressure": 2.823,
        "municipality": "Messejana",
        "name": "Santa Rosa- Messejana",
        "nearby_streets": [
          "SANTA ROSA- MESSEJANA",
          "RUA ZUMBI",
          "COMUNIDADE PÔR DO SOL"
        ],
        "nearby_streets_count": 8,
        "node_id": 69,
        "parent_area": "COAÇU",
        "parent_risk_level": "moderado",
        "parent_risk_score": 41.7,
        "parent_status": "MODERADO",
        "peak_hours": "Entre 15hs e 20hs",
        "rank": 69,
        "region": "fortaleza",
        "risk_score": 37.022,
        "score": 37.022,
        "source_geometry_type": "Polygon"
      },
      "type": "Feature"
    },
    {
      "geometry": {
        "coordinates": [
          [
            [
              -38.476203,
              -3.814657
            ],
            [
              -38.475576,
              -3.81518
            ],
            [
              -38.476097,
              -3.815794
            ],
            [
              -38.475993,
              -3.815881
            ],
            [
              -38.475452,
              -3.815222
            ],
            [
              -38.474839,
              -3.815705
            ],
            [
              -38.475409,
              -3.816396
            ],
            [
              -38.475309,
              -3.816466
            ],
            [
              -38.474787,
              -3.815825
            ],
            [
              -38.474487,
              -3.816049
            ],
            [
              -38.474435,
              -3.815959
            ],
            [
              -38.474334,
              -3.815294
            ],
            [
              -38.47442,
              -3.81523
            ],
            [
              -38.474399,
              -3.814973
            ],
            [
              -38.474308,
              -3.814882
            ],
            [
              -38.474256,
              -3.813992
            ],
            [
              -38.47427,
              -3.813479
            ],
            [
              -38.47434,
              -3.813479
            ],
            [
              -38.474658,
              -3.813839
            ],
            [
              -38.47489,
              -3.814108
            ],
            [
              -38.47499,
              -3.814061
            ],
            [
              -38.475146,
              -3.814191
            ],
            [
              -38.4755,
              -3.813847
            ],
            [
              -38.475935,
              -3.81352
            ],
            [
              -38.475966,
              -3.813121
            ],
            [
              -38.474258,
              -3.812979
            ],
            [
              -38.474271,
              -3.812861
            ],
            [
              -38.476335,
              -3.813
            ],
            [
              -38.476382,
              -3.813127
            ],
            [
              -38.476984,
              -3.81386
            ],
            [
              -38.478288,
              -3.812792
            ],
            [
              -38.478358,
              -3.812882
            ],
            [
              -38.47701,
              -3.814015
            ],
            [
              -38.476925,
              -3.813932
            ],
            [
              -38.476139,
              -3.814576
            ],
            [
              -38.476203,
              -3.814657
            ]
          ]
        ],
        "type": "Polygon"
      },
      "properties": {
        "bairro": "JOSÉ DE ALENCAR",
        "faction": "CV",
        "generated_at": "2026-07-11T17:06:45.903272",
        "geometry_type": "Polygon",
        "is_centroid": false,
        "is_tactical": true,
        "local_street_pressure": 13.707,
        "municipality": "Fortaleza",
        "name": "Comunidade do Seu Rosa",
        "nearby_streets": [
          "COMUNIDADE DO SEU ROSA",
          "AREA SEM NOME",
          "RUA LUÍS ORIÁ"
        ],
        "nearby_streets_count": 48,
        "node_id": 70,
        "parent_area": "JOSÉ DE ALENCAR",
        "parent_risk_level": "moderado",
        "parent_risk_score": 33.0,
        "parent_status": "MODERADO",
        "peak_hours": "Entre 12hs e 17hs",
        "rank": 70,
        "region": "fortaleza",
        "risk_score": 36.857,
        "score": 36.857,
        "source_geometry_type": "Polygon"
      },
      "type": "Feature"
    },
    {
      "geometry": {
        "coordinates": [
          [
            [
              -38.486092,
              -3.731453
            ],
            [
              -38.484514,
              -3.731375
            ],
            [
              -38.484545,
              -3.73093
            ],
            [
              -38.484779,
              -3.730125
            ],
            [
              -38.485094,
              -3.730006
            ],
            [
              -38.48506,
              -3.730752
            ],
            [
              -38.486106,
              -3.730644
            ],
            [
              -38.486085,
              -3.731049
            ],
            [
              -38.486092,
              -3.731453
            ]
          ]
        ],
        "type": "Polygon"
      },
      "properties": {
        "bairro": "VARJOTA",
        "faction": "CV",
        "generated_at": "2026-07-11T17:06:45.903272",
        "geometry_type": "Polygon",
        "is_centroid": false,
        "is_tactical": true,
        "local_street_pressure": 10.531,
        "municipality": "Fortaleza",
        "name": "Vila São Miguel",
        "nearby_streets": [
          "VILA SÃO MIGUEL",
          "VILA SÃO VICENTE",
          "SÃO MATEUS"
        ],
        "nearby_streets_count": 36,
        "node_id": 71,
        "parent_area": "VARJOTA",
        "parent_risk_level": "moderado",
        "parent_risk_score": 36.2,
        "parent_status": "MODERADO",
        "peak_hours": "Entre 07hs e 12hs",
        "rank": 71,
        "region": "fortaleza",
        "risk_score": 36.746,
        "score": 36.746,
        "source_geometry_type": "Polygon"
      },
      "type": "Feature"
    },
    {
      "geometry": {
        "coordinates": [
          [
            [
              -38.484056,
              -3.734848
            ],
            [
              -38.483902,
              -3.734917
            ],
            [
              -38.483804,
              -3.734959
            ],
            [
              -38.483766,
              -3.734873
            ],
            [
              -38.483518,
              -3.734948
            ],
            [
              -38.483322,
              -3.734626
            ],
            [
              -38.482898,
              -3.734792
            ],
            [
              -38.482719,
              -3.734478
            ],
            [
              -38.482503,
              -3.734555
            ],
            [
              -38.482498,
              -3.734537
            ],
            [
              -38.482428,
              -3.734467
            ],
            [
              -38.482357,
              -3.734338
            ],
            [
              -38.482394,
              -3.734324
            ],
            [
              -38.482451,
              -3.734405
            ],
            [
              -38.482604,
              -3.734348
            ],
            [
              -38.482591,
              -3.734317
            ],
            [
              -38.482732,
              -3.734249
            ],
            [
              -38.482722,
              -3.73421
            ],
            [
              -38.48292,
              -3.734139
            ],
            [
              -38.482893,
              -3.734064
            ],
            [
              -38.48295,
              -3.733996
            ],
            [
              -38.482973,
              -3.734052
            ],
            [
              -38.483172,
              -3.733989
            ],
            [
              -38.483076,
              -3.733805
            ],
            [
              -38.483086,
              -3.73376
            ],
            [
              -38.483011,
              -3.733647
            ],
            [
              -38.482976,
              -3.733655
            ],
            [
              -38.482894,
              -3.733536
            ],
            [
              -38.48297,
              -3.733502
            ],
            [
              -38.482784,
              -3.73318
            ],
            [
              -38.482443,
              -3.732588
            ],
            [
              -38.480185,
              -3.728968
            ],
            [
              -38.47992,
              -3.728015
            ],
            [
              -38.479897,
              -3.72786
            ],
            [
              -38.479276,
              -3.728176
            ],
            [
              -38.479217,
              -3.728047
            ],
            [
              -38.479826,
              -3.72767
            ],
            [
              -38.47978,
              -3.727587
            ],
            [
              -38.479981,
              -3.727466
            ],
            [
              -38.480032,
              -3.727557
            ],
            [
              -38.480011,
              -3.7276
            ],
            [
              -38.480121,
              -3.727894
            ],
            [
              -38.480115,
              -3.728012
            ],
            [
              -38.480126,
              -3.728341
            ],
            [
              -38.48018,
              -3.72843
            ],
            [
              -38.480276,
              -3.728786
            ],
            [
              -38.480373,
              -3.729006
            ],
            [
              -38.482562,
              -3.732531
            ],
            [
              -38.482949,
              -3.733141
            ],
            [
              -38.482978,
              -3.733251
            ],
            [
              -38.483083,
              -3.73343
            ],
            [
              -38.483119,
              -3.73341
            ],
            [
              -38.484056,
              -3.734848
            ]
          ]
        ],
        "type": "Polygon"
      },
      "properties": {
        "bairro": "VARJOTA",
        "faction": "CV",
        "generated_at": "2026-07-11T17:06:45.903272",
        "geometry_type": "Polygon",
        "is_centroid": false,
        "is_tactical": true,
        "local_street_pressure": 10.431,
        "municipality": "Fortaleza",
        "name": "Comunidade do Índio",
        "nearby_streets": [
          "COMUNIDADE DO ÍNDIO",
          "BECO DO CHICO VEI",
          "AVENIDA ALMIRANTE HENRIQUE SABÓIA"
        ],
        "nearby_streets_count": 42,
        "node_id": 72,
        "parent_area": "VARJOTA",
        "parent_risk_level": "moderado",
        "parent_risk_score": 36.2,
        "parent_status": "MODERADO",
        "peak_hours": "Entre 07hs e 12hs",
        "rank": 72,
        "region": "fortaleza",
        "risk_score": 36.73,
        "score": 36.73,
        "source_geometry_type": "Polygon"
      },
      "type": "Feature"
    },
    {
      "geometry": {
        "coordinates": [
          [
            [
              -38.481024,
              -3.734188
            ],
            [
              -38.481303,
              -3.734646
            ],
            [
              -38.481409,
              -3.734804
            ],
            [
              -38.481398,
              -3.734814
            ],
            [
              -38.481457,
              -3.734885
            ],
            [
              -38.481465,
              -3.73488
            ],
            [
              -38.481483,
              -3.734911
            ],
            [
              -38.481102,
              -3.73515
            ],
            [
              -38.480483,
              -3.73559
            ],
            [
              -38.480739,
              -3.735958
            ],
            [
              -38.480641,
              -3.736023
            ],
            [
              -38.480625,
              -3.736008
            ],
            [
              -38.480613,
              -3.736018
            ],
            [
              -38.480592,
              -3.735989
            ],
            [
              -38.480537,
              -3.736019
            ],
            [
              -38.480324,
              -3.735699
            ],
            [
              -38.480206,
              -3.735771
            ],
            [
              -38.480112,
              -3.735634
            ],
            [
              -38.479986,
              -3.735729
            ],
            [
              -38.479884,
              -3.735579
            ],
            [
              -38.479655,
              -3.735153
            ],
            [
              -38.480284,
              -3.734692
            ],
            [
              -38.480669,
              -3.734418
            ],
            [
              -38.480802,
              -3.734324
            ],
            [
              -38.48089,
              -3.734263
            ],
            [
              -38.481024,
              -3.734188
            ]
          ]
        ],
        "type": "Polygon"
      },
      "properties": {
        "bairro": "VARJOTA",
        "faction": "CV",
        "generated_at": "2026-07-11T17:06:45.903272",
        "geometry_type": "Polygon",
        "is_centroid": false,
        "is_tactical": true,
        "local_street_pressure": 10.278,
        "municipality": "Fortaleza",
        "name": "Beco do Chico Vei",
        "nearby_streets": [
          "BECO DO CHICO VEI",
          "RUA ANDRÉ DALL'OLIO",
          "COMUNIDADE DO ÍNDIO"
        ],
        "nearby_streets_count": 44,
        "node_id": 73,
        "parent_area": "VARJOTA",
        "parent_risk_level": "moderado",
        "parent_risk_score": 36.2,
        "parent_status": "MODERADO",
        "peak_hours": "Entre 07hs e 12hs",
        "rank": 73,
        "region": "fortaleza",
        "risk_score": 36.581,
        "score": 36.581,
        "source_geometry_type": "Polygon"
      },
      "type": "Feature"
    },
    {
      "geometry": {
        "coordinates": [
          [
            [
              -38.48834,
              -3.729174
            ],
            [
              -38.488358,
              -3.72929
            ],
            [
              -38.488334,
              -3.729865
            ],
            [
              -38.48795,
              -3.730055
            ],
            [
              -38.486719,
              -3.730409
            ],
            [
              -38.486142,
              -3.730558
            ],
            [
              -38.485102,
              -3.730689
            ],
            [
              -38.485162,
              -3.730057
            ],
            [
              -38.485234,
              -3.729974
            ],
            [
              -38.486232,
              -3.729675
            ],
            [
              -38.48834,
              -3.729174
            ]
          ]
        ],
        "type": "Polygon"
      },
      "properties": {
        "bairro": "VARJOTA",
        "faction": "CV",
        "generated_at": "2026-07-11T17:06:45.903272",
        "geometry_type": "Polygon",
        "is_centroid": false,
        "is_tactical": true,
        "local_street_pressure": 9.759,
        "municipality": "Fortaleza",
        "name": "São Mateus",
        "nearby_streets": [
          "SÃO MATEUS",
          "VILA SÃO VICENTE",
          "VILA SÃO MIGUEL"
        ],
        "nearby_streets_count": 30,
        "node_id": 74,
        "parent_area": "VARJOTA",
        "parent_risk_level": "moderado",
        "parent_risk_score": 36.2,
        "parent_status": "MODERADO",
        "peak_hours": "Entre 07hs e 12hs",
        "rank": 74,
        "region": "fortaleza",
        "risk_score": 36.299,
        "score": 36.299,
        "source_geometry_type": "Polygon"
      },
      "type": "Feature"
    },
    {
      "geometry": {
        "coordinates": [
          [
            [
              -38.472577,
              -3.815896
            ],
            [
              -38.472663,
              -3.81642
            ],
            [
              -38.471949,
              -3.816929
            ],
            [
              -38.470844,
              -3.816388
            ],
            [
              -38.470774,
              -3.815751
            ],
            [
              -38.470683,
              -3.815757
            ],
            [
              -38.470667,
              -3.815585
            ],
            [
              -38.471649,
              -3.815708
            ],
            [
              -38.471649,
              -3.815778
            ],
            [
              -38.472577,
              -3.815896
            ]
          ]
        ],
        "type": "Polygon"
      },
      "properties": {
        "bairro": "JOSÉ DE ALENCAR",
        "faction": "CV",
        "generated_at": "2026-07-11T17:06:45.903272",
        "geometry_type": "Polygon",
        "is_centroid": false,
        "is_tactical": true,
        "local_street_pressure": 13.154,
        "municipality": "Fortaleza",
        "name": "Coqueiral",
        "nearby_streets": [
          "COQUEIRAL",
          "RUA BRANCA",
          "COMUNIDADE DO SEU ROSA"
        ],
        "nearby_streets_count": 49,
        "node_id": 75,
        "parent_area": "JOSÉ DE ALENCAR",
        "parent_risk_level": "moderado",
        "parent_risk_score": 33.0,
        "parent_status": "MODERADO",
        "peak_hours": "Entre 12hs e 17hs",
        "rank": 75,
        "region": "fortaleza",
        "risk_score": 36.28,
        "score": 36.28,
        "source_geometry_type": "Polygon"
      },
      "type": "Feature"
    },
    {
      "geometry": {
        "coordinates": [
          [
            [
              -38.487967,
              -3.730097
            ],
            [
              -38.488005,
              -3.73027
            ],
            [
              -38.488054,
              -3.730504
            ],
            [
              -38.488281,
              -3.73046
            ],
            [
              -38.488286,
              -3.730545
            ],
            [
              -38.488181,
              -3.73064
            ],
            [
              -38.488034,
              -3.730713
            ],
            [
              -38.487855,
              -3.73077
            ],
            [
              -38.487683,
              -3.730763
            ],
            [
              -38.487143,
              -3.730962
            ],
            [
              -38.487152,
              -3.73102
            ],
            [
              -38.486641,
              -3.731117
            ],
            [
              -38.486681,
              -3.731452
            ],
            [
              -38.486144,
              -3.731452
            ],
            [
              -38.486129,
              -3.731195
            ],
            [
              -38.486161,
              -3.73118
            ],
            [
              -38.486183,
              -3.73062
            ],
            [
              -38.486654,
              -3.730535
            ],
            [
              -38.487076,
              -3.730407
            ],
            [
              -38.487554,
              -3.73026
            ],
            [
              -38.487967,
              -3.730097
            ]
          ]
        ],
        "type": "Polygon"
      },
      "properties": {
        "bairro": "VARJOTA",
        "faction": "CV",
        "generated_at": "2026-07-11T17:06:45.903272",
        "geometry_type": "Polygon",
        "is_centroid": false,
        "is_tactical": true,
        "local_street_pressure": 9.5,
        "municipality": "Fortaleza",
        "name": "Vila São Vicente",
        "nearby_streets": [
          "VILA SÃO VICENTE",
          "SÃO MATEUS",
          "VILA SÃO MIGUEL"
        ],
        "nearby_streets_count": 30,
        "node_id": 76,
        "parent_area": "VARJOTA",
        "parent_risk_level": "moderado",
        "parent_risk_score": 36.2,
        "parent_status": "MODERADO",
        "peak_hours": "Entre 07hs e 12hs",
        "rank": 76,
        "region": "fortaleza",
        "risk_score": 36.028,
        "score": 36.028,
        "source_geometry_type": "Polygon"
      },
      "type": "Feature"
    },
    {
      "geometry": {
        "coordinates": [
          [
            [
              -38.528362,
              -3.841992
            ],
            [
              -38.523914,
              -3.84564
            ],
            [
              -38.523506,
              -3.845844
            ],
            [
              -38.522487,
              -3.844559
            ],
            [
              -38.524933,
              -3.84244
            ],
            [
              -38.527137,
              -3.840642
            ],
            [
              -38.528362,
              -3.841992
            ]
          ]
        ],
        "type": "Polygon"
      },
      "properties": {
        "bairro": "CONJUNTO PALMEIRAS",
        "faction": "CV",
        "generated_at": "2026-07-11T17:06:45.903272",
        "geometry_type": "Polygon",
        "is_centroid": false,
        "is_tactical": true,
        "local_street_pressure": 12.639,
        "municipality": "Fortaleza",
        "name": "Palmeiras1",
        "nearby_streets": [
          "PALMEIRAS1",
          "RUA VALPARAÍSO",
          "CJ PALMEIRAS L"
        ],
        "nearby_streets_count": 45,
        "node_id": 77,
        "parent_area": "CONJUNTO PALMEIRAS",
        "parent_risk_level": "moderado",
        "parent_risk_score": 31.9,
        "parent_status": "MODERADO",
        "peak_hours": "Entre 15hs e 20hs",
        "rank": 77,
        "region": "fortaleza",
        "risk_score": 35.8,
        "score": 35.8,
        "source_geometry_type": "Polygon"
      },
      "type": "Feature"
    },
    {
      "geometry": {
        "coordinates": [
          [
            [
              -38.522032,
              -3.846303
            ],
            [
              -38.523298,
              -3.846075
            ],
            [
              -38.523843,
              -3.84583
            ],
            [
              -38.52435,
              -3.845536
            ],
            [
              -38.526903,
              -3.848733
            ],
            [
              -38.52524,
              -3.850157
            ],
            [
              -38.523534,
              -3.851586
            ],
            [
              -38.523389,
              -3.851356
            ],
            [
              -38.522032,
              -3.846303
            ]
          ]
        ],
        "type": "Polygon"
      },
      "properties": {
        "bairro": "CONJUNTO PALMEIRAS",
        "faction": "CV",
        "generated_at": "2026-07-11T17:06:45.903272",
        "geometry_type": "Polygon",
        "is_centroid": false,
        "is_tactical": true,
        "local_street_pressure": 12.079,
        "municipality": "Fortaleza",
        "name": "ÁREA DE GUERRA",
        "nearby_streets": [
          "ÁREA DE GUERRA",
          "RUA CODÓ",
          "RUA DA FEIRA"
        ],
        "nearby_streets_count": 41,
        "node_id": 78,
        "parent_area": "CONJUNTO PALMEIRAS",
        "parent_risk_level": "moderado",
        "parent_risk_score": 31.9,
        "parent_status": "MODERADO",
        "peak_hours": "Entre 15hs e 20hs",
        "rank": 78,
        "region": "fortaleza",
        "risk_score": 35.745,
        "score": 35.745,
        "source_geometry_type": "Polygon"
      },
      "type": "Feature"
    },
    {
      "geometry": {
        "coordinates": [
          [
            [
              -38.493274,
              -3.842321
            ],
            [
              -38.490823,
              -3.842412
            ],
            [
              -38.490943,
              -3.842106
            ],
            [
              -38.490222,
              -3.84162
            ],
            [
              -38.490654,
              -3.841015
            ],
            [
              -38.492172,
              -3.842034
            ],
            [
              -38.492313,
              -3.841828
            ],
            [
              -38.492689,
              -3.842073
            ],
            [
              -38.49259,
              -3.842235
            ],
            [
              -38.492708,
              -3.842256
            ],
            [
              -38.493272,
              -3.842248
            ],
            [
              -38.493274,
              -3.842321
            ]
          ]
        ],
        "type": "Polygon"
      },
      "properties": {
        "bairro": "PARQUE SANTA MARIA",
        "faction": "CV",
        "generated_at": "2026-07-11T17:06:45.903272",
        "geometry_type": "Polygon",
        "is_centroid": false,
        "is_tactical": true,
        "local_street_pressure": 3.192,
        "municipality": "Messejana",
        "name": "Comunidade do Serrote - Messejana",
        "nearby_streets": [
          "COMUNIDADE DO SERROTE - MESSEJANA",
          "RUA COPÉRNICO",
          "CEMITÉRIO"
        ],
        "nearby_streets_count": 11,
        "node_id": 79,
        "parent_area": "PARQUE SANTA MARIA",
        "parent_risk_level": "moderado",
        "parent_risk_score": 41.7,
        "parent_status": "MODERADO",
        "rank": 79,
        "region": "fortaleza",
        "risk_score": 35.651,
        "score": 35.651,
        "source_geometry_type": "Polygon"
      },
      "type": "Feature"
    },
    {
      "geometry": {
        "coordinates": [
          [
            [
              -38.528362,
              -3.842153
            ],
            [
              -38.530467,
              -3.844644
            ],
            [
              -38.529173,
              -3.845624
            ],
            [
              -38.530037,
              -3.846811
            ],
            [
              -38.528646,
              -3.847934
            ],
            [
              -38.528241,
              -3.847499
            ],
            [
              -38.528063,
              -3.847153
            ],
            [
              -38.527899,
              -3.84693
            ],
            [
              -38.527787,
              -3.846786
            ],
            [
              -38.527006,
              -3.845855
            ],
            [
              -38.526511,
              -3.845261
            ],
            [
              -38.525858,
              -3.84457
            ],
            [
              -38.525733,
              -3.844377
            ],
            [
              -38.528362,
              -3.842153
            ]
          ]
        ],
        "type": "Polygon"
      },
      "properties": {
        "bairro": "CONJUNTO PALMEIRAS",
        "faction": "CV",
        "generated_at": "2026-07-11T17:06:45.903272",
        "geometry_type": "Polygon",
        "is_centroid": false,
        "is_tactical": true,
        "local_street_pressure": 12.142,
        "municipality": "Fortaleza",
        "name": "Cj Palmeiras l",
        "nearby_streets": [
          "CJ PALMEIRAS L",
          "AREA SEM NOME",
          "RUA DA FEIRA"
        ],
        "nearby_streets_count": 38,
        "node_id": 80,
        "parent_area": "CONJUNTO PALMEIRAS",
        "parent_risk_level": "moderado",
        "parent_risk_score": 31.9,
        "parent_status": "MODERADO",
        "peak_hours": "Entre 15hs e 20hs",
        "rank": 80,
        "region": "fortaleza",
        "risk_score": 35.637,
        "score": 35.637,
        "source_geometry_type": "Polygon"
      },
      "type": "Feature"
    },
    {
      "geometry": {
        "coordinates": [
          [
            [
              -38.488173,
              -3.733164
            ],
            [
              -38.488172,
              -3.733234
            ],
            [
              -38.488167,
              -3.733257
            ],
            [
              -38.488163,
              -3.733396
            ],
            [
              -38.487844,
              -3.733427
            ],
            [
              -38.48783,
              -3.733365
            ],
            [
              -38.487763,
              -3.733369
            ],
            [
              -38.48776,
              -3.733154
            ],
            [
              -38.488173,
              -3.733164
            ]
          ]
        ],
        "type": "Polygon"
      },
      "properties": {
        "bairro": "VARJOTA",
        "faction": "CV",
        "generated_at": "2026-07-11T17:06:45.903272",
        "geometry_type": "Polygon",
        "is_centroid": false,
        "is_tactical": true,
        "local_street_pressure": 8.771,
        "municipality": "Fortaleza",
        "name": "Beco do 12",
        "nearby_streets": [
          "BECO DO 12",
          "AREA SEM NOME",
          "VILA SÃO VICENTE"
        ],
        "nearby_streets_count": 30,
        "node_id": 81,
        "parent_area": "VARJOTA",
        "parent_risk_level": "moderado",
        "parent_risk_score": 36.2,
        "parent_status": "MODERADO",
        "peak_hours": "Entre 07hs e 12hs",
        "rank": 81,
        "region": "fortaleza",
        "risk_score": 35.44,
        "score": 35.44,
        "source_geometry_type": "Polygon"
      },
      "type": "Feature"
    },
    {
      "geometry": {
        "coordinates": [
          [
            [
              -38.526932,
              -3.848806
            ],
            [
              -38.525668,
              -3.847206
            ],
            [
              -38.524393,
              -3.84551
            ],
            [
              -38.525733,
              -3.844377
            ],
            [
              -38.527006,
              -3.845855
            ],
            [
              -38.528022,
              -3.847127
            ],
            [
              -38.52835,
              -3.847624
            ],
            [
              -38.526932,
              -3.848806
            ]
          ]
        ],
        "type": "Polygon"
      },
      "properties": {
        "bairro": "CONJUNTO PALMEIRAS",
        "faction": "CV",
        "generated_at": "2026-07-11T17:06:45.903272",
        "geometry_type": "Polygon",
        "is_centroid": false,
        "is_tactical": true,
        "local_street_pressure": 12.341,
        "municipality": "Fortaleza",
        "name": "Rua da Feira",
        "nearby_streets": [
          "RUA DA FEIRA",
          "AREA SEM NOME",
          "CJ PALMEIRAS L"
        ],
        "nearby_streets_count": 38,
        "node_id": 82,
        "parent_area": "CONJUNTO PALMEIRAS",
        "parent_risk_level": "moderado",
        "parent_risk_score": 31.9,
        "parent_status": "MODERADO",
        "peak_hours": "Entre 15hs e 20hs",
        "rank": 82,
        "region": "fortaleza",
        "risk_score": 35.357,
        "score": 35.357,
        "source_geometry_type": "Polygon"
      },
      "type": "Feature"
    },
    {
      "geometry": {
        "coordinates": [
          [
            [
              -38.526795,
              -3.837222
            ],
            [
              -38.52965,
              -3.834678
            ],
            [
              -38.529935,
              -3.834943
            ],
            [
              -38.529668,
              -3.835316
            ],
            [
              -38.530682,
              -3.836191
            ],
            [
              -38.530837,
              -3.835982
            ],
            [
              -38.530989,
              -3.836074
            ],
            [
              -38.53092,
              -3.836255
            ],
            [
              -38.531466,
              -3.8368
            ],
            [
              -38.531726,
              -3.83661
            ],
            [
              -38.531895,
              -3.836835
            ],
            [
              -38.531747,
              -3.836914
            ],
            [
              -38.531951,
              -3.83727
            ],
            [
              -38.532818,
              -3.838252
            ],
            [
              -38.528362,
              -3.841992
            ],
            [
              -38.527569,
              -3.841111
            ],
            [
              -38.526348,
              -3.839733
            ],
            [
              -38.525402,
              -3.838668
            ],
            [
              -38.526795,
              -3.837222
            ]
          ]
        ],
        "type": "Polygon"
      },
      "properties": {
        "bairro": "CONJUNTO PALMEIRAS",
        "faction": "CV",
        "generated_at": "2026-07-11T17:06:45.903272",
        "geometry_type": "Polygon",
        "is_centroid": false,
        "is_tactical": true,
        "local_street_pressure": 9.629,
        "municipality": "Fortaleza",
        "name": "Palmeiras 2",
        "nearby_streets": [
          "PALMEIRAS 2",
          "RUA JOSÉ DO CRATO",
          "SORRISO - SÃO CRISTÓVÃO"
        ],
        "nearby_streets_count": 41,
        "node_id": 83,
        "parent_area": "CONJUNTO PALMEIRAS",
        "parent_risk_level": "moderado",
        "parent_risk_score": 31.9,
        "parent_status": "MODERADO",
        "peak_hours": "Entre 15hs e 20hs",
        "rank": 83,
        "region": "fortaleza",
        "risk_score": 34.837,
        "score": 34.837,
        "source_geometry_type": "Polygon"
      },
      "type": "Feature"
    },
    {
      "geometry": {
        "coordinates": [
          [
            [
              -38.521868,
              -3.846307
            ],
            [
              -38.52357,
              -3.8526
            ],
            [
              -38.523854,
              -3.85333
            ],
            [
              -38.523847,
              -3.853693
            ],
            [
              -38.523794,
              -3.854003
            ],
            [
              -38.523775,
              -3.854377
            ],
            [
              -38.523656,
              -3.854983
            ],
            [
              -38.522793,
              -3.855367
            ],
            [
              -38.521591,
              -3.851369
            ],
            [
              -38.52042,
              -3.846857
            ],
            [
              -38.520362,
              -3.84653
            ],
            [
              -38.521313,
              -3.846387
            ],
            [
              -38.521385,
              -3.846409
            ],
            [
              -38.521868,
              -3.846307
            ]
          ]
        ],
        "type": "Polygon"
      },
      "properties": {
        "bairro": "CONJUNTO PALMEIRAS",
        "faction": "CV",
        "generated_at": "2026-07-11T17:06:45.903272",
        "geometry_type": "Polygon",
        "is_centroid": false,
        "is_tactical": true,
        "local_street_pressure": 10.391,
        "municipality": "Fortaleza",
        "name": "Rua Codó",
        "nearby_streets": [
          "RUA CODÓ",
          "JAGATÁ",
          "FAVELINHA"
        ],
        "nearby_streets_count": 36,
        "node_id": 84,
        "parent_area": "CONJUNTO PALMEIRAS",
        "parent_risk_level": "moderado",
        "parent_risk_score": 31.9,
        "parent_status": "MODERADO",
        "peak_hours": "Entre 15hs e 20hs",
        "rank": 84,
        "region": "fortaleza",
        "risk_score": 34.428,
        "score": 34.428,
        "source_geometry_type": "Polygon"
      },
      "type": "Feature"
    },
    {
      "geometry": {
        "coordinates": [
          [
            [
              -38.526932,
              -3.848806
            ],
            [
              -38.527238,
              -3.849175
            ],
            [
              -38.525969,
              -3.850243
            ],
            [
              -38.525635,
              -3.849869
            ],
            [
              -38.526932,
              -3.848806
            ]
          ]
        ],
        "type": "Polygon"
      },
      "properties": {
        "bairro": "CONJUNTO PALMEIRAS",
        "faction": "CV",
        "generated_at": "2026-07-11T17:06:45.903272",
        "geometry_type": "Polygon",
        "is_centroid": false,
        "is_tactical": true,
        "local_street_pressure": 11.019,
        "municipality": "Fortaleza",
        "name": "Favelinha do Palmeiras",
        "nearby_streets": [
          "FAVELINHA DO PALMEIRAS",
          "RUA DA FEIRA",
          "FAVELINHA"
        ],
        "nearby_streets_count": 34,
        "node_id": 85,
        "parent_area": "CONJUNTO PALMEIRAS",
        "parent_risk_level": "moderado",
        "parent_risk_score": 31.9,
        "parent_status": "MODERADO",
        "peak_hours": "Entre 15hs e 20hs",
        "rank": 85,
        "region": "fortaleza",
        "risk_score": 33.95,
        "score": 33.95,
        "source_geometry_type": "Polygon"
      },
      "type": "Feature"
    },
    {
      "geometry": {
        "coordinates": [
          [
            [
              -38.47715,
              -3.808251
            ],
            [
              -38.477326,
              -3.808259
            ],
            [
              -38.477464,
              -3.808292
            ],
            [
              -38.477782,
              -3.808358
            ],
            [
              -38.478101,
              -3.808389
            ],
            [
              -38.478074,
              -3.808518
            ],
            [
              -38.477886,
              -3.808507
            ],
            [
              -38.477843,
              -3.809278
            ],
            [
              -38.478036,
              -3.809326
            ],
            [
              -38.47802,
              -3.809481
            ],
            [
              -38.478388,
              -3.809505
            ],
            [
              -38.478388,
              -3.809564
            ],
            [
              -38.477969,
              -3.80954
            ],
            [
              -38.477865,
              -3.810664
            ],
            [
              -38.476928,
              -3.810597
            ],
            [
              -38.47715,
              -3.808251
            ]
          ]
        ],
        "type": "Polygon"
      },
      "properties": {
        "bairro": "JOSÉ DE ALENCAR",
        "faction": "CV",
        "generated_at": "2026-07-11T17:06:45.903272",
        "geometry_type": "Polygon",
        "is_centroid": false,
        "is_tactical": true,
        "local_street_pressure": 9.627,
        "municipality": "Fortaleza",
        "name": "Pantanal",
        "nearby_streets": [
          "PANTANAL",
          "AVENIDA ENGENHEIRO LEAL LIMA VERDE",
          "RUA GRANJA SÃO FRANCISCO"
        ],
        "nearby_streets_count": 40,
        "node_id": 86,
        "parent_area": "JOSÉ DE ALENCAR",
        "parent_risk_level": "moderado",
        "parent_risk_score": 33.0,
        "parent_status": "MODERADO",
        "peak_hours": "Entre 12hs e 17hs",
        "rank": 86,
        "region": "fortaleza",
        "risk_score": 33.869,
        "score": 33.869,
        "source_geometry_type": "Polygon"
      },
      "type": "Feature"
    },
    {
      "geometry": {
        "coordinates": [
          [
            [
              -38.51933,
              -3.850515
            ],
            [
              -38.521032,
              -3.849802
            ],
            [
              -38.521293,
              -3.850603
            ],
            [
              -38.521455,
              -3.851242
            ],
            [
              -38.521759,
              -3.852333
            ],
            [
              -38.522047,
              -3.853481
            ],
            [
              -38.52211,
              -3.853694
            ],
            [
              -38.522317,
              -3.854295
            ],
            [
              -38.522537,
              -3.854938
            ],
            [
              -38.522663,
              -3.855401
            ],
            [
              -38.521808,
              -3.855843
            ],
            [
              -38.521481,
              -3.854811
            ],
            [
              -38.521075,
              -3.854922
            ],
            [
              -38.51933,
              -3.850515
            ]
          ]
        ],
        "type": "Polygon"
      },
      "properties": {
        "bairro": "CONJUNTO PALMEIRAS",
        "faction": "CV",
        "generated_at": "2026-07-11T17:06:45.903272",
        "geometry_type": "Polygon",
        "is_centroid": false,
        "is_tactical": true,
        "local_street_pressure": 9.888,
        "municipality": "Fortaleza",
        "name": "Jagatá",
        "nearby_streets": [
          "JAGATÁ",
          "FAVELINHA",
          "RUA CODÓ"
        ],
        "nearby_streets_count": 36,
        "node_id": 87,
        "parent_area": "CONJUNTO PALMEIRAS",
        "parent_risk_level": "moderado",
        "parent_risk_score": 31.9,
        "parent_status": "MODERADO",
        "peak_hours": "Entre 15hs e 20hs",
        "rank": 87,
        "region": "fortaleza",
        "risk_score": 33.729,
        "score": 33.729,
        "source_geometry_type": "Polygon"
      },
      "type": "Feature"
    },
    {
      "geometry": {
        "coordinates": [
          [
            [
              -38.526154,
              -3.851385
            ],
            [
              -38.525952,
              -3.851578
            ],
            [
              -38.525577,
              -3.851893
            ],
            [
              -38.525469,
              -3.851956
            ],
            [
              -38.525244,
              -3.852167
            ],
            [
              -38.525125,
              -3.852195
            ],
            [
              -38.524542,
              -3.852674
            ],
            [
              -38.524212,
              -3.853
            ],
            [
              -38.523941,
              -3.853205
            ],
            [
              -38.523886,
              -3.853124
            ],
            [
              -38.524132,
              -3.852897
            ],
            [
              -38.525101,
              -3.852069
            ],
            [
              -38.524867,
              -3.851747
            ],
            [
              -38.524957,
              -3.851654
            ],
            [
              -38.52496,
              -3.8516
            ],
            [
              -38.525732,
              -3.85091
            ],
            [
              -38.525901,
              -3.851114
            ],
            [
              -38.525979,
              -3.851186
            ],
            [
              -38.526154,
              -3.851385
            ]
          ]
        ],
        "type": "Polygon"
      },
      "properties": {
        "bairro": "CONJUNTO PALMEIRAS",
        "faction": "CV",
        "generated_at": "2026-07-11T17:06:45.903272",
        "geometry_type": "Polygon",
        "is_centroid": false,
        "is_tactical": true,
        "local_street_pressure": 10.264,
        "municipality": "Fortaleza",
        "name": "Favelinha",
        "nearby_streets": [
          "FAVELINHA",
          "LOTEAMENTO",
          "FAVELINHA DO PALMEIRAS"
        ],
        "nearby_streets_count": 34,
        "node_id": 88,
        "parent_area": "CONJUNTO PALMEIRAS",
        "parent_risk_level": "moderado",
        "parent_risk_score": 31.9,
        "parent_status": "MODERADO",
        "peak_hours": "Entre 15hs e 20hs",
        "rank": 88,
        "region": "fortaleza",
        "risk_score": 33.436,
        "score": 33.436,
        "source_geometry_type": "Polygon"
      },
      "type": "Feature"
    },
    {
      "geometry": {
        "coordinates": [
          [
            [
              -38.488688,
              -3.741629
            ],
            [
              -38.488905,
              -3.741516
            ],
            [
              -38.489043,
              -3.741829
            ],
            [
              -38.489334,
              -3.741723
            ],
            [
              -38.489345,
              -3.741764
            ],
            [
              -38.489237,
              -3.741801
            ],
            [
              -38.489333,
              -3.742014
            ],
            [
              -38.489436,
              -3.741982
            ],
            [
              -38.48982,
              -3.743096
            ],
            [
              -38.489618,
              -3.743181
            ],
            [
              -38.488688,
              -3.741629
            ]
          ]
        ],
        "type": "Polygon"
      },
      "properties": {
        "bairro": "VARJOTA",
        "faction": "CV",
        "generated_at": "2026-07-11T17:06:45.903272",
        "geometry_type": "Polygon",
        "is_centroid": false,
        "is_tactical": true,
        "local_street_pressure": 5.136,
        "municipality": "Fortaleza",
        "name": "Comunidade Da vela",
        "nearby_streets": [
          "COMUNIDADE DA VELA",
          "COMUNIDADE DOS TRILHOS",
          "BARREIRA"
        ],
        "nearby_streets_count": 19,
        "node_id": 89,
        "parent_area": "VARJOTA",
        "parent_risk_level": "moderado",
        "parent_risk_score": 36.2,
        "parent_status": "MODERADO",
        "peak_hours": "Entre 07hs e 12hs",
        "rank": 89,
        "region": "fortaleza",
        "risk_score": 32.96,
        "score": 32.96,
        "source_geometry_type": "Polygon"
      },
      "type": "Feature"
    },
    {
      "geometry": {
        "coordinates": [
          [
            [
              -38.526941,
              -3.854837
            ],
            [
              -38.523779,
              -3.854594
            ],
            [
              -38.523901,
              -3.853434
            ],
            [
              -38.524551,
              -3.853422
            ],
            [
              -38.524587,
              -3.852909
            ],
            [
              -38.525192,
              -3.852355
            ],
            [
              -38.526164,
              -3.852444
            ],
            [
              -38.526152,
              -3.852943
            ],
            [
              -38.52757,
              -3.853051
            ],
            [
              -38.527528,
              -3.853626
            ],
            [
              -38.528211,
              -3.853659
            ],
            [
              -38.52785,
              -3.854868
            ],
            [
              -38.526941,
              -3.854837
            ]
          ]
        ],
        "type": "Polygon"
      },
      "properties": {
        "bairro": "CONJUNTO PALMEIRAS",
        "faction": "CV",
        "generated_at": "2026-07-11T17:06:45.903272",
        "geometry_type": "Polygon",
        "is_centroid": false,
        "is_tactical": true,
        "local_street_pressure": 8.859,
        "municipality": "Fortaleza",
        "name": "Loteamento",
        "nearby_streets": [
          "LOTEAMENTO",
          "FAVELINHA",
          "FAVELINHA DO PALMEIRAS"
        ],
        "nearby_streets_count": 32,
        "node_id": 90,
        "parent_area": "CONJUNTO PALMEIRAS",
        "parent_risk_level": "moderado",
        "parent_risk_score": 31.9,
        "parent_status": "MODERADO",
        "peak_hours": "Entre 15hs e 20hs",
        "rank": 90,
        "region": "fortaleza",
        "risk_score": 32.934,
        "score": 32.934,
        "source_geometry_type": "Polygon"
      },
      "type": "Feature"
    },
    {
      "geometry": {
        "coordinates": [
          [
            [
              -38.465702,
              -3.808047
            ],
            [
              -38.466115,
              -3.8091
            ],
            [
              -38.466236,
              -3.809114
            ],
            [
              -38.466571,
              -3.810118
            ],
            [
              -38.465382,
              -3.810806
            ],
            [
              -38.465039,
              -3.810193
            ],
            [
              -38.46479,
              -3.810231
            ],
            [
              -38.464299,
              -3.809916
            ],
            [
              -38.464186,
              -3.809751
            ],
            [
              -38.463833,
              -3.809752
            ],
            [
              -38.463795,
              -3.809553
            ],
            [
              -38.464055,
              -3.809425
            ],
            [
              -38.463422,
              -3.808053
            ],
            [
              -38.464338,
              -3.808053
            ],
            [
              -38.465702,
              -3.808047
            ]
          ]
        ],
        "type": "Polygon"
      },
      "properties": {
        "bairro": "JOSÉ DE ALENCAR",
        "faction": "CV",
        "generated_at": "2026-07-11T17:06:45.903272",
        "geometry_type": "Polygon",
        "is_centroid": false,
        "is_tactical": true,
        "local_street_pressure": 7.602,
        "municipality": "Fortaleza",
        "name": "Buriti",
        "nearby_streets": [
          "BURITI",
          "VIA URBANA",
          "RUA BRANCA"
        ],
        "nearby_streets_count": 38,
        "node_id": 91,
        "parent_area": "JOSÉ DE ALENCAR",
        "parent_risk_level": "moderado",
        "parent_risk_score": 33.0,
        "parent_status": "MODERADO",
        "peak_hours": "Entre 12hs e 17hs",
        "rank": 91,
        "region": "fortaleza",
        "risk_score": 32.697,
        "score": 32.697,
        "source_geometry_type": "Polygon"
      },
      "type": "Feature"
    },
    {
      "geometry": {
        "coordinates": [
          [
            [
              -38.467263,
              -3.805231
            ],
            [
              -38.467943,
              -3.805128
            ],
            [
              -38.468737,
              -3.807798
            ],
            [
              -38.467657,
              -3.807786
            ],
            [
              -38.467263,
              -3.805231
            ]
          ]
        ],
        "type": "Polygon"
      },
      "properties": {
        "bairro": "JOSÉ DE ALENCAR",
        "faction": "CV",
        "generated_at": "2026-07-11T17:06:45.903272",
        "geometry_type": "Polygon",
        "is_centroid": false,
        "is_tactical": true,
        "local_street_pressure": 7.448,
        "municipality": "Fortaleza",
        "name": "Via Urbana",
        "nearby_streets": [
          "VIA URBANA",
          "BURITI",
          "RUA GRANJA SÃO FRANCISCO"
        ],
        "nearby_streets_count": 35,
        "node_id": 92,
        "parent_area": "JOSÉ DE ALENCAR",
        "parent_risk_level": "moderado",
        "parent_risk_score": 33.0,
        "parent_status": "MODERADO",
        "peak_hours": "Entre 12hs e 17hs",
        "rank": 92,
        "region": "fortaleza",
        "risk_score": 32.379,
        "score": 32.379,
        "source_geometry_type": "Polygon"
      },
      "type": "Feature"
    },
    {
      "geometry": {
        "coordinates": [
          [
            [
              -38.529176,
              -3.845701
            ],
            [
              -38.530467,
              -3.844644
            ],
            [
              -38.531593,
              -3.846001
            ],
            [
              -38.531526,
              -3.846069
            ],
            [
              -38.531719,
              -3.846313
            ],
            [
              -38.530355,
              -3.847388
            ],
            [
              -38.53017,
              -3.84721
            ],
            [
              -38.530313,
              -3.847096
            ],
            [
              -38.529176,
              -3.845701
            ]
          ]
        ],
        "type": "Polygon"
      },
      "properties": {
        "bairro": "CONJUNTO PALMEIRAS",
        "faction": "CV",
        "generated_at": "2026-07-11T17:06:45.903272",
        "geometry_type": "Polygon",
        "is_centroid": false,
        "is_tactical": true,
        "local_street_pressure": 8.409,
        "municipality": "Conj. Palmeiras I",
        "name": "Canal - Conj. Palmeiras I",
        "nearby_streets": [
          "CANAL - CONJ. PALMEIRAS I",
          "BECO - CONJ. PALMEIRAS",
          "PISSAREIRA - CONJ. PALMEIRAS I"
        ],
        "nearby_streets_count": 19,
        "node_id": 93,
        "parent_area": "CONJUNTO PALMEIRAS",
        "parent_risk_level": "moderado",
        "parent_risk_score": 31.9,
        "parent_status": "MODERADO",
        "peak_hours": "Entre 15hs e 20hs",
        "rank": 93,
        "region": "fortaleza",
        "risk_score": 32.334,
        "score": 32.334,
        "source_geometry_type": "Polygon"
      },
      "type": "Feature"
    },
    {
      "geometry": {
        "coordinates": [
          [
            [
              -38.528451,
              -3.842125
            ],
            [
              -38.531059,
              -3.839971
            ],
            [
              -38.532438,
              -3.842223
            ],
            [
              -38.532376,
              -3.842294
            ],
            [
              -38.532711,
              -3.84267
            ],
            [
              -38.532893,
              -3.843216
            ],
            [
              -38.530772,
              -3.844894
            ],
            [
              -38.528451,
              -3.842125
            ]
          ]
        ],
        "type": "Polygon"
      },
      "properties": {
        "bairro": "CONJUNTO PALMEIRAS",
        "faction": "CV",
        "generated_at": "2026-07-11T17:06:45.903272",
        "geometry_type": "Polygon",
        "is_centroid": false,
        "is_tactical": true,
        "local_street_pressure": 7.538,
        "municipality": "Conj. Palmeiras I",
        "name": "Beira Rio - Conj. Palmeiras I",
        "nearby_streets": [
          "BEIRA RIO - CONJ. PALMEIRAS I",
          "BECO - CONJ. PALMEIRAS",
          "CANAL - CONJ. PALMEIRAS I"
        ],
        "nearby_streets_count": 19,
        "node_id": 94,
        "parent_area": "CONJUNTO PALMEIRAS",
        "parent_risk_level": "moderado",
        "parent_risk_score": 31.9,
        "parent_status": "MODERADO",
        "peak_hours": "Entre 15hs e 20hs",
        "rank": 94,
        "region": "fortaleza",
        "risk_score": 32.286,
        "score": 32.286,
        "source_geometry_type": "Polygon"
      },
      "type": "Feature"
    },
    {
      "geometry": {
        "coordinates": [
          [
            [
              -38.530037,
              -3.846811
            ],
            [
              -38.530279,
              -3.847098
            ],
            [
              -38.53017,
              -3.84721
            ],
            [
              -38.530355,
              -3.847388
            ],
            [
              -38.530471,
              -3.847664
            ],
            [
              -38.530768,
              -3.847587
            ],
            [
              -38.530832,
              -3.847776
            ],
            [
              -38.530292,
              -3.847915
            ],
            [
              -38.53028,
              -3.848043
            ],
            [
              -38.530413,
              -3.848211
            ],
            [
              -38.530576,
              -3.84832
            ],
            [
              -38.530127,
              -3.848651
            ],
            [
              -38.53004,
              -3.848479
            ],
            [
              -38.529821,
              -3.848516
            ],
            [
              -38.529767,
              -3.848399
            ],
            [
              -38.527891,
              -3.849912
            ],
            [
              -38.527278,
              -3.849122
            ],
            [
              -38.530037,
              -3.846811
            ]
          ]
        ],
        "type": "Polygon"
      },
      "properties": {
        "bairro": "CONJUNTO PALMEIRAS",
        "faction": "CV",
        "generated_at": "2026-07-11T17:06:45.903272",
        "geometry_type": "Polygon",
        "is_centroid": false,
        "is_tactical": true,
        "local_street_pressure": 7.961,
        "municipality": "Conj. Palmeiras I",
        "name": "Pissareira - Conj. Palmeiras I",
        "nearby_streets": [
          "PISSAREIRA - CONJ. PALMEIRAS I",
          "CANAL - CONJ. PALMEIRAS I",
          "AREA SEM NOME"
        ],
        "nearby_streets_count": 19,
        "node_id": 95,
        "parent_area": "CONJUNTO PALMEIRAS",
        "parent_risk_level": "moderado",
        "parent_risk_score": 31.9,
        "parent_status": "MODERADO",
        "peak_hours": "Entre 15hs e 20hs",
        "rank": 95,
        "region": "fortaleza",
        "risk_score": 32.056,
        "score": 32.056,
        "source_geometry_type": "Polygon"
      },
      "type": "Feature"
    },
    {
      "geometry": {
        "coordinates": [
          [
            [
              -38.530816,
              -3.844955
            ],
            [
              -38.532893,
              -3.843216
            ],
            [
              -38.533132,
              -3.843549
            ],
            [
              -38.533012,
              -3.843655
            ],
            [
              -38.533079,
              -3.843741
            ],
            [
              -38.533023,
              -3.843777
            ],
            [
              -38.533232,
              -3.844036
            ],
            [
              -38.533189,
              -3.84406
            ],
            [
              -38.533496,
              -3.844421
            ],
            [
              -38.532814,
              -3.84503
            ],
            [
              -38.533097,
              -3.845338
            ],
            [
              -38.532082,
              -3.846203
            ],
            [
              -38.531776,
              -3.845853
            ],
            [
              -38.531642,
              -3.845961
            ],
            [
              -38.530816,
              -3.844955
            ]
          ]
        ],
        "type": "Polygon"
      },
      "properties": {
        "bairro": "CONJUNTO PALMEIRAS",
        "faction": "CV",
        "generated_at": "2026-07-11T17:06:45.903272",
        "geometry_type": "Polygon",
        "is_centroid": false,
        "is_tactical": true,
        "local_street_pressure": 7.253,
        "municipality": "Conj. Palmeiras",
        "name": "Beco - Conj. Palmeiras",
        "nearby_streets": [
          "BECO - CONJ. PALMEIRAS",
          "CANAL - CONJ. PALMEIRAS I",
          "BEIRA RIO - CONJ. PALMEIRAS I"
        ],
        "nearby_streets_count": 19,
        "node_id": 96,
        "parent_area": "CONJUNTO PALMEIRAS",
        "parent_risk_level": "moderado",
        "parent_risk_score": 31.9,
        "parent_status": "MODERADO",
        "peak_hours": "Entre 15hs e 20hs",
        "rank": 96,
        "region": "fortaleza",
        "risk_score": 31.565,
        "score": 31.565,
        "source_geometry_type": "Polygon"
      },
      "type": "Feature"
    },
    {
      "geometry": {
        "coordinates": [
          [
            [
              -38.52746,
              -3.833362
            ],
            [
              -38.52751,
              -3.833265
            ],
            [
              -38.527701,
              -3.833045
            ],
            [
              -38.527776,
              -3.833086
            ],
            [
              -38.527893,
              -3.833204
            ],
            [
              -38.527959,
              -3.833223
            ],
            [
              -38.528305,
              -3.833211
            ],
            [
              -38.52848,
              -3.833403
            ],
            [
              -38.528245,
              -3.83367
            ],
            [
              -38.528633,
              -3.834039
            ],
            [
              -38.52871,
              -3.833962
            ],
            [
              -38.529063,
              -3.834346
            ],
            [
              -38.528911,
              -3.834536
            ],
            [
              -38.529102,
              -3.834754
            ],
            [
              -38.529077,
              -3.83485
            ],
            [
              -38.528978,
              -3.83504
            ],
            [
              -38.528783,
              -3.835224
            ],
            [
              -38.528535,
              -3.835043
            ],
            [
              -38.526727,
              -3.836732
            ],
            [
              -38.525387,
              -3.835304
            ],
            [
              -38.52746,
              -3.833362
            ]
          ]
        ],
        "type": "Polygon"
      },
      "properties": {
        "bairro": "CONJUNTO PALMEIRAS",
        "faction": "CV",
        "generated_at": "2026-07-11T17:06:45.903272",
        "geometry_type": "Polygon",
        "is_centroid": false,
        "is_tactical": true,
        "local_street_pressure": 6.746,
        "municipality": "São Cristóvão",
        "name": "Sorriso - São Cristóvão",
        "nearby_streets": [
          "SORRISO - SÃO CRISTÓVÃO",
          "RUA JOSÉ DO CRATO",
          "RUA ABENÇOADA"
        ],
        "nearby_streets_count": 21,
        "node_id": 97,
        "parent_area": "CONJUNTO PALMEIRAS",
        "parent_risk_level": "moderado",
        "parent_risk_score": 31.9,
        "parent_status": "MODERADO",
        "peak_hours": "Entre 15hs e 20hs",
        "rank": 97,
        "region": "fortaleza",
        "risk_score": 31.412,
        "score": 31.412,
        "source_geometry_type": "Polygon"
      },
      "type": "Feature"
    },
    {
      "geometry": {
        "coordinates": [
          [
            [
              -38.474645,
              -3.771534
            ],
            [
              -38.474544,
              -3.772493
            ],
            [
              -38.473375,
              -3.77238
            ],
            [
              -38.471718,
              -3.772102
            ],
            [
              -38.471703,
              -3.772037
            ],
            [
              -38.472561,
              -3.771742
            ],
            [
              -38.473331,
              -3.771534
            ],
            [
              -38.473674,
              -3.771448
            ],
            [
              -38.473859,
              -3.77142
            ],
            [
              -38.474121,
              -3.771434
            ],
            [
              -38.474645,
              -3.771534
            ]
          ]
        ],
        "type": "Polygon"
      },
      "properties": {
        "bairro": "EDSON QUEIROZ",
        "faction": "CV",
        "generated_at": "2026-07-11T17:06:45.903272",
        "geometry_type": "Polygon",
        "is_centroid": false,
        "is_tactical": true,
        "local_street_pressure": 7.283,
        "municipality": "Fortaleza",
        "name": "GS",
        "nearby_streets": [
          "GS",
          "RUA DA FEIRA",
          "BECO DO JUCÁ"
        ],
        "nearby_streets_count": 17,
        "node_id": 98,
        "parent_area": "EDSON QUEIROZ",
        "parent_risk_level": "moderado",
        "parent_risk_score": 31.1,
        "parent_status": "MODERADO",
        "peak_hours": "Entre 21hs e 02hs",
        "rank": 98,
        "region": "fortaleza",
        "risk_score": 30.873,
        "score": 30.873,
        "source_geometry_type": "Polygon"
      },
      "type": "Feature"
    },
    {
      "geometry": {
        "coordinates": [
          [
            [
              -38.473345,
              -3.772436
            ],
            [
              -38.473244,
              -3.773611
            ],
            [
              -38.472206,
              -3.773467
            ],
            [
              -38.471978,
              -3.772803
            ],
            [
              -38.471867,
              -3.772476
            ],
            [
              -38.471723,
              -3.77216
            ],
            [
              -38.473345,
              -3.772436
            ]
          ]
        ],
        "type": "Polygon"
      },
      "properties": {
        "bairro": "EDSON QUEIROZ",
        "faction": "CV",
        "generated_at": "2026-07-11T17:06:45.903272",
        "geometry_type": "Polygon",
        "is_centroid": false,
        "is_tactical": true,
        "local_street_pressure": 7.279,
        "municipality": "Fortaleza",
        "name": "Rua da Feira",
        "nearby_streets": [
          "RUA DA FEIRA",
          "GS",
          "COMUNIDADE DO MORANGUINHO DO EDSON QUEIROZ"
        ],
        "nearby_streets_count": 17,
        "node_id": 99,
        "parent_area": "EDSON QUEIROZ",
        "parent_risk_level": "moderado",
        "parent_risk_score": 31.1,
        "parent_status": "MODERADO",
        "peak_hours": "Entre 21hs e 02hs",
        "rank": 99,
        "region": "fortaleza",
        "risk_score": 30.842,
        "score": 30.842,
        "source_geometry_type": "Polygon"
      },
      "type": "Feature"
    },
    {
      "geometry": {
        "coordinates": [
          [
            [
              -38.472843,
              -3.768482
            ],
            [
              -38.472612,
              -3.771654
            ],
            [
              -38.471676,
              -3.771989
            ],
            [
              -38.471483,
              -3.771649
            ],
            [
              -38.470761,
              -3.770701
            ],
            [
              -38.470987,
              -3.770471
            ],
            [
              -38.471104,
              -3.77032
            ],
            [
              -38.47119,
              -3.77015
            ],
            [
              -38.471566,
              -3.769813
            ],
            [
              -38.471734,
              -3.769597
            ],
            [
              -38.471896,
              -3.769323
            ],
            [
              -38.472183,
              -3.768774
            ],
            [
              -38.472744,
              -3.768049
            ],
            [
              -38.472784,
              -3.76803
            ],
            [
              -38.47298,
              -3.768357
            ],
            [
              -38.472843,
              -3.768482
            ]
          ]
        ],
        "type": "Polygon"
      },
      "properties": {
        "bairro": "EDSON QUEIROZ",
        "faction": "CV",
        "generated_at": "2026-07-11T17:06:45.903272",
        "geometry_type": "Polygon",
        "is_centroid": false,
        "is_tactical": true,
        "local_street_pressure": 6.977,
        "municipality": "Fortaleza",
        "name": "Rua do Gelo",
        "nearby_streets": [
          "RUA DO GELO",
          "COMUNIDADE DA BAIXADA",
          "BECO DO JUCÁ"
        ],
        "nearby_streets_count": 15,
        "node_id": 100,
        "parent_area": "EDSON QUEIROZ",
        "parent_risk_level": "moderado",
        "parent_risk_score": 31.1,
        "parent_status": "MODERADO",
        "peak_hours": "Entre 21hs e 02hs",
        "rank": 100,
        "region": "fortaleza",
        "risk_score": 30.822,
        "score": 30.822,
        "source_geometry_type": "Polygon"
      },
      "type": "Feature"
    },
    {
      "geometry": {
        "coordinates": [
          [
            [
              -38.47308,
              -3.768652
            ],
            [
              -38.473109,
              -3.76869
            ],
            [
              -38.473137,
              -3.768675
            ],
            [
              -38.473105,
              -3.768621
            ],
            [
              -38.473177,
              -3.768578
            ],
            [
              -38.473379,
              -3.768822
            ],
            [
              -38.473326,
              -3.768908
            ],
            [
              -38.473476,
              -3.769476
            ],
            [
              -38.47369,
              -3.7694
            ],
            [
              -38.473749,
              -3.76947
            ],
            [
              -38.473953,
              -3.769925
            ],
            [
              -38.47412,
              -3.769872
            ],
            [
              -38.474227,
              -3.770203
            ],
            [
              -38.473975,
              -3.770225
            ],
            [
              -38.47394,
              -3.770502
            ],
            [
              -38.47398,
              -3.770824
            ],
            [
              -38.474182,
              -3.770782
            ],
            [
              -38.474455,
              -3.770796
            ],
            [
              -38.474455,
              -3.770887
            ],
            [
              -38.474644,
              -3.770858
            ],
            [
              -38.474704,
              -3.771266
            ],
            [
              -38.474677,
              -3.771483
            ],
            [
              -38.47391,
              -3.77136
            ],
            [
              -38.473395,
              -3.771456
            ],
            [
              -38.472652,
              -3.771654
            ],
            [
              -38.472792,
              -3.769992
            ],
            [
              -38.472896,
              -3.76874
            ],
            [
              -38.47301,
              -3.768714
            ],
            [
              -38.473008,
              -3.768689
            ],
            [
              -38.47308,
              -3.768652
            ]
          ]
        ],
        "type": "Polygon"
      },
      "properties": {
        "bairro": "EDSON QUEIROZ",
        "faction": "CV",
        "generated_at": "2026-07-11T17:06:45.903272",
        "geometry_type": "Polygon",
        "is_centroid": false,
        "is_tactical": true,
        "local_street_pressure": 6.658,
        "municipality": "Fortaleza",
        "name": "Beco do Jucá",
        "nearby_streets": [
          "BECO DO JUCÁ",
          "RUA DO GELO",
          "GS"
        ],
        "nearby_streets_count": 16,
        "node_id": 101,
        "parent_area": "EDSON QUEIROZ",
        "parent_risk_level": "moderado",
        "parent_risk_score": 31.1,
        "parent_status": "MODERADO",
        "peak_hours": "Entre 21hs e 02hs",
        "rank": 101,
        "region": "fortaleza",
        "risk_score": 30.535,
        "score": 30.535,
        "source_geometry_type": "Polygon"
      },
      "type": "Feature"
    },
    {
      "geometry": {
        "coordinates": [
          [
            [
              -38.47113,
              -3.770156
            ],
            [
              -38.471071,
              -3.77032
            ],
            [
              -38.470975,
              -3.770453
            ],
            [
              -38.470875,
              -3.770312
            ],
            [
              -38.47095,
              -3.770223
            ],
            [
              -38.470881,
              -3.770175
            ],
            [
              -38.470835,
              -3.770239
            ],
            [
              -38.470752,
              -3.770172
            ],
            [
              -38.470725,
              -3.770196
            ],
            [
              -38.470741,
              -3.770239
            ],
            [
              -38.470661,
              -3.770301
            ],
            [
              -38.470594,
              -3.770229
            ],
            [
              -38.470513,
              -3.770279
            ],
            [
              -38.470371,
              -3.770154
            ],
            [
              -38.470253,
              -3.769907
            ],
            [
              -38.470237,
              -3.76983
            ],
            [
              -38.470114,
              -3.769616
            ],
            [
              -38.470079,
              -3.769637
            ],
            [
              -38.470017,
              -3.769527
            ],
            [
              -38.47017,
              -3.769388
            ],
            [
              -38.470366,
              -3.76961
            ],
            [
              -38.470502,
              -3.769525
            ],
            [
              -38.470752,
              -3.769774
            ],
            [
              -38.470864,
              -3.769696
            ],
            [
              -38.470916,
              -3.769744
            ],
            [
              -38.471017,
              -3.769696
            ],
            [
              -38.471135,
              -3.769905
            ],
            [
              -38.47116,
              -3.770049
            ],
            [
              -38.47113,
              -3.770156
            ]
          ]
        ],
        "type": "Polygon"
      },
      "properties": {
        "bairro": "EDSON QUEIROZ",
        "faction": "CV",
        "generated_at": "2026-07-11T17:06:45.903272",
        "geometry_type": "Polygon",
        "is_centroid": false,
        "is_tactical": true,
        "local_street_pressure": 6.909,
        "municipality": "Fortaleza",
        "name": "Comunidade da Baixada",
        "nearby_streets": [
          "COMUNIDADE DA BAIXADA",
          "RUA DO GELO",
          "BECO DO JUCÁ"
        ],
        "nearby_streets_count": 15,
        "node_id": 102,
        "parent_area": "EDSON QUEIROZ",
        "parent_risk_level": "moderado",
        "parent_risk_score": 31.1,
        "parent_status": "MODERADO",
        "peak_hours": "Entre 21hs e 02hs",
        "rank": 102,
        "region": "fortaleza",
        "risk_score": 30.512,
        "score": 30.512,
        "source_geometry_type": "Polygon"
      },
      "type": "Feature"
    },
    {
      "geometry": {
        "coordinates": [
          [
            [
              -38.474536,
              -3.772554
            ],
            [
              -38.474638,
              -3.772934
            ],
            [
              -38.474775,
              -3.773267
            ],
            [
              -38.474831,
              -3.773268
            ],
            [
              -38.474938,
              -3.773555
            ],
            [
              -38.47498,
              -3.773897
            ],
            [
              -38.47519,
              -3.77455
            ],
            [
              -38.475555,
              -3.775108
            ],
            [
              -38.475575,
              -3.775256
            ],
            [
              -38.475649,
              -3.775255
            ],
            [
              -38.475646,
              -3.775375
            ],
            [
              -38.475708,
              -3.775382
            ],
            [
              -38.475685,
              -3.775598
            ],
            [
              -38.475227,
              -3.775596
            ],
            [
              -38.475227,
              -3.775549
            ],
            [
              -38.474985,
              -3.775542
            ],
            [
              -38.474981,
              -3.775361
            ],
            [
              -38.474729,
              -3.775348
            ],
            [
              -38.474734,
              -3.77507
            ],
            [
              -38.474486,
              -3.775035
            ],
            [
              -38.474454,
              -3.775533
            ],
            [
              -38.474423,
              -3.775525
            ],
            [
              -38.474372,
              -3.776352
            ],
            [
              -38.474269,
              -3.77635
            ],
            [
              -38.474269,
              -3.776298
            ],
            [
              -38.474044,
              -3.776281
            ],
            [
              -38.474042,
              -3.776218
            ],
            [
              -38.473923,
              -3.776208
            ],
            [
              -38.473922,
              -3.776309
            ],
            [
              -38.473392,
              -3.77628
            ],
            [
              -38.473068,
              -3.77572
            ],
            [
              -38.472765,
              -3.774891
            ],
            [
              -38.472206,
              -3.773467
            ],
            [
              -38.473274,
              -3.773632
            ],
            [
              -38.473394,
              -3.772442
            ],
            [
              -38.474536,
              -3.772554
            ]
          ]
        ],
        "type": "Polygon"
      },
      "properties": {
        "bairro": "EDSON QUEIROZ",
        "faction": "CV",
        "generated_at": "2026-07-11T17:06:45.903272",
        "geometry_type": "Polygon",
        "is_centroid": false,
        "is_tactical": true,
        "local_street_pressure": 5.934,
        "municipality": "Fortaleza",
        "name": "Comunidade do Moranguinho do Edson Queiroz",
        "nearby_streets": [
          "COMUNIDADE DO MORANGUINHO DO EDSON QUEIROZ",
          "ROCINHA",
          "RUA DA FEIRA"
        ],
        "nearby_streets_count": 16,
        "node_id": 103,
        "parent_area": "EDSON QUEIROZ",
        "parent_risk_level": "moderado",
        "parent_risk_score": 31.1,
        "parent_status": "MODERADO",
        "peak_hours": "Entre 21hs e 02hs",
        "rank": 103,
        "region": "fortaleza",
        "risk_score": 30.329,
        "score": 30.329,
        "source_geometry_type": "Polygon"
      },
      "type": "Feature"
    },
    {
      "geometry": {
        "coordinates": [
          [
            [
              -38.469908,
              -3.771836
            ],
            [
              -38.468556,
              -3.772313
            ],
            [
              -38.468846,
              -3.773137
            ],
            [
              -38.467596,
              -3.77356
            ],
            [
              -38.467038,
              -3.771981
            ],
            [
              -38.467161,
              -3.771938
            ],
            [
              -38.467075,
              -3.771585
            ],
            [
              -38.467226,
              -3.771542
            ],
            [
              -38.467301,
              -3.771874
            ],
            [
              -38.467639,
              -3.771788
            ],
            [
              -38.467515,
              -3.77144
            ],
            [
              -38.4678,
              -3.771349
            ],
            [
              -38.467939,
              -3.771703
            ],
            [
              -38.468304,
              -3.771581
            ],
            [
              -38.468256,
              -3.771389
            ],
            [
              -38.468374,
              -3.771378
            ],
            [
              -38.468234,
              -3.770923
            ],
            [
              -38.468824,
              -3.770816
            ],
            [
              -38.468953,
              -3.771298
            ],
            [
              -38.469189,
              -3.771185
            ],
            [
              -38.469221,
              -3.771303
            ],
            [
              -38.469119,
              -3.771335
            ],
            [
              -38.469167,
              -3.771453
            ],
            [
              -38.469575,
              -3.771314
            ],
            [
              -38.46958,
              -3.771228
            ],
            [
              -38.46972,
              -3.771223
            ],
            [
              -38.469924,
              -3.77171
            ],
            [
              -38.469908,
              -3.771836
            ]
          ]
        ],
        "type": "Polygon"
      },
      "properties": {
        "bairro": "EDSON QUEIROZ",
        "faction": "CV",
        "generated_at": "2026-07-11T17:06:45.903272",
        "geometry_type": "Polygon",
        "is_centroid": false,
        "is_tactical": true,
        "local_street_pressure": 6.083,
        "municipality": "Fortaleza",
        "name": "Comunidade do Pom",
        "nearby_streets": [
          "COMUNIDADE DO POM",
          "COMUNIDADE DA BAIXADA",
          "RUA DO GELO"
        ],
        "nearby_streets_count": 15,
        "node_id": 104,
        "parent_area": "EDSON QUEIROZ",
        "parent_risk_level": "moderado",
        "parent_risk_score": 31.1,
        "parent_status": "MODERADO",
        "peak_hours": "Entre 21hs e 02hs",
        "rank": 104,
        "region": "fortaleza",
        "risk_score": 30.172,
        "score": 30.172,
        "source_geometry_type": "Polygon"
      },
      "type": "Feature"
    },
    {
      "geometry": {
        "coordinates": [
          [
            [
              -38.470168,
              -3.776459
            ],
            [
              -38.468604,
              -3.775795
            ],
            [
              -38.468663,
              -3.775624
            ],
            [
              -38.468771,
              -3.775613
            ],
            [
              -38.469688,
              -3.775249
            ],
            [
              -38.470112,
              -3.776315
            ],
            [
              -38.470172,
              -3.776292
            ],
            [
              -38.470226,
              -3.776436
            ],
            [
              -38.470168,
              -3.776459
            ]
          ]
        ],
        "type": "Polygon"
      },
      "properties": {
        "bairro": "EDSON QUEIROZ",
        "faction": "CV",
        "generated_at": "2026-07-11T17:06:45.903272",
        "geometry_type": "Polygon",
        "is_centroid": false,
        "is_tactical": true,
        "local_street_pressure": 6.382,
        "municipality": "Fortaleza",
        "name": "Sem Terra",
        "nearby_streets": [
          "SEM TERRA",
          "AREA SEM NOME",
          "COMUNIDADE DO POM"
        ],
        "nearby_streets_count": 17,
        "node_id": 105,
        "parent_area": "EDSON QUEIROZ",
        "parent_risk_level": "moderado",
        "parent_risk_score": 31.1,
        "parent_status": "MODERADO",
        "peak_hours": "Entre 21hs e 02hs",
        "rank": 105,
        "region": "fortaleza",
        "risk_score": 30.169,
        "score": 30.169,
        "source_geometry_type": "Polygon"
      },
      "type": "Feature"
    },
    {
      "geometry": {
        "coordinates": [
          [
            [
              -38.475729,
              -3.775406
            ],
            [
              -38.475844,
              -3.775422
            ],
            [
              -38.476239,
              -3.775904
            ],
            [
              -38.476373,
              -3.776104
            ],
            [
              -38.476418,
              -3.776332
            ],
            [
              -38.476311,
              -3.777183
            ],
            [
              -38.47633,
              -3.777322
            ],
            [
              -38.4764,
              -3.777445
            ],
            [
              -38.476365,
              -3.77755
            ],
            [
              -38.475566,
              -3.777461
            ],
            [
              -38.475622,
              -3.776779
            ],
            [
              -38.475574,
              -3.776779
            ],
            [
              -38.475598,
              -3.776482
            ],
            [
              -38.475657,
              -3.776479
            ],
            [
              -38.475662,
              -3.776302
            ],
            [
              -38.475678,
              -3.776155
            ],
            [
              -38.475708,
              -3.775952
            ],
            [
              -38.475724,
              -3.775743
            ],
            [
              -38.475711,
              -3.775616
            ],
            [
              -38.475729,
              -3.775406
            ]
          ]
        ],
        "type": "Polygon"
      },
      "properties": {
        "bairro": "EDSON QUEIROZ",
        "faction": "CV",
        "generated_at": "2026-07-11T17:06:45.903272",
        "geometry_type": "Polygon",
        "is_centroid": false,
        "is_tactical": true,
        "local_street_pressure": 6.023,
        "municipality": "Fortaleza",
        "name": "Rocinha",
        "nearby_streets": [
          "ROCINHA",
          "COMUNIDADE DO MORANGUINHO DO EDSON QUEIROZ",
          "RUA DA FEIRA"
        ],
        "nearby_streets_count": 21,
        "node_id": 106,
        "parent_area": "EDSON QUEIROZ",
        "parent_risk_level": "moderado",
        "parent_risk_score": 31.1,
        "parent_status": "MODERADO",
        "peak_hours": "Entre 21hs e 02hs",
        "rank": 106,
        "region": "fortaleza",
        "risk_score": 29.954,
        "score": 29.954,
        "source_geometry_type": "Polygon"
      },
      "type": "Feature"
    },
    {
      "geometry": {
        "coordinates": [
          [
            [
              -38.464083,
              -3.772483
            ],
            [
              -38.464158,
              -3.773698
            ],
            [
              -38.464057,
              -3.773692
            ],
            [
              -38.464062,
              -3.774083
            ],
            [
              -38.463982,
              -3.774088
            ],
            [
              -38.464003,
              -3.774228
            ],
            [
              -38.463745,
              -3.774233
            ],
            [
              -38.463692,
              -3.774094
            ],
            [
              -38.463563,
              -3.774169
            ],
            [
              -38.463552,
              -3.774313
            ],
            [
              -38.463558,
              -3.774538
            ],
            [
              -38.463359,
              -3.774618
            ],
            [
              -38.46337,
              -3.774747
            ],
            [
              -38.462978,
              -3.774865
            ],
            [
              -38.46286,
              -3.774618
            ],
            [
              -38.462528,
              -3.774752
            ],
            [
              -38.462404,
              -3.774533
            ],
            [
              -38.462324,
              -3.774479
            ],
            [
              -38.461804,
              -3.774597
            ],
            [
              -38.461846,
              -3.774795
            ],
            [
              -38.461058,
              -3.775036
            ],
            [
              -38.460832,
              -3.774222
            ],
            [
              -38.460639,
              -3.774249
            ],
            [
              -38.460339,
              -3.773687
            ],
            [
              -38.460516,
              -3.773542
            ],
            [
              -38.460682,
              -3.773601
            ],
            [
              -38.460768,
              -3.773821
            ],
            [
              -38.461149,
              -3.773741
            ],
            [
              -38.461079,
              -3.773526
            ],
            [
              -38.460999,
              -3.773548
            ],
            [
              -38.460902,
              -3.773018
            ],
            [
              -38.461085,
              -3.772986
            ],
            [
              -38.461187,
              -3.773393
            ],
            [
              -38.461235,
              -3.773489
            ],
            [
              -38.46145,
              -3.773473
            ],
            [
              -38.461417,
              -3.773227
            ],
            [
              -38.46182,
              -3.773141
            ],
            [
              -38.461884,
              -3.773366
            ],
            [
              -38.462217,
              -3.773275
            ],
            [
              -38.462131,
              -3.772761
            ],
            [
              -38.462345,
              -3.772734
            ],
            [
              -38.462383,
              -3.77312
            ],
            [
              -38.462447,
              -3.773398
            ],
            [
              -38.462834,
              -3.773264
            ],
            [
              -38.462887,
              -3.773098
            ],
            [
              -38.46308,
              -3.773034
            ],
            [
              -38.462892,
              -3.772691
            ],
            [
              -38.462817,
              -3.772734
            ],
            [
              -38.462732,
              -3.77252
            ],
            [
              -38.46307,
              -3.772242
            ],
            [
              -38.463193,
              -3.772397
            ],
            [
              -38.463445,
              -3.772242
            ],
            [
              -38.463536,
              -3.772269
            ],
            [
              -38.463408,
              -3.772649
            ],
            [
              -38.4633,
              -3.773055
            ],
            [
              -38.463381,
              -3.772959
            ],
            [
              -38.463526,
              -3.772975
            ],
            [
              -38.463509,
              -3.773077
            ],
            [
              -38.463762,
              -3.773072
            ],
            [
              -38.463772,
              -3.772552
            ],
            [
              -38.463906,
              -3.772493
            ],
            [
              -38.464083,
              -3.772483
            ]
          ]
        ],
        "type": "Polygon"
      },
      "properties": {
        "bairro": "EDSON QUEIROZ",
        "faction": "CV",
        "generated_at": "2026-07-11T17:06:45.903272",
        "geometry_type": "Polygon",
        "is_centroid": false,
        "is_tactical": true,
        "local_street_pressure": 4.65,
        "municipality": "Fortaleza",
        "name": "Dendê",
        "nearby_streets": [
          "DENDÊ",
          "APÊ",
          "AREA SEM NOME"
        ],
        "nearby_streets_count": 13,
        "node_id": 107,
        "parent_area": "EDSON QUEIROZ",
        "parent_risk_level": "moderado",
        "parent_risk_score": 31.1,
        "parent_status": "MODERADO",
        "peak_hours": "Entre 21hs e 02hs",
        "rank": 107,
        "region": "fortaleza",
        "risk_score": 29.301,
        "score": 29.301,
        "source_geometry_type": "Polygon"
      },
      "type": "Feature"
    },
    {
      "geometry": {
        "coordinates": [
          [
            [
              [
                -38.456619,
                -3.773692
              ],
              [
                -38.452229,
                -3.776094
              ],
              [
                -38.452116,
                -3.775918
              ],
              [
                -38.452245,
                -3.775843
              ],
              [
                -38.452186,
                -3.775671
              ],
              [
                -38.454999,
                -3.774112
              ],
              [
                -38.454927,
                -3.773932
              ],
              [
                -38.455216,
                -3.77379
              ],
              [
                -38.455064,
                -3.773488
              ],
              [
                -38.455726,
                -3.773135
              ],
              [
                -38.455925,
                -3.77352
              ],
              [
                -38.456236,
                -3.773336
              ],
              [
                -38.456354,
                -3.773552
              ],
              [
                -38.456496,
                -3.773494
              ],
              [
                -38.456619,
                -3.773692
              ]
            ]
          ],
          [
            [
              [
                -38.456619,
                -3.773692
              ],
              [
                -38.457425,
                -3.773249
              ],
              [
                -38.456871,
                -3.77226
              ],
              [
                -38.4573,
                -3.772044
              ],
              [
                -38.457276,
                -3.771931
              ],
              [
                -38.45741,
                -3.771856
              ],
              [
                -38.457359,
                -3.771768
              ],
              [
                -38.457523,
                -3.771672
              ],
              [
                -38.45745,
                -3.771543
              ],
              [
                -38.457657,
                -3.771423
              ],
              [
                -38.457606,
                -3.771289
              ],
              [
                -38.457786,
                -3.771203
              ],
              [
                -38.45774,
                -3.771123
              ],
              [
                -38.457933,
                -3.771037
              ],
              [
                -38.457995,
                -3.771152
              ],
              [
                -38.458177,
                -3.771045
              ],
              [
                -38.458244,
                -3.771168
              ],
              [
                -38.458636,
                -3.770954
              ],
              [
                -38.458719,
                -3.771104
              ],
              [
                -38.458333,
                -3.7713
              ],
              [
                -38.458338,
                -3.771348
              ],
              [
                -38.458035,
                -3.771658
              ],
              [
                -38.458242,
                -3.772006
              ],
              [
                -38.458386,
                -3.77191
              ],
              [
                -38.45859,
                -3.772311
              ],
              [
                -38.458661,
                -3.772574
              ],
              [
                -38.456619,
                -3.773692
              ]
            ]
          ]
        ],
        "type": "MultiPolygon"
      },
      "properties": {
        "bairro": "EDSON QUEIROZ",
        "faction": "CV",
        "generated_at": "2026-07-11T17:06:45.903272",
        "geometry_type": "MultiPolygon",
        "is_centroid": false,
        "is_tactical": true,
        "local_street_pressure": 3.419,
        "municipality": "Fortaleza",
        "name": "Apê",
        "nearby_streets": [
          "APÊ",
          "DENDÊ",
          "AREA SEM NOME"
        ],
        "nearby_streets_count": 15,
        "node_id": 108,
        "parent_area": "EDSON QUEIROZ",
        "parent_risk_level": "moderado",
        "parent_risk_score": 31.1,
        "parent_status": "MODERADO",
        "peak_hours": "Entre 21hs e 02hs",
        "rank": 108,
        "region": "fortaleza",
        "risk_score": 28.382,
        "score": 28.382,
        "source_geometry_type": "MultiPolygon"
      },
      "type": "Feature"
    }
  ],
  "metadata": {
    "generated_at": "2026-07-11T17:06:45.903272",
    "region": "capital",
    "source": "Sentinela Micronodes Dynamic Overlay",
    "threshold_min_score": 31.0,
    "total": 108
  },
  "type": "FeatureCollection"
}